{"type":"FeatureCollection","schema_version":"1.0","retrieved_at":"2026-09-27T04:10:09.044443+00:00","coverage_note":"覆盖都昌县24乡镇的公开聚落地名候选点，非完整行政村/自然村名录。OSM与GeoNames条目保留来源及更新日期；下载日期不表示实地核验或当年更新。乡镇数量不是官方村覆盖率。自然/行政村级别、人口及老年比例未经核验，不补猜。","sources":[{"id":"osm","name":"OpenStreetMap contributors","url":"https://www.openstreetmap.org/copyright","license":"ODbL 1.0"},{"id":"geonames","name":"GeoNames","url":"https://download.geonames.org/export/dump/readme.txt","license":"CC BY 4.0"}],"license_note":"本合并派生数据库按ODbL 1.0保留OpenStreetMap署名；同时保留GeoNames CC BY 4.0署名和原始来源。","features":[{"type":"Feature","id":"geonames-12561815","geometry":{"type":"Point","coordinates":[116.51478,29.23053]},"properties":{"id":"geonames-12561815","name":"万户村","township_name":"万户镇","source_url":"https://www.geonames.org/12561815/","source_id":"12561815","source_type":"geonames","source_updated_at":"2023-09-07","retrieved_at":"2026-09-27T04:01:28.254836+00:00","coordinate_source":"GeoNames PPL 聚落地名点（WGS84；可能为旧位置或近似中心）","coordinate_precision":"approximate","settlement_level":"unknown","kind":"settlement","verification_status":"publicly_listed","population":null,"elderly_ratio":null,"aliases":["Wanhucun","wan hu cun"],"sources":[{"id":"geonames-12561815","source_id":"12561815","source_type":"geonames","name":"万户村","url":"https://www.geonames.org/12561815/","license":"CC BY 4.0; GeoNames","source_updated_at":"2023-09-07","retrieved_at":"2026-09-27T04:01:28.254836+00:00","coordinate_source":"GeoNames PPL 聚落地名点（WGS84；可能为旧位置或近似中心）","coordinate_precision":"approximate","coordinates":[116.51478,29.23053],"source_feature_type":"PPL"}],"potential_duplicate":false,"potential_duplicate_ids":[],"township_assignment":"OSM乡界多边形空间归属；并非法定隶属核验","deduplication_note":null}},{"type":"Feature","id":"geonames-7636472","geometry":{"type":"Point","coordinates":[116.49463,29.28614]},"properties":{"id":"geonames-7636472","name":"东升村","township_name":"万户镇","source_url":"https://www.geonames.org/7636472/","source_id":"7636472","source_type":"geonames","source_updated_at":"2023-09-06","retrieved_at":"2026-09-27T04:01:28.254836+00:00","coordinate_source":"GeoNames PPL 聚落地名点（WGS84；可能为旧位置或近似中心）","coordinate_precision":"approximate","settlement_level":"unknown","kind":"settlement","verification_status":"publicly_listed","population":null,"elderly_ratio":null,"aliases":["Dongsheng","Dongshengcun","dong sheng","dong sheng cun","东升"],"sources":[{"id":"geonames-7636472","source_id":"7636472","source_type":"geonames","name":"东升村","url":"https://www.geonames.org/7636472/","license":"CC BY 4.0; GeoNames","source_updated_at":"2023-09-06","retrieved_at":"2026-09-27T04:01:28.254836+00:00","coordinate_source":"GeoNames PPL 聚落地名点（WGS84；可能为旧位置或近似中心）","coordinate_precision":"approximate","coordinates":[116.49463,29.28614],"source_feature_type":"PPL"}],"potential_duplicate":false,"potential_duplicate_ids":[],"township_assignment":"OSM乡界多边形空间归属；并非法定隶属核验","deduplication_note":null}},{"type":"Feature","id":"geonames-7636401","geometry":{"type":"Point","coordinates":[116.49488,29.24057]},"properties":{"id":"geonames-7636401","name":"东岸咀","township_name":"万户镇","source_url":"https://www.geonames.org/7636401/","source_id":"7636401","source_type":"geonames","source_updated_at":"2023-09-06","retrieved_at":"2026-09-27T04:01:28.254836+00:00","coordinate_source":"GeoNames PPL 聚落地名点（WGS84；可能为旧位置或近似中心）","coordinate_precision":"approximate","settlement_level":"unknown","kind":"settlement","verification_status":"publicly_listed","population":null,"elderly_ratio":null,"aliases":["Dong'anzui","Dong’anzui","dong an ju"],"sources":[{"id":"geonames-7636401","source_id":"7636401","source_type":"geonames","name":"东岸咀","url":"https://www.geonames.org/7636401/","license":"CC BY 4.0; GeoNames","source_updated_at":"2023-09-06","retrieved_at":"2026-09-27T04:01:28.254836+00:00","coordinate_source":"GeoNames PPL 聚落地名点（WGS84；可能为旧位置或近似中心）","coordinate_precision":"approximate","coordinates":[116.49488,29.24057],"source_feature_type":"PPL"}],"potential_duplicate":false,"potential_duplicate_ids":[],"township_assignment":"OSM乡界多边形空间归属；并非法定隶属核验","deduplication_note":null}},{"type":"Feature","id":"geonames-12561772","geometry":{"type":"Point","coordinates":[116.50829,29.23739]},"properties":{"id":"geonames-12561772","name":"刘仲村","township_name":"万户镇","source_url":"https://www.geonames.org/12561772/","source_id":"12561772","source_type":"geonames","source_updated_at":"2023-09-07","retrieved_at":"2026-09-27T04:01:28.254836+00:00","coordinate_source":"GeoNames PPL 聚落地名点（WGS84；可能为旧位置或近似中心）","coordinate_precision":"approximate","settlement_level":"unknown","kind":"settlement","verification_status":"publicly_listed","population":null,"elderly_ratio":null,"aliases":["Liuzhongcun","liu zhong cun"],"sources":[{"id":"geonames-12561772","source_id":"12561772","source_type":"geonames","name":"刘仲村","url":"https://www.geonames.org/12561772/","license":"CC BY 4.0; GeoNames","source_updated_at":"2023-09-07","retrieved_at":"2026-09-27T04:01:28.254836+00:00","coordinate_source":"GeoNames PPL 聚落地名点（WGS84；可能为旧位置或近似中心）","coordinate_precision":"approximate","coordinates":[116.50829,29.23739],"source_feature_type":"PPL"}],"potential_duplicate":false,"potential_duplicate_ids":[],"township_assignment":"OSM乡界多边形空间归属；并非法定隶属核验","deduplication_note":null}},{"type":"Feature","id":"geonames-12561856","geometry":{"type":"Point","coordinates":[116.49871,29.21117]},"properties":{"id":"geonames-12561856","name":"塘美村","township_name":"万户镇","source_url":"https://www.geonames.org/12561856/","source_id":"12561856","source_type":"geonames","source_updated_at":"2023-09-07","retrieved_at":"2026-09-27T04:01:28.254836+00:00","coordinate_source":"GeoNames PPL 聚落地名点（WGS84；可能为旧位置或近似中心）","coordinate_precision":"approximate","settlement_level":"unknown","kind":"settlement","verification_status":"publicly_listed","population":null,"elderly_ratio":null,"aliases":["Tangmeicun","tang mei cun"],"sources":[{"id":"geonames-12561856","source_id":"12561856","source_type":"geonames","name":"塘美村","url":"https://www.geonames.org/12561856/","license":"CC BY 4.0; GeoNames","source_updated_at":"2023-09-07","retrieved_at":"2026-09-27T04:01:28.254836+00:00","coordinate_source":"GeoNames PPL 聚落地名点（WGS84；可能为旧位置或近似中心）","coordinate_precision":"approximate","coordinates":[116.49871,29.21117],"source_feature_type":"PPL"}],"potential_duplicate":false,"potential_duplicate_ids":[],"township_assignment":"OSM乡界多边形空间归属；并非法定隶属核验","deduplication_note":null}},{"type":"Feature","id":"geonames-7636622","geometry":{"type":"Point","coordinates":[116.51635,29.21262]},"properties":{"id":"geonames-7636622","name":"大屋村","township_name":"万户镇","source_url":"https://www.geonames.org/7636622/","source_id":"7636622","source_type":"geonames","source_updated_at":"2023-09-06","retrieved_at":"2026-09-27T04:01:28.254836+00:00","coordinate_source":"GeoNames PPL 聚落地名点（WGS84；可能为旧位置或近似中心）","coordinate_precision":"approximate","settlement_level":"unknown","kind":"settlement","verification_status":"publicly_listed","population":null,"elderly_ratio":null,"aliases":["Dawu","Dawucun","da wu","da wu cun","大屋"],"sources":[{"id":"geonames-7636622","source_id":"7636622","source_type":"geonames","name":"大屋村","url":"https://www.geonames.org/7636622/","license":"CC BY 4.0; GeoNames","source_updated_at":"2023-09-06","retrieved_at":"2026-09-27T04:01:28.254836+00:00","coordinate_source":"GeoNames PPL 聚落地名点（WGS84；可能为旧位置或近似中心）","coordinate_precision":"approximate","coordinates":[116.51635,29.21262],"source_feature_type":"PPL"}],"potential_duplicate":false,"potential_duplicate_ids":[],"township_assignment":"OSM乡界多边形空间归属；并非法定隶属核验","deduplication_note":null}},{"type":"Feature","id":"geonames-7636509","geometry":{"type":"Point","coordinates":[116.48943,29.25229]},"properties":{"id":"geonames-7636509","name":"宋家","township_name":"万户镇","source_url":"https://www.geonames.org/7636509/","source_id":"7636509","source_type":"geonames","source_updated_at":"2023-09-06","retrieved_at":"2026-09-27T04:01:28.254836+00:00","coordinate_source":"GeoNames PPL 聚落地名点（WGS84；可能为旧位置或近似中心）","coordinate_precision":"approximate","settlement_level":"unknown","kind":"settlement","verification_status":"publicly_listed","population":null,"elderly_ratio":null,"aliases":["Songjia","song jia"],"sources":[{"id":"geonames-7636509","source_id":"7636509","source_type":"geonames","name":"宋家","url":"https://www.geonames.org/7636509/","license":"CC BY 4.0; GeoNames","source_updated_at":"2023-09-06","retrieved_at":"2026-09-27T04:01:28.254836+00:00","coordinate_source":"GeoNames PPL 聚落地名点（WGS84；可能为旧位置或近似中心）","coordinate_precision":"approximate","coordinates":[116.48943,29.25229],"source_feature_type":"PPL"}],"potential_duplicate":false,"potential_duplicate_ids":[],"township_assignment":"OSM乡界多边形空间归属；并非法定隶属核验","deduplication_note":null}},{"type":"Feature","id":"geonames-7636311","geometry":{"type":"Point","coordinates":[116.50538,29.20433]},"properties":{"id":"geonames-7636311","name":"惜光村","township_name":"万户镇","source_url":"https://www.geonames.org/7636311/","source_id":"7636311","source_type":"geonames","source_updated_at":"2023-09-06","retrieved_at":"2026-09-27T04:01:28.254836+00:00","coordinate_source":"GeoNames PPL 聚落地名点（WGS84；可能为旧位置或近似中心）","coordinate_precision":"approximate","settlement_level":"unknown","kind":"settlement","verification_status":"publicly_listed","population":null,"elderly_ratio":null,"aliases":["Xiguang","Xiguangcun","xi guang","xi guang cun","惜光"],"sources":[{"id":"geonames-7636311","source_id":"7636311","source_type":"geonames","name":"惜光村","url":"https://www.geonames.org/7636311/","license":"CC BY 4.0; GeoNames","source_updated_at":"2023-09-06","retrieved_at":"2026-09-27T04:01:28.254836+00:00","coordinate_source":"GeoNames PPL 聚落地名点（WGS84；可能为旧位置或近似中心）","coordinate_precision":"approximate","coordinates":[116.50538,29.20433],"source_feature_type":"PPL"}],"potential_duplicate":false,"potential_duplicate_ids":[],"township_assignment":"OSM乡界多边形空间归属；并非法定隶属核验","deduplication_note":null}},{"type":"Feature","id":"geonames-12561857","geometry":{"type":"Point","coordinates":[116.51319,29.22146]},"properties":{"id":"geonames-12561857","name":"新屋村","township_name":"万户镇","source_url":"https://www.geonames.org/12561857/","source_id":"12561857","source_type":"geonames","source_updated_at":"2023-09-07","retrieved_at":"2026-09-27T04:01:28.254836+00:00","coordinate_source":"GeoNames PPL 聚落地名点（WGS84；可能为旧位置或近似中心）","coordinate_precision":"approximate","settlement_level":"unknown","kind":"settlement","verification_status":"publicly_listed","population":null,"elderly_ratio":null,"aliases":["Xinwucun","xin wu cun"],"sources":[{"id":"geonames-12561857","source_id":"12561857","source_type":"geonames","name":"新屋村","url":"https://www.geonames.org/12561857/","license":"CC BY 4.0; GeoNames","source_updated_at":"2023-09-07","retrieved_at":"2026-09-27T04:01:28.254836+00:00","coordinate_source":"GeoNames PPL 聚落地名点（WGS84；可能为旧位置或近似中心）","coordinate_precision":"approximate","coordinates":[116.51319,29.22146],"source_feature_type":"PPL"}],"potential_duplicate":false,"potential_duplicate_ids":[],"township_assignment":"OSM乡界多边形空间归属；并非法定隶属核验","deduplication_note":null}},{"type":"Feature","id":"geonames-7635940","geometry":{"type":"Point","coordinates":[116.50202,29.27331]},"properties":{"id":"geonames-7635940","name":"曹宽垄","township_name":"万户镇","source_url":"https://www.geonames.org/7635940/","source_id":"7635940","source_type":"geonames","source_updated_at":"2023-09-06","retrieved_at":"2026-09-27T04:01:28.254836+00:00","coordinate_source":"GeoNames PPL 聚落地名点（WGS84；可能为旧位置或近似中心）","coordinate_precision":"approximate","settlement_level":"unknown","kind":"settlement","verification_status":"publicly_listed","population":null,"elderly_ratio":null,"aliases":["Caokuanlong","cao kuan long"],"sources":[{"id":"geonames-7635940","source_id":"7635940","source_type":"geonames","name":"曹宽垄","url":"https://www.geonames.org/7635940/","license":"CC BY 4.0; GeoNames","source_updated_at":"2023-09-06","retrieved_at":"2026-09-27T04:01:28.254836+00:00","coordinate_source":"GeoNames PPL 聚落地名点（WGS84；可能为旧位置或近似中心）","coordinate_precision":"approximate","coordinates":[116.50202,29.27331],"source_feature_type":"PPL"}],"potential_duplicate":false,"potential_duplicate_ids":[],"township_assignment":"OSM乡界多边形空间归属；并非法定隶属核验","deduplication_note":null}},{"type":"Feature","id":"geonames-7636443","geometry":{"type":"Point","coordinates":[116.50825,29.23573]},"properties":{"id":"geonames-7636443","name":"杨世彬","township_name":"万户镇","source_url":"https://www.geonames.org/7636443/","source_id":"7636443","source_type":"geonames","source_updated_at":"2023-09-06","retrieved_at":"2026-09-27T04:01:28.254836+00:00","coordinate_source":"GeoNames PPL 聚落地名点（WGS84；可能为旧位置或近似中心）","coordinate_precision":"approximate","settlement_level":"unknown","kind":"settlement","verification_status":"publicly_listed","population":null,"elderly_ratio":null,"aliases":["Yangshibin","yang shi bin"],"sources":[{"id":"geonames-7636443","source_id":"7636443","source_type":"geonames","name":"杨世彬","url":"https://www.geonames.org/7636443/","license":"CC BY 4.0; GeoNames","source_updated_at":"2023-09-06","retrieved_at":"2026-09-27T04:01:28.254836+00:00","coordinate_source":"GeoNames PPL 聚落地名点（WGS84；可能为旧位置或近似中心）","coordinate_precision":"approximate","coordinates":[116.50825,29.23573],"source_feature_type":"PPL"}],"potential_duplicate":false,"potential_duplicate_ids":[],"township_assignment":"OSM乡界多边形空间归属；并非法定隶属核验","deduplication_note":null}},{"type":"Feature","id":"geonames-12561875","geometry":{"type":"Point","coordinates":[116.51507,29.27623]},"properties":{"id":"geonames-12561875","name":"杨桥村","township_name":"万户镇","source_url":"https://www.geonames.org/12561875/","source_id":"12561875","source_type":"geonames","source_updated_at":"2023-09-07","retrieved_at":"2026-09-27T04:01:28.254836+00:00","coordinate_source":"GeoNames PPL 聚落地名点（WGS84；可能为旧位置或近似中心）","coordinate_precision":"approximate","settlement_level":"unknown","kind":"settlement","verification_status":"publicly_listed","population":null,"elderly_ratio":null,"aliases":["Yangqiaocun","yang qiao cun"],"sources":[{"id":"geonames-12561875","source_id":"12561875","source_type":"geonames","name":"杨桥村","url":"https://www.geonames.org/12561875/","license":"CC BY 4.0; GeoNames","source_updated_at":"2023-09-07","retrieved_at":"2026-09-27T04:01:28.254836+00:00","coordinate_source":"GeoNames PPL 聚落地名点（WGS84；可能为旧位置或近似中心）","coordinate_precision":"approximate","coordinates":[116.51507,29.27623],"source_feature_type":"PPL"}],"potential_duplicate":false,"potential_duplicate_ids":[],"township_assignment":"OSM乡界多边形空间归属；并非法定隶属核验","deduplication_note":null}},{"type":"Feature","id":"geonames-12561874","geometry":{"type":"Point","coordinates":[116.50438,29.27936]},"properties":{"id":"geonames-12561874","name":"横塘村","township_name":"万户镇","source_url":"https://www.geonames.org/12561874/","source_id":"12561874","source_type":"geonames","source_updated_at":"2023-09-07","retrieved_at":"2026-09-27T04:01:28.254836+00:00","coordinate_source":"GeoNames PPL 聚落地名点（WGS84；可能为旧位置或近似中心）","coordinate_precision":"approximate","settlement_level":"unknown","kind":"settlement","verification_status":"publicly_listed","population":null,"elderly_ratio":null,"aliases":["Hengtangcun","heng tang cun"],"sources":[{"id":"geonames-12561874","source_id":"12561874","source_type":"geonames","name":"横塘村","url":"https://www.geonames.org/12561874/","license":"CC BY 4.0; GeoNames","source_updated_at":"2023-09-07","retrieved_at":"2026-09-27T04:01:28.254836+00:00","coordinate_source":"GeoNames PPL 聚落地名点（WGS84；可能为旧位置或近似中心）","coordinate_precision":"approximate","coordinates":[116.50438,29.27936],"source_feature_type":"PPL"}],"potential_duplicate":false,"potential_duplicate_ids":[],"township_assignment":"OSM乡界多边形空间归属；并非法定隶属核验","deduplication_note":null}},{"type":"Feature","id":"geonames-12561821","geometry":{"type":"Point","coordinates":[116.5077,29.24889]},"properties":{"id":"geonames-12561821","name":"民丰","township_name":"万户镇","source_url":"https://www.geonames.org/12561821/","source_id":"12561821","source_type":"geonames","source_updated_at":"2023-09-07","retrieved_at":"2026-09-27T04:01:28.254836+00:00","coordinate_source":"GeoNames PPL 聚落地名点（WGS84；可能为旧位置或近似中心）","coordinate_precision":"approximate","settlement_level":"unknown","kind":"settlement","verification_status":"publicly_listed","population":null,"elderly_ratio":null,"aliases":["Minfeng","min feng"],"sources":[{"id":"geonames-12561821","source_id":"12561821","source_type":"geonames","name":"民丰","url":"https://www.geonames.org/12561821/","license":"CC BY 4.0; GeoNames","source_updated_at":"2023-09-07","retrieved_at":"2026-09-27T04:01:28.254836+00:00","coordinate_source":"GeoNames PPL 聚落地名点（WGS84；可能为旧位置或近似中心）","coordinate_precision":"approximate","coordinates":[116.5077,29.24889],"source_feature_type":"PPL"}],"potential_duplicate":false,"potential_duplicate_ids":[],"township_assignment":"OSM乡界多边形空间归属；并非法定隶属核验","deduplication_note":null}},{"type":"Feature","id":"osm-node-5428741729","geometry":{"type":"Point","coordinates":[116.5127242,29.2485219]},"properties":{"id":"osm-node-5428741729","name":"长山街","township_name":"万户镇","source_url":"https://www.openstreetmap.org/node/5428741729","source_id":"5428741729","source_type":"osm","source_updated_at":"2018-02-22T10:42:26Z","retrieved_at":"2026-09-27T04:06:23.342197+00:00","coordinate_source":"OpenStreetMap 原始聚落节点（WGS84）","coordinate_precision":"mapped_point","settlement_level":"unknown","kind":"settlement","verification_status":"publicly_listed","population":null,"elderly_ratio":null,"aliases":[],"sources":[{"id":"osm-node-5428741729","source_id":"5428741729","source_type":"osm","name":"长山街","url":"https://www.openstreetmap.org/node/5428741729","license":"ODbL 1.0; © OpenStreetMap contributors","source_updated_at":"2018-02-22T10:42:26Z","retrieved_at":"2026-09-27T04:06:23.342197+00:00","coordinate_source":"OpenStreetMap 原始聚落节点（WGS84）","coordinate_precision":"mapped_point","coordinates":[116.5127242,29.2485219],"source_feature_type":"hamlet"}],"potential_duplicate":false,"potential_duplicate_ids":[],"township_assignment":"OSM乡界多边形空间归属；并非法定隶属核验","deduplication_note":null}},{"type":"Feature","id":"geonames-7636476","geometry":{"type":"Point","coordinates":[116.49746,29.27148]},"properties":{"id":"geonames-7636476","name":"长岭村","township_name":"万户镇","source_url":"https://www.geonames.org/7636476/","source_id":"7636476","source_type":"geonames","source_updated_at":"2023-09-06","retrieved_at":"2026-09-27T04:01:28.254836+00:00","coordinate_source":"GeoNames PPL 聚落地名点（WGS84；可能为旧位置或近似中心）","coordinate_precision":"approximate","settlement_level":"unknown","kind":"settlement","verification_status":"publicly_listed","population":null,"elderly_ratio":null,"aliases":["Changling","Changlingcun","zhang ling","zhang ling cun","长岭"],"sources":[{"id":"geonames-7636476","source_id":"7636476","source_type":"geonames","name":"长岭村","url":"https://www.geonames.org/7636476/","license":"CC BY 4.0; GeoNames","source_updated_at":"2023-09-06","retrieved_at":"2026-09-27T04:01:28.254836+00:00","coordinate_source":"GeoNames PPL 聚落地名点（WGS84；可能为旧位置或近似中心）","coordinate_precision":"approximate","coordinates":[116.49746,29.27148],"source_feature_type":"PPL"}],"potential_duplicate":false,"potential_duplicate_ids":[],"township_assignment":"OSM乡界多边形空间归属；并非法定隶属核验","deduplication_note":null}},{"type":"Feature","id":"geonames-7636779","geometry":{"type":"Point","coordinates":[116.40506,29.27928]},"properties":{"id":"geonames-7636779","name":"丁仙","township_name":"三汊港镇","source_url":"https://www.geonames.org/7636779/","source_id":"7636779","source_type":"geonames","source_updated_at":"2021-09-20","retrieved_at":"2026-09-27T04:01:28.254836+00:00","coordinate_source":"GeoNames PPL 聚落地名点（WGS84；可能为旧位置或近似中心）","coordinate_precision":"approximate","settlement_level":"unknown","kind":"settlement","verification_status":"publicly_listed","population":null,"elderly_ratio":null,"aliases":["Dingxian","ding xian"],"sources":[{"id":"geonames-7636779","source_id":"7636779","source_type":"geonames","name":"丁仙","url":"https://www.geonames.org/7636779/","license":"CC BY 4.0; GeoNames","source_updated_at":"2021-09-20","retrieved_at":"2026-09-27T04:01:28.254836+00:00","coordinate_source":"GeoNames PPL 聚落地名点（WGS84；可能为旧位置或近似中心）","coordinate_precision":"approximate","coordinates":[116.40506,29.27928],"source_feature_type":"PPL"}],"potential_duplicate":false,"potential_duplicate_ids":[],"township_assignment":"OSM乡界多边形空间归属；并非法定隶属核验","deduplication_note":null}},{"type":"Feature","id":"geonames-12559589","geometry":{"type":"Point","coordinates":[116.39985,29.27484]},"properties":{"id":"geonames-12559589","name":"亮星村","township_name":"三汊港镇","source_url":"https://www.geonames.org/12559589/","source_id":"12559589","source_type":"geonames","source_updated_at":"2023-09-07","retrieved_at":"2026-09-27T04:01:28.254836+00:00","coordinate_source":"GeoNames PPL 聚落地名点（WGS84；可能为旧位置或近似中心）","coordinate_precision":"approximate","settlement_level":"unknown","kind":"settlement","verification_status":"publicly_listed","population":null,"elderly_ratio":null,"aliases":["Liangxingcun","liang xing cun"],"sources":[{"id":"geonames-12559589","source_id":"12559589","source_type":"geonames","name":"亮星村","url":"https://www.geonames.org/12559589/","license":"CC BY 4.0; GeoNames","source_updated_at":"2023-09-07","retrieved_at":"2026-09-27T04:01:28.254836+00:00","coordinate_source":"GeoNames PPL 聚落地名点（WGS84；可能为旧位置或近似中心）","coordinate_precision":"approximate","coordinates":[116.39985,29.27484],"source_feature_type":"PPL"}],"potential_duplicate":false,"potential_duplicate_ids":[],"township_assignment":"OSM乡界多边形空间归属；并非法定隶属核验","deduplication_note":null}},{"type":"Feature","id":"geonames-7636725","geometry":{"type":"Point","coordinates":[116.40199,29.25527]},"properties":{"id":"geonames-7636725","name":"傅家垄","township_name":"三汊港镇","source_url":"https://www.geonames.org/7636725/","source_id":"7636725","source_type":"geonames","source_updated_at":"2023-09-06","retrieved_at":"2026-09-27T04:01:28.254836+00:00","coordinate_source":"GeoNames PPL 聚落地名点（WGS84；可能为旧位置或近似中心）","coordinate_precision":"approximate","settlement_level":"unknown","kind":"settlement","verification_status":"publicly_listed","population":null,"elderly_ratio":null,"aliases":["Fujialong","fu jia long"],"sources":[{"id":"geonames-7636725","source_id":"7636725","source_type":"geonames","name":"傅家垄","url":"https://www.geonames.org/7636725/","license":"CC BY 4.0; GeoNames","source_updated_at":"2023-09-06","retrieved_at":"2026-09-27T04:01:28.254836+00:00","coordinate_source":"GeoNames PPL 聚落地名点（WGS84；可能为旧位置或近似中心）","coordinate_precision":"approximate","coordinates":[116.40199,29.25527],"source_feature_type":"PPL"}],"potential_duplicate":false,"potential_duplicate_ids":[],"township_assignment":"OSM乡界多边形空间归属；并非法定隶属核验","deduplication_note":null}},{"type":"Feature","id":"geonames-12559655","geometry":{"type":"Point","coordinates":[116.40295,29.26212]},"properties":{"id":"geonames-12559655","name":"左桥村","township_name":"三汊港镇","source_url":"https://www.geonames.org/12559655/","source_id":"12559655","source_type":"geonames","source_updated_at":"2023-09-07","retrieved_at":"2026-09-27T04:01:28.254836+00:00","coordinate_source":"GeoNames PPL 聚落地名点（WGS84；可能为旧位置或近似中心）","coordinate_precision":"approximate","settlement_level":"unknown","kind":"settlement","verification_status":"publicly_listed","population":null,"elderly_ratio":null,"aliases":["Zuoqiaocun","zuo qiao cun"],"sources":[{"id":"geonames-12559655","source_id":"12559655","source_type":"geonames","name":"左桥村","url":"https://www.geonames.org/12559655/","license":"CC BY 4.0; GeoNames","source_updated_at":"2023-09-07","retrieved_at":"2026-09-27T04:01:28.254836+00:00","coordinate_source":"GeoNames PPL 聚落地名点（WGS84；可能为旧位置或近似中心）","coordinate_precision":"approximate","coordinates":[116.40295,29.26212],"source_feature_type":"PPL"}],"potential_duplicate":false,"potential_duplicate_ids":[],"township_assignment":"OSM乡界多边形空间归属；并非法定隶属核验","deduplication_note":null}},{"type":"Feature","id":"geonames-7636307","geometry":{"type":"Point","coordinates":[116.41459,29.29061]},"properties":{"id":"geonames-7636307","name":"梅堂","township_name":"三汊港镇","source_url":"https://www.geonames.org/7636307/","source_id":"7636307","source_type":"geonames","source_updated_at":"2021-09-20","retrieved_at":"2026-09-27T04:01:28.254836+00:00","coordinate_source":"GeoNames PPL 聚落地名点（WGS84；可能为旧位置或近似中心）","coordinate_precision":"approximate","settlement_level":"unknown","kind":"settlement","verification_status":"publicly_listed","population":null,"elderly_ratio":null,"aliases":["Meitang","mei tang"],"sources":[{"id":"geonames-7636307","source_id":"7636307","source_type":"geonames","name":"梅堂","url":"https://www.geonames.org/7636307/","license":"CC BY 4.0; GeoNames","source_updated_at":"2021-09-20","retrieved_at":"2026-09-27T04:01:28.254836+00:00","coordinate_source":"GeoNames PPL 聚落地名点（WGS84；可能为旧位置或近似中心）","coordinate_precision":"approximate","coordinates":[116.41459,29.29061],"source_feature_type":"PPL"}],"potential_duplicate":false,"potential_duplicate_ids":[],"township_assignment":"OSM乡界多边形空间归属；并非法定隶属核验","deduplication_note":null}},{"type":"Feature","id":"geonames-12559644","geometry":{"type":"Point","coordinates":[116.41281,29.29207]},"properties":{"id":"geonames-12559644","name":"梅西村","township_name":"三汊港镇","source_url":"https://www.geonames.org/12559644/","source_id":"12559644","source_type":"geonames","source_updated_at":"2023-09-07","retrieved_at":"2026-09-27T04:01:28.254836+00:00","coordinate_source":"GeoNames PPL 聚落地名点（WGS84；可能为旧位置或近似中心）","coordinate_precision":"approximate","settlement_level":"unknown","kind":"settlement","verification_status":"publicly_listed","population":null,"elderly_ratio":null,"aliases":["Meixicun","mei xi cun"],"sources":[{"id":"geonames-12559644","source_id":"12559644","source_type":"geonames","name":"梅西村","url":"https://www.geonames.org/12559644/","license":"CC BY 4.0; GeoNames","source_updated_at":"2023-09-07","retrieved_at":"2026-09-27T04:01:28.254836+00:00","coordinate_source":"GeoNames PPL 聚落地名点（WGS84；可能为旧位置或近似中心）","coordinate_precision":"approximate","coordinates":[116.41281,29.29207],"source_feature_type":"PPL"}],"potential_duplicate":false,"potential_duplicate_ids":[],"township_assignment":"OSM乡界多边形空间归属；并非法定隶属核验","deduplication_note":null}},{"type":"Feature","id":"geonames-12559636","geometry":{"type":"Point","coordinates":[116.4417,29.27728]},"properties":{"id":"geonames-12559636","name":"茅岭村","township_name":"三汊港镇","source_url":"https://www.geonames.org/12559636/","source_id":"12559636","source_type":"geonames","source_updated_at":"2023-09-07","retrieved_at":"2026-09-27T04:01:28.254836+00:00","coordinate_source":"GeoNames PPL 聚落地名点（WGS84；可能为旧位置或近似中心）","coordinate_precision":"approximate","settlement_level":"unknown","kind":"settlement","verification_status":"publicly_listed","population":null,"elderly_ratio":null,"aliases":["Maolingcun","mao ling cun"],"sources":[{"id":"geonames-12559636","source_id":"12559636","source_type":"geonames","name":"茅岭村","url":"https://www.geonames.org/12559636/","license":"CC BY 4.0; GeoNames","source_updated_at":"2023-09-07","retrieved_at":"2026-09-27T04:01:28.254836+00:00","coordinate_source":"GeoNames PPL 聚落地名点（WGS84；可能为旧位置或近似中心）","coordinate_precision":"approximate","coordinates":[116.4417,29.27728],"source_feature_type":"PPL"}],"potential_duplicate":false,"potential_duplicate_ids":[],"township_assignment":"OSM乡界多边形空间归属；并非法定隶属核验","deduplication_note":null}},{"type":"Feature","id":"geonames-7636310","geometry":{"type":"Point","coordinates":[116.42257,29.26714]},"properties":{"id":"geonames-7636310","name":"荷塘村","township_name":"三汊港镇","source_url":"https://www.geonames.org/7636310/","source_id":"7636310","source_type":"geonames","source_updated_at":"2023-09-06","retrieved_at":"2026-09-27T04:01:28.254836+00:00","coordinate_source":"GeoNames PPL 聚落地名点（WGS84；可能为旧位置或近似中心）","coordinate_precision":"approximate","settlement_level":"unknown","kind":"settlement","verification_status":"publicly_listed","population":null,"elderly_ratio":null,"aliases":["Hetang","Hetangcun","he tang","he tang cun","荷塘"],"sources":[{"id":"geonames-7636310","source_id":"7636310","source_type":"geonames","name":"荷塘村","url":"https://www.geonames.org/7636310/","license":"CC BY 4.0; GeoNames","source_updated_at":"2023-09-06","retrieved_at":"2026-09-27T04:01:28.254836+00:00","coordinate_source":"GeoNames PPL 聚落地名点（WGS84；可能为旧位置或近似中心）","coordinate_precision":"approximate","coordinates":[116.42257,29.26714],"source_feature_type":"PPL"}],"potential_duplicate":false,"potential_duplicate_ids":[],"township_assignment":"OSM乡界多边形空间归属；并非法定隶属核验","deduplication_note":null}},{"type":"Feature","id":"geonames-7635938","geometry":{"type":"Point","coordinates":[116.44928,29.26755]},"properties":{"id":"geonames-7635938","name":"赤岸村","township_name":"三汊港镇","source_url":"https://www.geonames.org/7635938/","source_id":"7635938","source_type":"geonames","source_updated_at":"2023-09-06","retrieved_at":"2026-09-27T04:01:28.254836+00:00","coordinate_source":"GeoNames PPL 聚落地名点（WGS84；可能为旧位置或近似中心）","coordinate_precision":"approximate","settlement_level":"unknown","kind":"settlement","verification_status":"publicly_listed","population":null,"elderly_ratio":null,"aliases":["Chi'an","Chi'ancun","Chi’an","Chi’ancun","chi an","chi an cun","赤岸"],"sources":[{"id":"geonames-7635938","source_id":"7635938","source_type":"geonames","name":"赤岸村","url":"https://www.geonames.org/7635938/","license":"CC BY 4.0; GeoNames","source_updated_at":"2023-09-06","retrieved_at":"2026-09-27T04:01:28.254836+00:00","coordinate_source":"GeoNames PPL 聚落地名点（WGS84；可能为旧位置或近似中心）","coordinate_precision":"approximate","coordinates":[116.44928,29.26755],"source_feature_type":"PPL"}],"potential_duplicate":false,"potential_duplicate_ids":[],"township_assignment":"OSM乡界多边形空间归属；并非法定隶属核验","deduplication_note":null}},{"type":"Feature","id":"geonames-7636561","geometry":{"type":"Point","coordinates":[116.44091,29.29419]},"properties":{"id":"geonames-7636561","name":"铁炉村","township_name":"三汊港镇","source_url":"https://www.geonames.org/7636561/","source_id":"7636561","source_type":"geonames","source_updated_at":"2023-09-06","retrieved_at":"2026-09-27T04:01:28.254836+00:00","coordinate_source":"GeoNames PPL 聚落地名点（WGS84；可能为旧位置或近似中心）","coordinate_precision":"approximate","settlement_level":"unknown","kind":"settlement","verification_status":"publicly_listed","population":null,"elderly_ratio":null,"aliases":["Tielu","Tielucun","tie lu","tie lu cun","铁炉"],"sources":[{"id":"geonames-7636561","source_id":"7636561","source_type":"geonames","name":"铁炉村","url":"https://www.geonames.org/7636561/","license":"CC BY 4.0; GeoNames","source_updated_at":"2023-09-06","retrieved_at":"2026-09-27T04:01:28.254836+00:00","coordinate_source":"GeoNames PPL 聚落地名点（WGS84；可能为旧位置或近似中心）","coordinate_precision":"approximate","coordinates":[116.44091,29.29419],"source_feature_type":"PPL"}],"potential_duplicate":false,"potential_duplicate_ids":[],"township_assignment":"OSM乡界多边形空间归属；并非法定隶属核验","deduplication_note":null}},{"type":"Feature","id":"geonames-7636651","geometry":{"type":"Point","coordinates":[116.41636,29.30155]},"properties":{"id":"geonames-7636651","name":"铸山村","township_name":"三汊港镇","source_url":"https://www.geonames.org/7636651/","source_id":"7636651","source_type":"geonames","source_updated_at":"2023-09-06","retrieved_at":"2026-09-27T04:01:28.254836+00:00","coordinate_source":"GeoNames PPL 聚落地名点（WGS84；可能为旧位置或近似中心）","coordinate_precision":"approximate","settlement_level":"unknown","kind":"settlement","verification_status":"publicly_listed","population":null,"elderly_ratio":null,"aliases":["Zhushan","Zhushancun","zhu shan","zhu shan cun","铸山"],"sources":[{"id":"geonames-7636651","source_id":"7636651","source_type":"geonames","name":"铸山村","url":"https://www.geonames.org/7636651/","license":"CC BY 4.0; GeoNames","source_updated_at":"2023-09-06","retrieved_at":"2026-09-27T04:01:28.254836+00:00","coordinate_source":"GeoNames PPL 聚落地名点（WGS84；可能为旧位置或近似中心）","coordinate_precision":"approximate","coordinates":[116.41636,29.30155],"source_feature_type":"PPL"}],"potential_duplicate":false,"potential_duplicate_ids":[],"township_assignment":"OSM乡界多边形空间归属；并非法定隶属核验","deduplication_note":null}},{"type":"Feature","id":"geonames-7636364","geometry":{"type":"Point","coordinates":[116.40038,29.2383]},"properties":{"id":"geonames-7636364","name":"长虹村","township_name":"三汊港镇","source_url":"https://www.geonames.org/7636364/","source_id":"7636364","source_type":"geonames","source_updated_at":"2023-09-06","retrieved_at":"2026-09-27T04:01:28.254836+00:00","coordinate_source":"GeoNames PPL 聚落地名点（WGS84；可能为旧位置或近似中心）","coordinate_precision":"approximate","settlement_level":"unknown","kind":"settlement","verification_status":"publicly_listed","population":null,"elderly_ratio":null,"aliases":["Changhong","Changhongcun","zhang hong","zhang hong cun","长红"],"sources":[{"id":"geonames-7636364","source_id":"7636364","source_type":"geonames","name":"长虹村","url":"https://www.geonames.org/7636364/","license":"CC BY 4.0; GeoNames","source_updated_at":"2023-09-06","retrieved_at":"2026-09-27T04:01:28.254836+00:00","coordinate_source":"GeoNames PPL 聚落地名点（WGS84；可能为旧位置或近似中心）","coordinate_precision":"approximate","coordinates":[116.40038,29.2383],"source_feature_type":"PPL"}],"potential_duplicate":false,"potential_duplicate_ids":[],"township_assignment":"OSM乡界多边形空间归属；并非法定隶属核验","deduplication_note":null}},{"type":"Feature","id":"geonames-12559645","geometry":{"type":"Point","coordinates":[116.42891,29.30254]},"properties":{"id":"geonames-12559645","name":"黄岗村","township_name":"三汊港镇","source_url":"https://www.geonames.org/12559645/","source_id":"12559645","source_type":"geonames","source_updated_at":"2023-09-07","retrieved_at":"2026-09-27T04:01:28.254836+00:00","coordinate_source":"GeoNames PPL 聚落地名点（WGS84；可能为旧位置或近似中心）","coordinate_precision":"approximate","settlement_level":"unknown","kind":"settlement","verification_status":"publicly_listed","population":null,"elderly_ratio":null,"aliases":["Huanggangcun","huang gang cun"],"sources":[{"id":"geonames-12559645","source_id":"12559645","source_type":"geonames","name":"黄岗村","url":"https://www.geonames.org/12559645/","license":"CC BY 4.0; GeoNames","source_updated_at":"2023-09-07","retrieved_at":"2026-09-27T04:01:28.254836+00:00","coordinate_source":"GeoNames PPL 聚落地名点（WGS84；可能为旧位置或近似中心）","coordinate_precision":"approximate","coordinates":[116.42891,29.30254],"source_feature_type":"PPL"}],"potential_duplicate":false,"potential_duplicate_ids":[],"township_assignment":"OSM乡界多边形空间归属；并非法定隶属核验","deduplication_note":null}},{"type":"Feature","id":"geonames-12559680","geometry":{"type":"Point","coordinates":[116.53604,29.3818]},"properties":{"id":"geonames-12559680","name":"中馆街","township_name":"中馆镇","source_url":"https://www.geonames.org/12559680/","source_id":"12559680","source_type":"geonames","source_updated_at":"2023-09-07","retrieved_at":"2026-09-27T04:01:28.254836+00:00","coordinate_source":"GeoNames PPL 聚落地名点（WGS84；可能为旧位置或近似中心）","coordinate_precision":"approximate","settlement_level":"unknown","kind":"settlement","verification_status":"publicly_listed","population":null,"elderly_ratio":null,"aliases":["Zhongguanjie","zhong guan jie"],"sources":[{"id":"geonames-12559680","source_id":"12559680","source_type":"geonames","name":"中馆街","url":"https://www.geonames.org/12559680/","license":"CC BY 4.0; GeoNames","source_updated_at":"2023-09-07","retrieved_at":"2026-09-27T04:01:28.254836+00:00","coordinate_source":"GeoNames PPL 聚落地名点（WGS84；可能为旧位置或近似中心）","coordinate_precision":"approximate","coordinates":[116.53604,29.3818],"source_feature_type":"PPL"}],"potential_duplicate":false,"potential_duplicate_ids":[],"township_assignment":"OSM乡界多边形空间归属；并非法定隶属核验","deduplication_note":null}},{"type":"Feature","id":"geonames-7636449","geometry":{"type":"Point","coordinates":[116.51332,29.40346]},"properties":{"id":"geonames-7636449","name":"刘山村","township_name":"中馆镇","source_url":"https://www.geonames.org/7636449/","source_id":"7636449","source_type":"geonames","source_updated_at":"2023-09-06","retrieved_at":"2026-09-27T04:01:28.254836+00:00","coordinate_source":"GeoNames PPL 聚落地名点（WGS84；可能为旧位置或近似中心）","coordinate_precision":"approximate","settlement_level":"unknown","kind":"settlement","verification_status":"publicly_listed","population":null,"elderly_ratio":null,"aliases":["Liushan","Liushancun","liu shan","liu shan cun","刘山"],"sources":[{"id":"geonames-7636449","source_id":"7636449","source_type":"geonames","name":"刘山村","url":"https://www.geonames.org/7636449/","license":"CC BY 4.0; GeoNames","source_updated_at":"2023-09-06","retrieved_at":"2026-09-27T04:01:28.254836+00:00","coordinate_source":"GeoNames PPL 聚落地名点（WGS84；可能为旧位置或近似中心）","coordinate_precision":"approximate","coordinates":[116.51332,29.40346],"source_feature_type":"PPL"}],"potential_duplicate":false,"potential_duplicate_ids":[],"township_assignment":"OSM乡界多边形空间归属；并非法定隶属核验","deduplication_note":null}},{"type":"Feature","id":"geonames-12559631","geometry":{"type":"Point","coordinates":[116.52582,29.34107]},"properties":{"id":"geonames-12559631","name":"南塘村","township_name":"中馆镇","source_url":"https://www.geonames.org/12559631/","source_id":"12559631","source_type":"geonames","source_updated_at":"2023-09-07","retrieved_at":"2026-09-27T04:01:28.254836+00:00","coordinate_source":"GeoNames PPL 聚落地名点（WGS84；可能为旧位置或近似中心）","coordinate_precision":"approximate","settlement_level":"unknown","kind":"settlement","verification_status":"publicly_listed","population":null,"elderly_ratio":null,"aliases":["Nantangcun","nan tang cun"],"sources":[{"id":"geonames-12559631","source_id":"12559631","source_type":"geonames","name":"南塘村","url":"https://www.geonames.org/12559631/","license":"CC BY 4.0; GeoNames","source_updated_at":"2023-09-07","retrieved_at":"2026-09-27T04:01:28.254836+00:00","coordinate_source":"GeoNames PPL 聚落地名点（WGS84；可能为旧位置或近似中心）","coordinate_precision":"approximate","coordinates":[116.52582,29.34107],"source_feature_type":"PPL"}],"potential_duplicate":false,"potential_duplicate_ids":[],"township_assignment":"OSM乡界多边形空间归属；并非法定隶属核验","deduplication_note":null}},{"type":"Feature","id":"osm-node-8948718436","geometry":{"type":"Point","coordinates":[116.5222615,29.3751713]},"properties":{"id":"osm-node-8948718436","name":"双桥","township_name":"中馆镇","source_url":"https://www.openstreetmap.org/node/8948718436","source_id":"8948718436","source_type":"osm","source_updated_at":"2021-07-25T13:11:02Z","retrieved_at":"2026-09-27T04:06:23.342197+00:00","coordinate_source":"OpenStreetMap 原始聚落节点（WGS84）","coordinate_precision":"mapped_point","settlement_level":"unknown","kind":"settlement","verification_status":"publicly_listed","population":null,"elderly_ratio":null,"aliases":["Shuang-ch'iao","Shuangqiao"],"sources":[{"id":"osm-node-8948718436","source_id":"8948718436","source_type":"osm","name":"双桥","url":"https://www.openstreetmap.org/node/8948718436","license":"ODbL 1.0; © OpenStreetMap contributors","source_updated_at":"2021-07-25T13:11:02Z","retrieved_at":"2026-09-27T04:06:23.342197+00:00","coordinate_source":"OpenStreetMap 原始聚落节点（WGS84）","coordinate_precision":"mapped_point","coordinates":[116.5222615,29.3751713],"source_feature_type":"village"}],"potential_duplicate":true,"potential_duplicate_ids":["geonames-1794618"],"township_assignment":"OSM乡界多边形空间归属；并非法定隶属核验","deduplication_note":null}},{"type":"Feature","id":"geonames-1794618","geometry":{"type":"Point","coordinates":[116.5212,29.37054]},"properties":{"id":"geonames-1794618","name":"双桥村","township_name":"中馆镇","source_url":"https://www.geonames.org/1794618/","source_id":"1794618","source_type":"geonames","source_updated_at":"2023-09-06","retrieved_at":"2026-09-27T04:01:28.254836+00:00","coordinate_source":"GeoNames PPL 聚落地名点（WGS84；可能为旧位置或近似中心）","coordinate_precision":"approximate","settlement_level":"unknown","kind":"settlement","verification_status":"publicly_listed","population":null,"elderly_ratio":null,"aliases":["Shuang-ch'iao","Shuang-ch’iao","Shuangqiao","Shuangqiaocun","shuang qiao","shuang qiao cun","双桥"],"sources":[{"id":"geonames-1794618","source_id":"1794618","source_type":"geonames","name":"双桥村","url":"https://www.geonames.org/1794618/","license":"CC BY 4.0; GeoNames","source_updated_at":"2023-09-06","retrieved_at":"2026-09-27T04:01:28.254836+00:00","coordinate_source":"GeoNames PPL 聚落地名点（WGS84；可能为旧位置或近似中心）","coordinate_precision":"approximate","coordinates":[116.5212,29.37054],"source_feature_type":"PPL"}],"potential_duplicate":true,"potential_duplicate_ids":["osm-node-8948718436"],"township_assignment":"OSM乡界多边形空间归属；并非法定隶属核验","deduplication_note":null}},{"type":"Feature","id":"geonames-12559622","geometry":{"type":"Point","coordinates":[116.5281,29.33724]},"properties":{"id":"geonames-12559622","name":"向桥村","township_name":"中馆镇","source_url":"https://www.geonames.org/12559622/","source_id":"12559622","source_type":"geonames","source_updated_at":"2023-09-07","retrieved_at":"2026-09-27T04:01:28.254836+00:00","coordinate_source":"GeoNames PPL 聚落地名点（WGS84；可能为旧位置或近似中心）","coordinate_precision":"approximate","settlement_level":"unknown","kind":"settlement","verification_status":"publicly_listed","population":null,"elderly_ratio":null,"aliases":["Xiangqiaocun","xiang qiao cun"],"sources":[{"id":"geonames-12559622","source_id":"12559622","source_type":"geonames","name":"向桥村","url":"https://www.geonames.org/12559622/","license":"CC BY 4.0; GeoNames","source_updated_at":"2023-09-07","retrieved_at":"2026-09-27T04:01:28.254836+00:00","coordinate_source":"GeoNames PPL 聚落地名点（WGS84；可能为旧位置或近似中心）","coordinate_precision":"approximate","coordinates":[116.5281,29.33724],"source_feature_type":"PPL"}],"potential_duplicate":false,"potential_duplicate_ids":[],"township_assignment":"OSM乡界多边形空间归属；并非法定隶属核验","deduplication_note":null}},{"type":"Feature","id":"geonames-12559617","geometry":{"type":"Point","coordinates":[116.52548,29.35583]},"properties":{"id":"geonames-12559617","name":"大塘村","township_name":"中馆镇","source_url":"https://www.geonames.org/12559617/","source_id":"12559617","source_type":"geonames","source_updated_at":"2023-09-07","retrieved_at":"2026-09-27T04:01:28.254836+00:00","coordinate_source":"GeoNames PPL 聚落地名点（WGS84；可能为旧位置或近似中心）","coordinate_precision":"approximate","settlement_level":"unknown","kind":"settlement","verification_status":"publicly_listed","population":null,"elderly_ratio":null,"aliases":["Datangcun","da tang cun"],"sources":[{"id":"geonames-12559617","source_id":"12559617","source_type":"geonames","name":"大塘村","url":"https://www.geonames.org/12559617/","license":"CC BY 4.0; GeoNames","source_updated_at":"2023-09-07","retrieved_at":"2026-09-27T04:01:28.254836+00:00","coordinate_source":"GeoNames PPL 聚落地名点（WGS84；可能为旧位置或近似中心）","coordinate_precision":"approximate","coordinates":[116.52548,29.35583],"source_feature_type":"PPL"}],"potential_duplicate":false,"potential_duplicate_ids":[],"township_assignment":"OSM乡界多边形空间归属；并非法定隶属核验","deduplication_note":null}},{"type":"Feature","id":"geonames-12559609","geometry":{"type":"Point","coordinates":[116.49271,29.38551]},"properties":{"id":"geonames-12559609","name":"小河村","township_name":"中馆镇","source_url":"https://www.geonames.org/12559609/","source_id":"12559609","source_type":"geonames","source_updated_at":"2023-09-07","retrieved_at":"2026-09-27T04:01:28.254836+00:00","coordinate_source":"GeoNames PPL 聚落地名点（WGS84；可能为旧位置或近似中心）","coordinate_precision":"approximate","settlement_level":"unknown","kind":"settlement","verification_status":"publicly_listed","population":null,"elderly_ratio":null,"aliases":["Xiaohecun","xiao he cun"],"sources":[{"id":"geonames-12559609","source_id":"12559609","source_type":"geonames","name":"小河村","url":"https://www.geonames.org/12559609/","license":"CC BY 4.0; GeoNames","source_updated_at":"2023-09-07","retrieved_at":"2026-09-27T04:01:28.254836+00:00","coordinate_source":"GeoNames PPL 聚落地名点（WGS84；可能为旧位置或近似中心）","coordinate_precision":"approximate","coordinates":[116.49271,29.38551],"source_feature_type":"PPL"}],"potential_duplicate":false,"potential_duplicate_ids":[],"township_assignment":"OSM乡界多边形空间归属；并非法定隶属核验","deduplication_note":null}},{"type":"Feature","id":"osm-node-3878548242","geometry":{"type":"Point","coordinates":[116.5171105,29.3532647]},"properties":{"id":"osm-node-3878548242","name":"张家山","township_name":"中馆镇","source_url":"https://www.openstreetmap.org/node/3878548242","source_id":"3878548242","source_type":"osm","source_updated_at":"2015-12-05T15:40:51Z","retrieved_at":"2026-09-27T04:06:23.342197+00:00","coordinate_source":"OpenStreetMap 原始聚落节点（WGS84）","coordinate_precision":"mapped_point","settlement_level":"unknown","kind":"settlement","verification_status":"publicly_listed","population":null,"elderly_ratio":null,"aliases":["Zhangjiashan","zhang jia shan"],"sources":[{"id":"osm-node-3878548242","source_id":"3878548242","source_type":"osm","name":"张家山","url":"https://www.openstreetmap.org/node/3878548242","license":"ODbL 1.0; © OpenStreetMap contributors","source_updated_at":"2015-12-05T15:40:51Z","retrieved_at":"2026-09-27T04:06:23.342197+00:00","coordinate_source":"OpenStreetMap 原始聚落节点（WGS84）","coordinate_precision":"mapped_point","coordinates":[116.5171105,29.3532647],"source_feature_type":"village"},{"id":"geonames-7636562","source_id":"7636562","source_type":"geonames","name":"张家山","url":"https://www.geonames.org/7636562/","license":"CC BY 4.0; GeoNames","source_updated_at":"2023-09-06","retrieved_at":"2026-09-27T04:01:28.254836+00:00","coordinate_source":"GeoNames PPL 聚落地名点（WGS84；可能为旧位置或近似中心）","coordinate_precision":"approximate","coordinates":[116.51714,29.35251],"source_feature_type":"PPL"}],"potential_duplicate":false,"potential_duplicate_ids":[],"township_assignment":"OSM乡界多边形空间归属；并非法定隶属核验","deduplication_note":"同乡同名/别名且簇内两两相距不超过150米合并；优先OSM原始点"}},{"type":"Feature","id":"geonames-12559702","geometry":{"type":"Point","coordinates":[116.50164,29.40422]},"properties":{"id":"geonames-12559702","name":"排山村","township_name":"中馆镇","source_url":"https://www.geonames.org/12559702/","source_id":"12559702","source_type":"geonames","source_updated_at":"2023-09-07","retrieved_at":"2026-09-27T04:01:28.254836+00:00","coordinate_source":"GeoNames PPL 聚落地名点（WGS84；可能为旧位置或近似中心）","coordinate_precision":"approximate","settlement_level":"unknown","kind":"settlement","verification_status":"publicly_listed","population":null,"elderly_ratio":null,"aliases":["Paishancun","pai shan cun"],"sources":[{"id":"geonames-12559702","source_id":"12559702","source_type":"geonames","name":"排山村","url":"https://www.geonames.org/12559702/","license":"CC BY 4.0; GeoNames","source_updated_at":"2023-09-07","retrieved_at":"2026-09-27T04:01:28.254836+00:00","coordinate_source":"GeoNames PPL 聚落地名点（WGS84；可能为旧位置或近似中心）","coordinate_precision":"approximate","coordinates":[116.50164,29.40422],"source_feature_type":"PPL"}],"potential_duplicate":false,"potential_duplicate_ids":[],"township_assignment":"OSM乡界多边形空间归属；并非法定隶属核验","deduplication_note":null}},{"type":"Feature","id":"geonames-12559550","geometry":{"type":"Point","coordinates":[116.51289,29.37004]},"properties":{"id":"geonames-12559550","name":"港西村","township_name":"中馆镇","source_url":"https://www.geonames.org/12559550/","source_id":"12559550","source_type":"geonames","source_updated_at":"2023-09-07","retrieved_at":"2026-09-27T04:01:28.254836+00:00","coordinate_source":"GeoNames PPL 聚落地名点（WGS84；可能为旧位置或近似中心）","coordinate_precision":"approximate","settlement_level":"unknown","kind":"settlement","verification_status":"publicly_listed","population":null,"elderly_ratio":null,"aliases":["Gangxicun","gang xi cun"],"sources":[{"id":"geonames-12559550","source_id":"12559550","source_type":"geonames","name":"港西村","url":"https://www.geonames.org/12559550/","license":"CC BY 4.0; GeoNames","source_updated_at":"2023-09-07","retrieved_at":"2026-09-27T04:01:28.254836+00:00","coordinate_source":"GeoNames PPL 聚落地名点（WGS84；可能为旧位置或近似中心）","coordinate_precision":"approximate","coordinates":[116.51289,29.37004],"source_feature_type":"PPL"}],"potential_duplicate":false,"potential_duplicate_ids":[],"township_assignment":"OSM乡界多边形空间归属；并非法定隶属核验","deduplication_note":null}},{"type":"Feature","id":"geonames-7636242","geometry":{"type":"Point","coordinates":[116.51004,29.3777]},"properties":{"id":"geonames-7636242","name":"甘家","township_name":"中馆镇","source_url":"https://www.geonames.org/7636242/","source_id":"7636242","source_type":"geonames","source_updated_at":"2023-09-06","retrieved_at":"2026-09-27T04:01:28.254836+00:00","coordinate_source":"GeoNames PPL 聚落地名点（WGS84；可能为旧位置或近似中心）","coordinate_precision":"approximate","settlement_level":"unknown","kind":"settlement","verification_status":"publicly_listed","population":null,"elderly_ratio":null,"aliases":["Ganjia","gan jia"],"sources":[{"id":"geonames-7636242","source_id":"7636242","source_type":"geonames","name":"甘家","url":"https://www.geonames.org/7636242/","license":"CC BY 4.0; GeoNames","source_updated_at":"2023-09-06","retrieved_at":"2026-09-27T04:01:28.254836+00:00","coordinate_source":"GeoNames PPL 聚落地名点（WGS84；可能为旧位置或近似中心）","coordinate_precision":"approximate","coordinates":[116.51004,29.3777],"source_feature_type":"PPL"}],"potential_duplicate":true,"potential_duplicate_ids":["osm-node-8948678399"],"township_assignment":"OSM乡界多边形空间归属；并非法定隶属核验","deduplication_note":null}},{"type":"Feature","id":"osm-node-8948678399","geometry":{"type":"Point","coordinates":[116.5116156,29.3813038]},"properties":{"id":"osm-node-8948678399","name":"甘家","township_name":"中馆镇","source_url":"https://www.openstreetmap.org/node/8948678399","source_id":"8948678399","source_type":"osm","source_updated_at":"2021-07-25T13:11:00Z","retrieved_at":"2026-09-27T04:06:23.342197+00:00","coordinate_source":"OpenStreetMap 原始聚落节点（WGS84）","coordinate_precision":"mapped_point","settlement_level":"unknown","kind":"settlement","verification_status":"publicly_listed","population":null,"elderly_ratio":null,"aliases":["Ganjia"],"sources":[{"id":"osm-node-8948678399","source_id":"8948678399","source_type":"osm","name":"甘家","url":"https://www.openstreetmap.org/node/8948678399","license":"ODbL 1.0; © OpenStreetMap contributors","source_updated_at":"2021-07-25T13:11:00Z","retrieved_at":"2026-09-27T04:06:23.342197+00:00","coordinate_source":"OpenStreetMap 原始聚落节点（WGS84）","coordinate_precision":"mapped_point","coordinates":[116.5116156,29.3813038],"source_feature_type":"village"}],"potential_duplicate":true,"potential_duplicate_ids":["geonames-7636242"],"township_assignment":"OSM乡界多边形空间归属；并非法定隶属核验","deduplication_note":null}},{"type":"Feature","id":"geonames-7636687","geometry":{"type":"Point","coordinates":[116.48461,29.38869]},"properties":{"id":"geonames-7636687","name":"薛家山","township_name":"中馆镇","source_url":"https://www.geonames.org/7636687/","source_id":"7636687","source_type":"geonames","source_updated_at":"2023-09-06","retrieved_at":"2026-09-27T04:01:28.254836+00:00","coordinate_source":"GeoNames PPL 聚落地名点（WGS84；可能为旧位置或近似中心）","coordinate_precision":"approximate","settlement_level":"unknown","kind":"settlement","verification_status":"publicly_listed","population":null,"elderly_ratio":null,"aliases":["Xuejiashan","xue jia shan"],"sources":[{"id":"geonames-7636687","source_id":"7636687","source_type":"geonames","name":"薛家山","url":"https://www.geonames.org/7636687/","license":"CC BY 4.0; GeoNames","source_updated_at":"2023-09-06","retrieved_at":"2026-09-27T04:01:28.254836+00:00","coordinate_source":"GeoNames PPL 聚落地名点（WGS84；可能为旧位置或近似中心）","coordinate_precision":"approximate","coordinates":[116.48461,29.38869],"source_feature_type":"PPL"}],"potential_duplicate":false,"potential_duplicate_ids":[],"township_assignment":"OSM乡界多边形空间归属；并非法定隶属核验","deduplication_note":null}},{"type":"Feature","id":"geonames-12559682","geometry":{"type":"Point","coordinates":[116.53573,29.38187]},"properties":{"id":"geonames-12559682","name":"银宝村","township_name":"中馆镇","source_url":"https://www.geonames.org/12559682/","source_id":"12559682","source_type":"geonames","source_updated_at":"2023-09-07","retrieved_at":"2026-09-27T04:01:28.254836+00:00","coordinate_source":"GeoNames PPL 聚落地名点（WGS84；可能为旧位置或近似中心）","coordinate_precision":"approximate","settlement_level":"unknown","kind":"settlement","verification_status":"publicly_listed","population":null,"elderly_ratio":null,"aliases":["Yinbaocun","yin bao cun"],"sources":[{"id":"geonames-12559682","source_id":"12559682","source_type":"geonames","name":"银宝村","url":"https://www.geonames.org/12559682/","license":"CC BY 4.0; GeoNames","source_updated_at":"2023-09-07","retrieved_at":"2026-09-27T04:01:28.254836+00:00","coordinate_source":"GeoNames PPL 聚落地名点（WGS84；可能为旧位置或近似中心）","coordinate_precision":"approximate","coordinates":[116.53573,29.38187],"source_feature_type":"PPL"}],"potential_duplicate":false,"potential_duplicate_ids":[],"township_assignment":"OSM乡界多边形空间归属；并非法定隶属核验","deduplication_note":null}},{"type":"Feature","id":"geonames-7635898","geometry":{"type":"Point","coordinates":[116.54474,29.36768]},"properties":{"id":"geonames-7635898","name":"雷家桥","township_name":"中馆镇","source_url":"https://www.geonames.org/7635898/","source_id":"7635898","source_type":"geonames","source_updated_at":"2023-09-06","retrieved_at":"2026-09-27T04:01:28.254836+00:00","coordinate_source":"GeoNames PPL 聚落地名点（WGS84；可能为旧位置或近似中心）","coordinate_precision":"approximate","settlement_level":"unknown","kind":"settlement","verification_status":"publicly_listed","population":null,"elderly_ratio":null,"aliases":["Leijiaqiao","lei jia qiao"],"sources":[{"id":"geonames-7635898","source_id":"7635898","source_type":"geonames","name":"雷家桥","url":"https://www.geonames.org/7635898/","license":"CC BY 4.0; GeoNames","source_updated_at":"2023-09-06","retrieved_at":"2026-09-27T04:01:28.254836+00:00","coordinate_source":"GeoNames PPL 聚落地名点（WGS84；可能为旧位置或近似中心）","coordinate_precision":"approximate","coordinates":[116.54474,29.36768],"source_feature_type":"PPL"}],"potential_duplicate":false,"potential_duplicate_ids":[],"township_assignment":"OSM乡界多边形空间归属；并非法定隶属核验","deduplication_note":null}},{"type":"Feature","id":"osm-node-3878548238","geometry":{"type":"Point","coordinates":[116.5328954,29.327408]},"properties":{"id":"osm-node-3878548238","name":"黄天裕","township_name":"中馆镇","source_url":"https://www.openstreetmap.org/node/3878548238","source_id":"3878548238","source_type":"osm","source_updated_at":"2015-12-05T15:40:51Z","retrieved_at":"2026-09-27T04:06:23.342197+00:00","coordinate_source":"OpenStreetMap 原始聚落节点（WGS84）","coordinate_precision":"mapped_point","settlement_level":"unknown","kind":"settlement","verification_status":"publicly_listed","population":null,"elderly_ratio":null,"aliases":["Huangtianyu","huang tian yu"],"sources":[{"id":"osm-node-3878548238","source_id":"3878548238","source_type":"osm","name":"黄天裕","url":"https://www.openstreetmap.org/node/3878548238","license":"ODbL 1.0; © OpenStreetMap contributors","source_updated_at":"2015-12-05T15:40:51Z","retrieved_at":"2026-09-27T04:06:23.342197+00:00","coordinate_source":"OpenStreetMap 原始聚落节点（WGS84）","coordinate_precision":"mapped_point","coordinates":[116.5328954,29.327408],"source_feature_type":"village"},{"id":"geonames-7636398","source_id":"7636398","source_type":"geonames","name":"黄天裕","url":"https://www.geonames.org/7636398/","license":"CC BY 4.0; GeoNames","source_updated_at":"2023-09-06","retrieved_at":"2026-09-27T04:01:28.254836+00:00","coordinate_source":"GeoNames PPL 聚落地名点（WGS84；可能为旧位置或近似中心）","coordinate_precision":"approximate","coordinates":[116.53273,29.32753],"source_feature_type":"PPL"}],"potential_duplicate":false,"potential_duplicate_ids":[],"township_assignment":"OSM乡界多边形空间归属；并非法定隶属核验","deduplication_note":"同乡同名/别名且簇内两两相距不超过150米合并；优先OSM原始点"}},{"type":"Feature","id":"osm-node-8948678400","geometry":{"type":"Point","coordinates":[116.5137592,29.3951603]},"properties":{"id":"osm-node-8948678400","name":"黄连桥程家","township_name":"中馆镇","source_url":"https://www.openstreetmap.org/node/8948678400","source_id":"8948678400","source_type":"osm","source_updated_at":"2021-07-25T13:11:00Z","retrieved_at":"2026-09-27T04:06:23.342197+00:00","coordinate_source":"OpenStreetMap 原始聚落节点（WGS84）","coordinate_precision":"mapped_point","settlement_level":"unknown","kind":"settlement","verification_status":"publicly_listed","population":null,"elderly_ratio":null,"aliases":["Huanglianqiao Chengjia","huang lian qiao cheng jia"],"sources":[{"id":"osm-node-8948678400","source_id":"8948678400","source_type":"osm","name":"黄连桥程家","url":"https://www.openstreetmap.org/node/8948678400","license":"ODbL 1.0; © OpenStreetMap contributors","source_updated_at":"2021-07-25T13:11:00Z","retrieved_at":"2026-09-27T04:06:23.342197+00:00","coordinate_source":"OpenStreetMap 原始聚落节点（WGS84）","coordinate_precision":"mapped_point","coordinates":[116.5137592,29.3951603],"source_feature_type":"village"},{"id":"geonames-7635897","source_id":"7635897","source_type":"geonames","name":"黄连桥程家","url":"https://www.geonames.org/7635897/","license":"CC BY 4.0; GeoNames","source_updated_at":"2023-09-06","retrieved_at":"2026-09-27T04:01:28.254836+00:00","coordinate_source":"GeoNames PPL 聚落地名点（WGS84；可能为旧位置或近似中心）","coordinate_precision":"approximate","coordinates":[116.51365,29.39433],"source_feature_type":"PPL"}],"potential_duplicate":false,"potential_duplicate_ids":[],"township_assignment":"OSM乡界多边形空间归属；并非法定隶属核验","deduplication_note":"同乡同名/别名且簇内两两相距不超过150米合并；优先OSM原始点"}},{"type":"Feature","id":"geonames-7635904","geometry":{"type":"Point","coordinates":[116.15908,29.32814]},"properties":{"id":"geonames-7635904","name":"东河垄","township_name":"北山乡","source_url":"https://www.geonames.org/7635904/","source_id":"7635904","source_type":"geonames","source_updated_at":"2023-09-06","retrieved_at":"2026-09-27T04:01:28.254836+00:00","coordinate_source":"GeoNames PPL 聚落地名点（WGS84；可能为旧位置或近似中心）","coordinate_precision":"approximate","settlement_level":"unknown","kind":"settlement","verification_status":"publicly_listed","population":null,"elderly_ratio":null,"aliases":["Donghelong","dong he long"],"sources":[{"id":"geonames-7635904","source_id":"7635904","source_type":"geonames","name":"东河垄","url":"https://www.geonames.org/7635904/","license":"CC BY 4.0; GeoNames","source_updated_at":"2023-09-06","retrieved_at":"2026-09-27T04:01:28.254836+00:00","coordinate_source":"GeoNames PPL 聚落地名点（WGS84；可能为旧位置或近似中心）","coordinate_precision":"approximate","coordinates":[116.15908,29.32814],"source_feature_type":"PPL"}],"potential_duplicate":false,"potential_duplicate_ids":[],"township_assignment":"OSM乡界多边形空间归属；并非法定隶属核验","deduplication_note":null}},{"type":"Feature","id":"geonames-12561871","geometry":{"type":"Point","coordinates":[116.14556,29.33142]},"properties":{"id":"geonames-12561871","name":"余铺村","township_name":"北山乡","source_url":"https://www.geonames.org/12561871/","source_id":"12561871","source_type":"geonames","source_updated_at":"2023-09-07","retrieved_at":"2026-09-27T04:01:28.254836+00:00","coordinate_source":"GeoNames PPL 聚落地名点（WGS84；可能为旧位置或近似中心）","coordinate_precision":"approximate","settlement_level":"unknown","kind":"settlement","verification_status":"publicly_listed","population":null,"elderly_ratio":null,"aliases":["Yupucun","yu pu cun"],"sources":[{"id":"geonames-12561871","source_id":"12561871","source_type":"geonames","name":"余铺村","url":"https://www.geonames.org/12561871/","license":"CC BY 4.0; GeoNames","source_updated_at":"2023-09-07","retrieved_at":"2026-09-27T04:01:28.254836+00:00","coordinate_source":"GeoNames PPL 聚落地名点（WGS84；可能为旧位置或近似中心）","coordinate_precision":"approximate","coordinates":[116.14556,29.33142],"source_feature_type":"PPL"}],"potential_duplicate":false,"potential_duplicate_ids":[],"township_assignment":"OSM乡界多边形空间归属；并非法定隶属核验","deduplication_note":null}},{"type":"Feature","id":"geonames-12561823","geometry":{"type":"Point","coordinates":[116.19197,29.29962]},"properties":{"id":"geonames-12561823","name":"北山居委会","township_name":"北山乡","source_url":"https://www.geonames.org/12561823/","source_id":"12561823","source_type":"geonames","source_updated_at":"2023-09-07","retrieved_at":"2026-09-27T04:01:28.254836+00:00","coordinate_source":"GeoNames PPL 聚落地名点（WGS84；可能为旧位置或近似中心）","coordinate_precision":"approximate","settlement_level":"unknown","kind":"settlement","verification_status":"publicly_listed","population":null,"elderly_ratio":null,"aliases":["Beishan Juweihui","bei shan ju wei hui"],"sources":[{"id":"geonames-12561823","source_id":"12561823","source_type":"geonames","name":"北山居委会","url":"https://www.geonames.org/12561823/","license":"CC BY 4.0; GeoNames","source_updated_at":"2023-09-07","retrieved_at":"2026-09-27T04:01:28.254836+00:00","coordinate_source":"GeoNames PPL 聚落地名点（WGS84；可能为旧位置或近似中心）","coordinate_precision":"approximate","coordinates":[116.19197,29.29962],"source_feature_type":"PPL"}],"potential_duplicate":false,"potential_duplicate_ids":[],"township_assignment":"OSM乡界多边形空间归属；并非法定隶属核验","deduplication_note":null}},{"type":"Feature","id":"geonames-12561843","geometry":{"type":"Point","coordinates":[116.1937,29.34114]},"properties":{"id":"geonames-12561843","name":"团山村","township_name":"北山乡","source_url":"https://www.geonames.org/12561843/","source_id":"12561843","source_type":"geonames","source_updated_at":"2023-09-07","retrieved_at":"2026-09-27T04:01:28.254836+00:00","coordinate_source":"GeoNames PPL 聚落地名点（WGS84；可能为旧位置或近似中心）","coordinate_precision":"approximate","settlement_level":"unknown","kind":"settlement","verification_status":"publicly_listed","population":null,"elderly_ratio":null,"aliases":["Tuanshancun","tuan shan cun"],"sources":[{"id":"geonames-12561843","source_id":"12561843","source_type":"geonames","name":"团山村","url":"https://www.geonames.org/12561843/","license":"CC BY 4.0; GeoNames","source_updated_at":"2023-09-07","retrieved_at":"2026-09-27T04:01:28.254836+00:00","coordinate_source":"GeoNames PPL 聚落地名点（WGS84；可能为旧位置或近似中心）","coordinate_precision":"approximate","coordinates":[116.1937,29.34114],"source_feature_type":"PPL"}],"potential_duplicate":false,"potential_duplicate_ids":[],"township_assignment":"OSM乡界多边形空间归属；并非法定隶属核验","deduplication_note":null}},{"type":"Feature","id":"geonames-7636407","geometry":{"type":"Point","coordinates":[116.18728,29.33108]},"properties":{"id":"geonames-7636407","name":"塘湖村","township_name":"北山乡","source_url":"https://www.geonames.org/7636407/","source_id":"7636407","source_type":"geonames","source_updated_at":"2023-09-06","retrieved_at":"2026-09-27T04:01:28.254836+00:00","coordinate_source":"GeoNames PPL 聚落地名点（WGS84；可能为旧位置或近似中心）","coordinate_precision":"approximate","settlement_level":"unknown","kind":"settlement","verification_status":"publicly_listed","population":null,"elderly_ratio":null,"aliases":["Tanghu","Tanghucun","tang hu","tang hu cun","塘湖"],"sources":[{"id":"geonames-7636407","source_id":"7636407","source_type":"geonames","name":"塘湖村","url":"https://www.geonames.org/7636407/","license":"CC BY 4.0; GeoNames","source_updated_at":"2023-09-06","retrieved_at":"2026-09-27T04:01:28.254836+00:00","coordinate_source":"GeoNames PPL 聚落地名点（WGS84；可能为旧位置或近似中心）","coordinate_precision":"approximate","coordinates":[116.18728,29.33108],"source_feature_type":"PPL"}],"potential_duplicate":false,"potential_duplicate_ids":[],"township_assignment":"OSM乡界多边形空间归属；并非法定隶属核验","deduplication_note":null}},{"type":"Feature","id":"geonames-12561819","geometry":{"type":"Point","coordinates":[116.20381,29.29524]},"properties":{"id":"geonames-12561819","name":"夏家山村","township_name":"北山乡","source_url":"https://www.geonames.org/12561819/","source_id":"12561819","source_type":"geonames","source_updated_at":"2023-09-07","retrieved_at":"2026-09-27T04:01:28.254836+00:00","coordinate_source":"GeoNames PPL 聚落地名点（WGS84；可能为旧位置或近似中心）","coordinate_precision":"approximate","settlement_level":"unknown","kind":"settlement","verification_status":"publicly_listed","population":null,"elderly_ratio":null,"aliases":["Xiajiashancun","xia jia shan cun"],"sources":[{"id":"geonames-12561819","source_id":"12561819","source_type":"geonames","name":"夏家山村","url":"https://www.geonames.org/12561819/","license":"CC BY 4.0; GeoNames","source_updated_at":"2023-09-07","retrieved_at":"2026-09-27T04:01:28.254836+00:00","coordinate_source":"GeoNames PPL 聚落地名点（WGS84；可能为旧位置或近似中心）","coordinate_precision":"approximate","coordinates":[116.20381,29.29524],"source_feature_type":"PPL"}],"potential_duplicate":false,"potential_duplicate_ids":[],"township_assignment":"OSM乡界多边形空间归属；并非法定隶属核验","deduplication_note":null}},{"type":"Feature","id":"osm-node-13930631862","geometry":{"type":"Point","coordinates":[116.1450154,29.3225697]},"properties":{"id":"osm-node-13930631862","name":"大垄许村","township_name":"北山乡","source_url":"https://www.openstreetmap.org/node/13930631862","source_id":"13930631862","source_type":"osm","source_updated_at":"2026-06-12T08:17:15Z","retrieved_at":"2026-09-27T04:06:23.342197+00:00","coordinate_source":"OpenStreetMap 原始聚落节点（WGS84）","coordinate_precision":"mapped_point","settlement_level":"unknown","kind":"settlement","verification_status":"publicly_listed","population":null,"elderly_ratio":null,"aliases":[],"sources":[{"id":"osm-node-13930631862","source_id":"13930631862","source_type":"osm","name":"大垄许村","url":"https://www.openstreetmap.org/node/13930631862","license":"ODbL 1.0; © OpenStreetMap contributors","source_updated_at":"2026-06-12T08:17:15Z","retrieved_at":"2026-09-27T04:06:23.342197+00:00","coordinate_source":"OpenStreetMap 原始聚落节点（WGS84）","coordinate_precision":"mapped_point","coordinates":[116.1450154,29.3225697],"source_feature_type":"hamlet"}],"potential_duplicate":false,"potential_duplicate_ids":[],"township_assignment":"OSM乡界多边形空间归属；并非法定隶属核验","deduplication_note":null}},{"type":"Feature","id":"geonames-7636817","geometry":{"type":"Point","coordinates":[116.14834,29.33916]},"properties":{"id":"geonames-7636817","name":"大房邵","township_name":"北山乡","source_url":"https://www.geonames.org/7636817/","source_id":"7636817","source_type":"geonames","source_updated_at":"2023-09-06","retrieved_at":"2026-09-27T04:01:28.254836+00:00","coordinate_source":"GeoNames PPL 聚落地名点（WGS84；可能为旧位置或近似中心）","coordinate_precision":"approximate","settlement_level":"unknown","kind":"settlement","verification_status":"publicly_listed","population":null,"elderly_ratio":null,"aliases":["Dafangshao","da fang shao"],"sources":[{"id":"geonames-7636817","source_id":"7636817","source_type":"geonames","name":"大房邵","url":"https://www.geonames.org/7636817/","license":"CC BY 4.0; GeoNames","source_updated_at":"2023-09-06","retrieved_at":"2026-09-27T04:01:28.254836+00:00","coordinate_source":"GeoNames PPL 聚落地名点（WGS84；可能为旧位置或近似中心）","coordinate_precision":"approximate","coordinates":[116.14834,29.33916],"source_feature_type":"PPL"}],"potential_duplicate":false,"potential_duplicate_ids":[],"township_assignment":"OSM乡界多边形空间归属；并非法定隶属核验","deduplication_note":null}},{"type":"Feature","id":"geonames-7636186","geometry":{"type":"Point","coordinates":[116.1964,29.28585]},"properties":{"id":"geonames-7636186","name":"寨上","township_name":"北山乡","source_url":"https://www.geonames.org/7636186/","source_id":"7636186","source_type":"geonames","source_updated_at":"2021-09-20","retrieved_at":"2026-09-27T04:01:28.254836+00:00","coordinate_source":"GeoNames PPL 聚落地名点（WGS84；可能为旧位置或近似中心）","coordinate_precision":"approximate","settlement_level":"unknown","kind":"settlement","verification_status":"publicly_listed","population":null,"elderly_ratio":null,"aliases":["Zhaishang","zhai shang"],"sources":[{"id":"geonames-7636186","source_id":"7636186","source_type":"geonames","name":"寨上","url":"https://www.geonames.org/7636186/","license":"CC BY 4.0; GeoNames","source_updated_at":"2021-09-20","retrieved_at":"2026-09-27T04:01:28.254836+00:00","coordinate_source":"GeoNames PPL 聚落地名点（WGS84；可能为旧位置或近似中心）","coordinate_precision":"approximate","coordinates":[116.1964,29.28585],"source_feature_type":"PPL"}],"potential_duplicate":false,"potential_duplicate_ids":[],"township_assignment":"OSM乡界多边形空间归属；并非法定隶属核验","deduplication_note":null}},{"type":"Feature","id":"osm-node-13930598029","geometry":{"type":"Point","coordinates":[116.1308175,29.3215724]},"properties":{"id":"osm-node-13930598029","name":"射山余村","township_name":"北山乡","source_url":"https://www.openstreetmap.org/node/13930598029","source_id":"13930598029","source_type":"osm","source_updated_at":"2026-06-12T08:17:15Z","retrieved_at":"2026-09-27T04:06:23.342197+00:00","coordinate_source":"OpenStreetMap 原始聚落节点（WGS84）","coordinate_precision":"mapped_point","settlement_level":"unknown","kind":"settlement","verification_status":"publicly_listed","population":null,"elderly_ratio":null,"aliases":[],"sources":[{"id":"osm-node-13930598029","source_id":"13930598029","source_type":"osm","name":"射山余村","url":"https://www.openstreetmap.org/node/13930598029","license":"ODbL 1.0; © OpenStreetMap contributors","source_updated_at":"2026-06-12T08:17:15Z","retrieved_at":"2026-09-27T04:06:23.342197+00:00","coordinate_source":"OpenStreetMap 原始聚落节点（WGS84）","coordinate_precision":"mapped_point","coordinates":[116.1308175,29.3215724],"source_feature_type":"hamlet"}],"potential_duplicate":false,"potential_duplicate_ids":[],"township_assignment":"OSM乡界多边形空间归属；并非法定隶属核验","deduplication_note":null}},{"type":"Feature","id":"geonames-12561905","geometry":{"type":"Point","coordinates":[116.19431,29.28416]},"properties":{"id":"geonames-12561905","name":"徐中市村","township_name":"北山乡","source_url":"https://www.geonames.org/12561905/","source_id":"12561905","source_type":"geonames","source_updated_at":"2023-09-07","retrieved_at":"2026-09-27T04:01:28.254836+00:00","coordinate_source":"GeoNames PPL 聚落地名点（WGS84；可能为旧位置或近似中心）","coordinate_precision":"approximate","settlement_level":"unknown","kind":"settlement","verification_status":"publicly_listed","population":null,"elderly_ratio":null,"aliases":["Xuzhongshicun","xu zhong shi cun"],"sources":[{"id":"geonames-12561905","source_id":"12561905","source_type":"geonames","name":"徐中市村","url":"https://www.geonames.org/12561905/","license":"CC BY 4.0; GeoNames","source_updated_at":"2023-09-07","retrieved_at":"2026-09-27T04:01:28.254836+00:00","coordinate_source":"GeoNames PPL 聚落地名点（WGS84；可能为旧位置或近似中心）","coordinate_precision":"approximate","coordinates":[116.19431,29.28416],"source_feature_type":"PPL"}],"potential_duplicate":false,"potential_duplicate_ids":[],"township_assignment":"OSM乡界多边形空间归属；并非法定隶属核验","deduplication_note":null}},{"type":"Feature","id":"geonames-7636541","geometry":{"type":"Point","coordinates":[116.18278,29.29455]},"properties":{"id":"geonames-7636541","name":"扒船塘村","township_name":"北山乡","source_url":"https://www.geonames.org/7636541/","source_id":"7636541","source_type":"geonames","source_updated_at":"2023-09-06","retrieved_at":"2026-09-27T04:01:28.254836+00:00","coordinate_source":"GeoNames PPL 聚落地名点（WGS84；可能为旧位置或近似中心）","coordinate_precision":"approximate","settlement_level":"unknown","kind":"settlement","verification_status":"publicly_listed","population":null,"elderly_ratio":null,"aliases":["Bachuantang","Pachuan Tangcun","ba chuan tang","ba chuan tang cun","扒船塘"],"sources":[{"id":"geonames-7636541","source_id":"7636541","source_type":"geonames","name":"扒船塘村","url":"https://www.geonames.org/7636541/","license":"CC BY 4.0; GeoNames","source_updated_at":"2023-09-06","retrieved_at":"2026-09-27T04:01:28.254836+00:00","coordinate_source":"GeoNames PPL 聚落地名点（WGS84；可能为旧位置或近似中心）","coordinate_precision":"approximate","coordinates":[116.18278,29.29455],"source_feature_type":"PPL"}],"potential_duplicate":false,"potential_duplicate_ids":[],"township_assignment":"OSM乡界多边形空间归属；并非法定隶属核验","deduplication_note":null}},{"type":"Feature","id":"geonames-7635905","geometry":{"type":"Point","coordinates":[116.16928,29.28538]},"properties":{"id":"geonames-7635905","name":"松峦村","township_name":"北山乡","source_url":"https://www.geonames.org/7635905/","source_id":"7635905","source_type":"geonames","source_updated_at":"2023-09-06","retrieved_at":"2026-09-27T04:01:28.254836+00:00","coordinate_source":"GeoNames PPL 聚落地名点（WGS84；可能为旧位置或近似中心）","coordinate_precision":"approximate","settlement_level":"unknown","kind":"settlement","verification_status":"publicly_listed","population":null,"elderly_ratio":null,"aliases":["Songluan","Songluancun","song luan","song luan cun","松峦"],"sources":[{"id":"geonames-7635905","source_id":"7635905","source_type":"geonames","name":"松峦村","url":"https://www.geonames.org/7635905/","license":"CC BY 4.0; GeoNames","source_updated_at":"2023-09-06","retrieved_at":"2026-09-27T04:01:28.254836+00:00","coordinate_source":"GeoNames PPL 聚落地名点（WGS84；可能为旧位置或近似中心）","coordinate_precision":"approximate","coordinates":[116.16928,29.28538],"source_feature_type":"PPL"}],"potential_duplicate":false,"potential_duplicate_ids":[],"township_assignment":"OSM乡界多边形空间归属；并非法定隶属核验","deduplication_note":null}},{"type":"Feature","id":"geonames-7636414","geometry":{"type":"Point","coordinates":[116.16461,29.31649]},"properties":{"id":"geonames-7636414","name":"桃岭村","township_name":"北山乡","source_url":"https://www.geonames.org/7636414/","source_id":"7636414","source_type":"geonames","source_updated_at":"2023-09-06","retrieved_at":"2026-09-27T04:01:28.254836+00:00","coordinate_source":"GeoNames PPL 聚落地名点（WGS84；可能为旧位置或近似中心）","coordinate_precision":"approximate","settlement_level":"unknown","kind":"settlement","verification_status":"publicly_listed","population":null,"elderly_ratio":null,"aliases":["Taoling","Taolingcun","tao ling","tao ling cun","桃岭"],"sources":[{"id":"geonames-7636414","source_id":"7636414","source_type":"geonames","name":"桃岭村","url":"https://www.geonames.org/7636414/","license":"CC BY 4.0; GeoNames","source_updated_at":"2023-09-06","retrieved_at":"2026-09-27T04:01:28.254836+00:00","coordinate_source":"GeoNames PPL 聚落地名点（WGS84；可能为旧位置或近似中心）","coordinate_precision":"approximate","coordinates":[116.16461,29.31649],"source_feature_type":"PPL"}],"potential_duplicate":false,"potential_duplicate_ids":[],"township_assignment":"OSM乡界多边形空间归属；并非法定隶属核验","deduplication_note":null}},{"type":"Feature","id":"geonames-12561739","geometry":{"type":"Point","coordinates":[116.16779,29.30778]},"properties":{"id":"geonames-12561739","name":"桃树岭村","township_name":"北山乡","source_url":"https://www.geonames.org/12561739/","source_id":"12561739","source_type":"geonames","source_updated_at":"2023-09-07","retrieved_at":"2026-09-27T04:01:28.254836+00:00","coordinate_source":"GeoNames PPL 聚落地名点（WGS84；可能为旧位置或近似中心）","coordinate_precision":"approximate","settlement_level":"unknown","kind":"settlement","verification_status":"publicly_listed","population":null,"elderly_ratio":null,"aliases":["Taoshulingcun","tao shu ling cun"],"sources":[{"id":"geonames-12561739","source_id":"12561739","source_type":"geonames","name":"桃树岭村","url":"https://www.geonames.org/12561739/","license":"CC BY 4.0; GeoNames","source_updated_at":"2023-09-07","retrieved_at":"2026-09-27T04:01:28.254836+00:00","coordinate_source":"GeoNames PPL 聚落地名点（WGS84；可能为旧位置或近似中心）","coordinate_precision":"approximate","coordinates":[116.16779,29.30778],"source_feature_type":"PPL"}],"potential_duplicate":false,"potential_duplicate_ids":[],"township_assignment":"OSM乡界多边形空间归属；并非法定隶属核验","deduplication_note":null}},{"type":"Feature","id":"osm-node-13930598031","geometry":{"type":"Point","coordinates":[116.1501881,29.317262]},"properties":{"id":"osm-node-13930598031","name":"横山村","township_name":"北山乡","source_url":"https://www.openstreetmap.org/node/13930598031","source_id":"13930598031","source_type":"osm","source_updated_at":"2026-06-12T08:17:15Z","retrieved_at":"2026-09-27T04:06:23.342197+00:00","coordinate_source":"OpenStreetMap 原始聚落节点（WGS84）","coordinate_precision":"mapped_point","settlement_level":"unknown","kind":"settlement","verification_status":"publicly_listed","population":null,"elderly_ratio":null,"aliases":[],"sources":[{"id":"osm-node-13930598031","source_id":"13930598031","source_type":"osm","name":"横山村","url":"https://www.openstreetmap.org/node/13930598031","license":"ODbL 1.0; © OpenStreetMap contributors","source_updated_at":"2026-06-12T08:17:15Z","retrieved_at":"2026-09-27T04:06:23.342197+00:00","coordinate_source":"OpenStreetMap 原始聚落节点（WGS84）","coordinate_precision":"mapped_point","coordinates":[116.1501881,29.317262],"source_feature_type":"village"}],"potential_duplicate":false,"potential_duplicate_ids":[],"township_assignment":"OSM乡界多边形空间归属；并非法定隶属核验","deduplication_note":null}},{"type":"Feature","id":"geonames-7636601","geometry":{"type":"Point","coordinates":[116.17319,29.27201]},"properties":{"id":"geonames-7636601","name":"段家咀","township_name":"北山乡","source_url":"https://www.geonames.org/7636601/","source_id":"7636601","source_type":"geonames","source_updated_at":"2023-09-06","retrieved_at":"2026-09-27T04:01:28.254836+00:00","coordinate_source":"GeoNames PPL 聚落地名点（WGS84；可能为旧位置或近似中心）","coordinate_precision":"approximate","settlement_level":"unknown","kind":"settlement","verification_status":"publicly_listed","population":null,"elderly_ratio":null,"aliases":["Duanjiazui","duan jia ju"],"sources":[{"id":"geonames-7636601","source_id":"7636601","source_type":"geonames","name":"段家咀","url":"https://www.geonames.org/7636601/","license":"CC BY 4.0; GeoNames","source_updated_at":"2023-09-06","retrieved_at":"2026-09-27T04:01:28.254836+00:00","coordinate_source":"GeoNames PPL 聚落地名点（WGS84；可能为旧位置或近似中心）","coordinate_precision":"approximate","coordinates":[116.17319,29.27201],"source_feature_type":"PPL"}],"potential_duplicate":false,"potential_duplicate_ids":[],"township_assignment":"OSM乡界多边形空间归属；并非法定隶属核验","deduplication_note":null}},{"type":"Feature","id":"geonames-12561746","geometry":{"type":"Point","coordinates":[116.16101,29.3095]},"properties":{"id":"geonames-12561746","name":"河垅村","township_name":"北山乡","source_url":"https://www.geonames.org/12561746/","source_id":"12561746","source_type":"geonames","source_updated_at":"2023-09-07","retrieved_at":"2026-09-27T04:01:28.254836+00:00","coordinate_source":"GeoNames PPL 聚落地名点（WGS84；可能为旧位置或近似中心）","coordinate_precision":"approximate","settlement_level":"unknown","kind":"settlement","verification_status":"publicly_listed","population":null,"elderly_ratio":null,"aliases":["Helongcun","he long cun"],"sources":[{"id":"geonames-12561746","source_id":"12561746","source_type":"geonames","name":"河垅村","url":"https://www.geonames.org/12561746/","license":"CC BY 4.0; GeoNames","source_updated_at":"2023-09-07","retrieved_at":"2026-09-27T04:01:28.254836+00:00","coordinate_source":"GeoNames PPL 聚落地名点（WGS84；可能为旧位置或近似中心）","coordinate_precision":"approximate","coordinates":[116.16101,29.3095],"source_feature_type":"PPL"}],"potential_duplicate":false,"potential_duplicate_ids":[],"township_assignment":"OSM乡界多边形空间归属；并非法定隶属核验","deduplication_note":null}},{"type":"Feature","id":"geonames-7636333","geometry":{"type":"Point","coordinates":[116.13886,29.31733]},"properties":{"id":"geonames-7636333","name":"石塘刘家","township_name":"北山乡","source_url":"https://www.geonames.org/7636333/","source_id":"7636333","source_type":"geonames","source_updated_at":"2023-09-06","retrieved_at":"2026-09-27T04:01:28.254836+00:00","coordinate_source":"GeoNames PPL 聚落地名点（WGS84；可能为旧位置或近似中心）","coordinate_precision":"approximate","settlement_level":"unknown","kind":"settlement","verification_status":"publicly_listed","population":null,"elderly_ratio":null,"aliases":["Shitang Liujia","shi tang liu jia"],"sources":[{"id":"geonames-7636333","source_id":"7636333","source_type":"geonames","name":"石塘刘家","url":"https://www.geonames.org/7636333/","license":"CC BY 4.0; GeoNames","source_updated_at":"2023-09-06","retrieved_at":"2026-09-27T04:01:28.254836+00:00","coordinate_source":"GeoNames PPL 聚落地名点（WGS84；可能为旧位置或近似中心）","coordinate_precision":"approximate","coordinates":[116.13886,29.31733],"source_feature_type":"PPL"}],"potential_duplicate":false,"potential_duplicate_ids":[],"township_assignment":"OSM乡界多边形空间归属；并非法定隶属核验","deduplication_note":null}},{"type":"Feature","id":"osm-node-13930598030","geometry":{"type":"Point","coordinates":[116.1403443,29.3154093]},"properties":{"id":"osm-node-13930598030","name":"石塘张家","township_name":"北山乡","source_url":"https://www.openstreetmap.org/node/13930598030","source_id":"13930598030","source_type":"osm","source_updated_at":"2026-06-12T08:17:15Z","retrieved_at":"2026-09-27T04:06:23.342197+00:00","coordinate_source":"OpenStreetMap 原始聚落节点（WGS84）","coordinate_precision":"mapped_point","settlement_level":"unknown","kind":"settlement","verification_status":"publicly_listed","population":null,"elderly_ratio":null,"aliases":[],"sources":[{"id":"osm-node-13930598030","source_id":"13930598030","source_type":"osm","name":"石塘张家","url":"https://www.openstreetmap.org/node/13930598030","license":"ODbL 1.0; © OpenStreetMap contributors","source_updated_at":"2026-06-12T08:17:15Z","retrieved_at":"2026-09-27T04:06:23.342197+00:00","coordinate_source":"OpenStreetMap 原始聚落节点（WGS84）","coordinate_precision":"mapped_point","coordinates":[116.1403443,29.3154093],"source_feature_type":"hamlet"}],"potential_duplicate":false,"potential_duplicate_ids":[],"township_assignment":"OSM乡界多边形空间归属；并非法定隶属核验","deduplication_note":null}},{"type":"Feature","id":"geonames-12561837","geometry":{"type":"Point","coordinates":[116.18039,29.3046]},"properties":{"id":"geonames-12561837","name":"竹峦村","township_name":"北山乡","source_url":"https://www.geonames.org/12561837/","source_id":"12561837","source_type":"geonames","source_updated_at":"2023-09-07","retrieved_at":"2026-09-27T04:01:28.254836+00:00","coordinate_source":"GeoNames PPL 聚落地名点（WGS84；可能为旧位置或近似中心）","coordinate_precision":"approximate","settlement_level":"unknown","kind":"settlement","verification_status":"publicly_listed","population":null,"elderly_ratio":null,"aliases":["Zhuluancun","zhu luan cun"],"sources":[{"id":"geonames-12561837","source_id":"12561837","source_type":"geonames","name":"竹峦村","url":"https://www.geonames.org/12561837/","license":"CC BY 4.0; GeoNames","source_updated_at":"2023-09-07","retrieved_at":"2026-09-27T04:01:28.254836+00:00","coordinate_source":"GeoNames PPL 聚落地名点（WGS84；可能为旧位置或近似中心）","coordinate_precision":"approximate","coordinates":[116.18039,29.3046],"source_feature_type":"PPL"}],"potential_duplicate":false,"potential_duplicate_ids":[],"township_assignment":"OSM乡界多边形空间归属；并非法定隶属核验","deduplication_note":null}},{"type":"Feature","id":"geonames-7636413","geometry":{"type":"Point","coordinates":[116.16535,29.33594]},"properties":{"id":"geonames-7636413","name":"素仙村","township_name":"北山乡","source_url":"https://www.geonames.org/7636413/","source_id":"7636413","source_type":"geonames","source_updated_at":"2023-09-06","retrieved_at":"2026-09-27T04:01:28.254836+00:00","coordinate_source":"GeoNames PPL 聚落地名点（WGS84；可能为旧位置或近似中心）","coordinate_precision":"approximate","settlement_level":"unknown","kind":"settlement","verification_status":"publicly_listed","population":null,"elderly_ratio":null,"aliases":["Suxian","Suxiancun","su xian","su xian cun","素仙"],"sources":[{"id":"geonames-7636413","source_id":"7636413","source_type":"geonames","name":"素仙村","url":"https://www.geonames.org/7636413/","license":"CC BY 4.0; GeoNames","source_updated_at":"2023-09-06","retrieved_at":"2026-09-27T04:01:28.254836+00:00","coordinate_source":"GeoNames PPL 聚落地名点（WGS84；可能为旧位置或近似中心）","coordinate_precision":"approximate","coordinates":[116.16535,29.33594],"source_feature_type":"PPL"}],"potential_duplicate":false,"potential_duplicate_ids":[],"township_assignment":"OSM乡界多边形空间归属；并非法定隶属核验","deduplication_note":null}},{"type":"Feature","id":"geonames-7636272","geometry":{"type":"Point","coordinates":[116.06006,29.3776]},"properties":{"id":"geonames-7636272","name":"老爷庙","township_name":"北山乡","source_url":"https://www.geonames.org/7636272/","source_id":"7636272","source_type":"geonames","source_updated_at":"2021-09-20","retrieved_at":"2026-09-27T04:01:28.254836+00:00","coordinate_source":"GeoNames PPL 聚落地名点（WGS84；可能为旧位置或近似中心）","coordinate_precision":"approximate","settlement_level":"unknown","kind":"settlement","verification_status":"publicly_listed","population":null,"elderly_ratio":null,"aliases":["Laoyemiao","lao ye miao"],"sources":[{"id":"geonames-7636272","source_id":"7636272","source_type":"geonames","name":"老爷庙","url":"https://www.geonames.org/7636272/","license":"CC BY 4.0; GeoNames","source_updated_at":"2021-09-20","retrieved_at":"2026-09-27T04:01:28.254836+00:00","coordinate_source":"GeoNames PPL 聚落地名点（WGS84；可能为旧位置或近似中心）","coordinate_precision":"approximate","coordinates":[116.06006,29.3776],"source_feature_type":"PPL"}],"potential_duplicate":false,"potential_duplicate_ids":[],"township_assignment":"OSM乡界多边形空间归属；并非法定隶属核验","deduplication_note":null}},{"type":"Feature","id":"geonames-12561745","geometry":{"type":"Point","coordinates":[116.20176,29.30977]},"properties":{"id":"geonames-12561745","name":"芙蓉村","township_name":"北山乡","source_url":"https://www.geonames.org/12561745/","source_id":"12561745","source_type":"geonames","source_updated_at":"2023-09-07","retrieved_at":"2026-09-27T04:01:28.254836+00:00","coordinate_source":"GeoNames PPL 聚落地名点（WGS84；可能为旧位置或近似中心）","coordinate_precision":"approximate","settlement_level":"unknown","kind":"settlement","verification_status":"publicly_listed","population":null,"elderly_ratio":null,"aliases":["Furongcun","fu rong cun"],"sources":[{"id":"geonames-12561745","source_id":"12561745","source_type":"geonames","name":"芙蓉村","url":"https://www.geonames.org/12561745/","license":"CC BY 4.0; GeoNames","source_updated_at":"2023-09-07","retrieved_at":"2026-09-27T04:01:28.254836+00:00","coordinate_source":"GeoNames PPL 聚落地名点（WGS84；可能为旧位置或近似中心）","coordinate_precision":"approximate","coordinates":[116.20176,29.30977],"source_feature_type":"PPL"}],"potential_duplicate":false,"potential_duplicate_ids":[],"township_assignment":"OSM乡界多边形空间归属；并非法定隶属核验","deduplication_note":null}},{"type":"Feature","id":"geonames-7636469","geometry":{"type":"Point","coordinates":[116.16376,29.2962]},"properties":{"id":"geonames-7636469","name":"跑马巷村","township_name":"北山乡","source_url":"https://www.geonames.org/7636469/","source_id":"7636469","source_type":"geonames","source_updated_at":"2023-09-06","retrieved_at":"2026-09-27T04:01:28.254836+00:00","coordinate_source":"GeoNames PPL 聚落地名点（WGS84；可能为旧位置或近似中心）","coordinate_precision":"approximate","settlement_level":"unknown","kind":"settlement","verification_status":"publicly_listed","population":null,"elderly_ratio":null,"aliases":["Paomaxiang","Paomaxiangcun","pao ma xiang","pao ma xiang cun","跑马巷"],"sources":[{"id":"geonames-7636469","source_id":"7636469","source_type":"geonames","name":"跑马巷村","url":"https://www.geonames.org/7636469/","license":"CC BY 4.0; GeoNames","source_updated_at":"2023-09-06","retrieved_at":"2026-09-27T04:01:28.254836+00:00","coordinate_source":"GeoNames PPL 聚落地名点（WGS84；可能为旧位置或近似中心）","coordinate_precision":"approximate","coordinates":[116.16376,29.2962],"source_feature_type":"PPL"}],"potential_duplicate":false,"potential_duplicate_ids":[],"township_assignment":"OSM乡界多边形空间归属；并非法定隶属核验","deduplication_note":null}},{"type":"Feature","id":"geonames-12561789","geometry":{"type":"Point","coordinates":[116.18082,29.27103]},"properties":{"id":"geonames-12561789","name":"邹家咀村","township_name":"北山乡","source_url":"https://www.geonames.org/12561789/","source_id":"12561789","source_type":"geonames","source_updated_at":"2023-09-07","retrieved_at":"2026-09-27T04:01:28.254836+00:00","coordinate_source":"GeoNames PPL 聚落地名点（WGS84；可能为旧位置或近似中心）","coordinate_precision":"approximate","settlement_level":"unknown","kind":"settlement","verification_status":"publicly_listed","population":null,"elderly_ratio":null,"aliases":["Zoujiajucun","zou jia ju cun"],"sources":[{"id":"geonames-12561789","source_id":"12561789","source_type":"geonames","name":"邹家咀村","url":"https://www.geonames.org/12561789/","license":"CC BY 4.0; GeoNames","source_updated_at":"2023-09-07","retrieved_at":"2026-09-27T04:01:28.254836+00:00","coordinate_source":"GeoNames PPL 聚落地名点（WGS84；可能为旧位置或近似中心）","coordinate_precision":"approximate","coordinates":[116.18082,29.27103],"source_feature_type":"PPL"}],"potential_duplicate":false,"potential_duplicate_ids":[],"township_assignment":"OSM乡界多边形空间归属；并非法定隶属核验","deduplication_note":null}},{"type":"Feature","id":"geonames-7636649","geometry":{"type":"Point","coordinates":[116.14928,29.30642]},"properties":{"id":"geonames-7636649","name":"郑家湾","township_name":"北山乡","source_url":"https://www.geonames.org/7636649/","source_id":"7636649","source_type":"geonames","source_updated_at":"2023-09-06","retrieved_at":"2026-09-27T04:01:28.254836+00:00","coordinate_source":"GeoNames PPL 聚落地名点（WGS84；可能为旧位置或近似中心）","coordinate_precision":"approximate","settlement_level":"unknown","kind":"settlement","verification_status":"publicly_listed","population":null,"elderly_ratio":null,"aliases":["Zhengjiawan","zheng jia wan"],"sources":[{"id":"geonames-7636649","source_id":"7636649","source_type":"geonames","name":"郑家湾","url":"https://www.geonames.org/7636649/","license":"CC BY 4.0; GeoNames","source_updated_at":"2023-09-06","retrieved_at":"2026-09-27T04:01:28.254836+00:00","coordinate_source":"GeoNames PPL 聚落地名点（WGS84；可能为旧位置或近似中心）","coordinate_precision":"approximate","coordinates":[116.14928,29.30642],"source_feature_type":"PPL"}],"potential_duplicate":false,"potential_duplicate_ids":[],"township_assignment":"OSM乡界多边形空间归属；并非法定隶属核验","deduplication_note":null}},{"type":"Feature","id":"geonames-7636529","geometry":{"type":"Point","coordinates":[116.20253,29.28439]},"properties":{"id":"geonames-7636529","name":"阮家垄","township_name":"北山乡","source_url":"https://www.geonames.org/7636529/","source_id":"7636529","source_type":"geonames","source_updated_at":"2023-09-06","retrieved_at":"2026-09-27T04:01:28.254836+00:00","coordinate_source":"GeoNames PPL 聚落地名点（WGS84；可能为旧位置或近似中心）","coordinate_precision":"approximate","settlement_level":"unknown","kind":"settlement","verification_status":"publicly_listed","population":null,"elderly_ratio":null,"aliases":["Ruanjialong","ruan jia long"],"sources":[{"id":"geonames-7636529","source_id":"7636529","source_type":"geonames","name":"阮家垄","url":"https://www.geonames.org/7636529/","license":"CC BY 4.0; GeoNames","source_updated_at":"2023-09-06","retrieved_at":"2026-09-27T04:01:28.254836+00:00","coordinate_source":"GeoNames PPL 聚落地名点（WGS84；可能为旧位置或近似中心）","coordinate_precision":"approximate","coordinates":[116.20253,29.28439],"source_feature_type":"PPL"}],"potential_duplicate":false,"potential_duplicate_ids":[],"township_assignment":"OSM乡界多边形空间归属；并非法定隶属核验","deduplication_note":null}},{"type":"Feature","id":"geonames-7636037","geometry":{"type":"Point","coordinates":[116.19873,29.34644]},"properties":{"id":"geonames-7636037","name":"陂迳","township_name":"北山乡","source_url":"https://www.geonames.org/7636037/","source_id":"7636037","source_type":"geonames","source_updated_at":"2021-09-20","retrieved_at":"2026-09-27T04:01:28.254836+00:00","coordinate_source":"GeoNames PPL 聚落地名点（WGS84；可能为旧位置或近似中心）","coordinate_precision":"approximate","settlement_level":"unknown","kind":"settlement","verification_status":"publicly_listed","population":null,"elderly_ratio":null,"aliases":["Beijing","bei jing"],"sources":[{"id":"geonames-7636037","source_id":"7636037","source_type":"geonames","name":"陂迳","url":"https://www.geonames.org/7636037/","license":"CC BY 4.0; GeoNames","source_updated_at":"2021-09-20","retrieved_at":"2026-09-27T04:01:28.254836+00:00","coordinate_source":"GeoNames PPL 聚落地名点（WGS84；可能为旧位置或近似中心）","coordinate_precision":"approximate","coordinates":[116.19873,29.34644],"source_feature_type":"PPL"}],"potential_duplicate":false,"potential_duplicate_ids":[],"township_assignment":"OSM乡界多边形空间归属；并非法定隶属核验","deduplication_note":null}},{"type":"Feature","id":"geonames-7636818","geometry":{"type":"Point","coordinates":[116.18867,29.29839]},"properties":{"id":"geonames-7636818","name":"集生村","township_name":"北山乡","source_url":"https://www.geonames.org/7636818/","source_id":"7636818","source_type":"geonames","source_updated_at":"2023-09-06","retrieved_at":"2026-09-27T04:01:28.254836+00:00","coordinate_source":"GeoNames PPL 聚落地名点（WGS84；可能为旧位置或近似中心）","coordinate_precision":"approximate","settlement_level":"unknown","kind":"settlement","verification_status":"publicly_listed","population":null,"elderly_ratio":null,"aliases":["Jisheng","Jishengcun","ji sheng","ji sheng cun","集生"],"sources":[{"id":"geonames-7636818","source_id":"7636818","source_type":"geonames","name":"集生村","url":"https://www.geonames.org/7636818/","license":"CC BY 4.0; GeoNames","source_updated_at":"2023-09-06","retrieved_at":"2026-09-27T04:01:28.254836+00:00","coordinate_source":"GeoNames PPL 聚落地名点（WGS84；可能为旧位置或近似中心）","coordinate_precision":"approximate","coordinates":[116.18867,29.29839],"source_feature_type":"PPL"}],"potential_duplicate":false,"potential_duplicate_ids":[],"township_assignment":"OSM乡界多边形空间归属；并非法定隶属核验","deduplication_note":null}},{"type":"Feature","id":"geonames-12561827","geometry":{"type":"Point","coordinates":[116.57751,29.27073]},"properties":{"id":"geonames-12561827","name":"乌沙村","township_name":"南峰镇","source_url":"https://www.geonames.org/12561827/","source_id":"12561827","source_type":"geonames","source_updated_at":"2023-09-07","retrieved_at":"2026-09-27T04:01:28.254836+00:00","coordinate_source":"GeoNames PPL 聚落地名点（WGS84；可能为旧位置或近似中心）","coordinate_precision":"approximate","settlement_level":"unknown","kind":"settlement","verification_status":"publicly_listed","population":null,"elderly_ratio":null,"aliases":["Wushacun","wu sha cun"],"sources":[{"id":"geonames-12561827","source_id":"12561827","source_type":"geonames","name":"乌沙村","url":"https://www.geonames.org/12561827/","license":"CC BY 4.0; GeoNames","source_updated_at":"2023-09-07","retrieved_at":"2026-09-27T04:01:28.254836+00:00","coordinate_source":"GeoNames PPL 聚落地名点（WGS84；可能为旧位置或近似中心）","coordinate_precision":"approximate","coordinates":[116.57751,29.27073],"source_feature_type":"PPL"}],"potential_duplicate":false,"potential_duplicate_ids":[],"township_assignment":"OSM乡界多边形空间归属；并非法定隶属核验","deduplication_note":null}},{"type":"Feature","id":"geonames-7636444","geometry":{"type":"Point","coordinates":[116.58434,29.24735]},"properties":{"id":"geonames-7636444","name":"余晃村","township_name":"南峰镇","source_url":"https://www.geonames.org/7636444/","source_id":"7636444","source_type":"geonames","source_updated_at":"2023-09-06","retrieved_at":"2026-09-27T04:01:28.254836+00:00","coordinate_source":"GeoNames PPL 聚落地名点（WGS84；可能为旧位置或近似中心）","coordinate_precision":"approximate","settlement_level":"unknown","kind":"settlement","verification_status":"publicly_listed","population":null,"elderly_ratio":null,"aliases":["Yufang","Yuhuangcun","yu fang","yu huang cun","余访"],"sources":[{"id":"geonames-7636444","source_id":"7636444","source_type":"geonames","name":"余晃村","url":"https://www.geonames.org/7636444/","license":"CC BY 4.0; GeoNames","source_updated_at":"2023-09-06","retrieved_at":"2026-09-27T04:01:28.254836+00:00","coordinate_source":"GeoNames PPL 聚落地名点（WGS84；可能为旧位置或近似中心）","coordinate_precision":"approximate","coordinates":[116.58434,29.24735],"source_feature_type":"PPL"}],"potential_duplicate":false,"potential_duplicate_ids":[],"township_assignment":"OSM乡界多边形空间归属；并非法定隶属核验","deduplication_note":null}},{"type":"Feature","id":"geonames-12561774","geometry":{"type":"Point","coordinates":[116.54844,29.31603]},"properties":{"id":"geonames-12561774","name":"大山村","township_name":"南峰镇","source_url":"https://www.geonames.org/12561774/","source_id":"12561774","source_type":"geonames","source_updated_at":"2023-09-07","retrieved_at":"2026-09-27T04:01:28.254836+00:00","coordinate_source":"GeoNames PPL 聚落地名点（WGS84；可能为旧位置或近似中心）","coordinate_precision":"approximate","settlement_level":"unknown","kind":"settlement","verification_status":"publicly_listed","population":null,"elderly_ratio":null,"aliases":["Dashancun","da shan cun"],"sources":[{"id":"geonames-12561774","source_id":"12561774","source_type":"geonames","name":"大山村","url":"https://www.geonames.org/12561774/","license":"CC BY 4.0; GeoNames","source_updated_at":"2023-09-07","retrieved_at":"2026-09-27T04:01:28.254836+00:00","coordinate_source":"GeoNames PPL 聚落地名点（WGS84；可能为旧位置或近似中心）","coordinate_precision":"approximate","coordinates":[116.54844,29.31603],"source_feature_type":"PPL"}],"potential_duplicate":false,"potential_duplicate_ids":[],"township_assignment":"OSM乡界多边形空间归属；并非法定隶属核验","deduplication_note":null}},{"type":"Feature","id":"geonames-7636158","geometry":{"type":"Point","coordinates":[116.55032,29.29345]},"properties":{"id":"geonames-7636158","name":"新家源","township_name":"南峰镇","source_url":"https://www.geonames.org/7636158/","source_id":"7636158","source_type":"geonames","source_updated_at":"2021-09-20","retrieved_at":"2026-09-27T04:01:28.254836+00:00","coordinate_source":"GeoNames PPL 聚落地名点（WGS84；可能为旧位置或近似中心）","coordinate_precision":"approximate","settlement_level":"unknown","kind":"settlement","verification_status":"publicly_listed","population":null,"elderly_ratio":null,"aliases":["Xinjiayuan","xin jia yuan"],"sources":[{"id":"geonames-7636158","source_id":"7636158","source_type":"geonames","name":"新家源","url":"https://www.geonames.org/7636158/","license":"CC BY 4.0; GeoNames","source_updated_at":"2021-09-20","retrieved_at":"2026-09-27T04:01:28.254836+00:00","coordinate_source":"GeoNames PPL 聚落地名点（WGS84；可能为旧位置或近似中心）","coordinate_precision":"approximate","coordinates":[116.55032,29.29345],"source_feature_type":"PPL"}],"potential_duplicate":false,"potential_duplicate_ids":[],"township_assignment":"OSM乡界多边形空间归属；并非法定隶属核验","deduplication_note":null}},{"type":"Feature","id":"geonames-12561791","geometry":{"type":"Point","coordinates":[116.55195,29.2935]},"properties":{"id":"geonames-12561791","name":"暖湖村","township_name":"南峰镇","source_url":"https://www.geonames.org/12561791/","source_id":"12561791","source_type":"geonames","source_updated_at":"2023-09-07","retrieved_at":"2026-09-27T04:01:28.254836+00:00","coordinate_source":"GeoNames PPL 聚落地名点（WGS84；可能为旧位置或近似中心）","coordinate_precision":"approximate","settlement_level":"unknown","kind":"settlement","verification_status":"publicly_listed","population":null,"elderly_ratio":null,"aliases":["Nuanhucun","nuan hu cun"],"sources":[{"id":"geonames-12561791","source_id":"12561791","source_type":"geonames","name":"暖湖村","url":"https://www.geonames.org/12561791/","license":"CC BY 4.0; GeoNames","source_updated_at":"2023-09-07","retrieved_at":"2026-09-27T04:01:28.254836+00:00","coordinate_source":"GeoNames PPL 聚落地名点（WGS84；可能为旧位置或近似中心）","coordinate_precision":"approximate","coordinates":[116.55195,29.2935],"source_feature_type":"PPL"}],"potential_duplicate":false,"potential_duplicate_ids":[],"township_assignment":"OSM乡界多边形空间归属；并非法定隶属核验","deduplication_note":null}},{"type":"Feature","id":"geonames-7636543","geometry":{"type":"Point","coordinates":[116.53141,29.31007]},"properties":{"id":"geonames-7636543","name":"油山村","township_name":"南峰镇","source_url":"https://www.geonames.org/7636543/","source_id":"7636543","source_type":"geonames","source_updated_at":"2023-09-06","retrieved_at":"2026-09-27T04:01:28.254836+00:00","coordinate_source":"GeoNames PPL 聚落地名点（WGS84；可能为旧位置或近似中心）","coordinate_precision":"approximate","settlement_level":"unknown","kind":"settlement","verification_status":"publicly_listed","population":null,"elderly_ratio":null,"aliases":["Youshan","Youshancun","you shan","you shan cun","油山"],"sources":[{"id":"geonames-7636543","source_id":"7636543","source_type":"geonames","name":"油山村","url":"https://www.geonames.org/7636543/","license":"CC BY 4.0; GeoNames","source_updated_at":"2023-09-06","retrieved_at":"2026-09-27T04:01:28.254836+00:00","coordinate_source":"GeoNames PPL 聚落地名点（WGS84；可能为旧位置或近似中心）","coordinate_precision":"approximate","coordinates":[116.53141,29.31007],"source_feature_type":"PPL"}],"potential_duplicate":false,"potential_duplicate_ids":[],"township_assignment":"OSM乡界多边形空间归属；并非法定隶属核验","deduplication_note":null}},{"type":"Feature","id":"geonames-12561826","geometry":{"type":"Point","coordinates":[116.55905,29.28454]},"properties":{"id":"geonames-12561826","name":"白水村","township_name":"南峰镇","source_url":"https://www.geonames.org/12561826/","source_id":"12561826","source_type":"geonames","source_updated_at":"2023-09-07","retrieved_at":"2026-09-27T04:01:28.254836+00:00","coordinate_source":"GeoNames PPL 聚落地名点（WGS84；可能为旧位置或近似中心）","coordinate_precision":"approximate","settlement_level":"unknown","kind":"settlement","verification_status":"publicly_listed","population":null,"elderly_ratio":null,"aliases":["Baishuicun","bai shui cun"],"sources":[{"id":"geonames-12561826","source_id":"12561826","source_type":"geonames","name":"白水村","url":"https://www.geonames.org/12561826/","license":"CC BY 4.0; GeoNames","source_updated_at":"2023-09-07","retrieved_at":"2026-09-27T04:01:28.254836+00:00","coordinate_source":"GeoNames PPL 聚落地名点（WGS84；可能为旧位置或近似中心）","coordinate_precision":"approximate","coordinates":[116.55905,29.28454],"source_feature_type":"PPL"}],"potential_duplicate":false,"potential_duplicate_ids":[],"township_assignment":"OSM乡界多边形空间归属；并非法定隶属核验","deduplication_note":null}},{"type":"Feature","id":"geonames-12561817","geometry":{"type":"Point","coordinates":[116.5436,29.28518]},"properties":{"id":"geonames-12561817","name":"石桥村","township_name":"南峰镇","source_url":"https://www.geonames.org/12561817/","source_id":"12561817","source_type":"geonames","source_updated_at":"2023-09-07","retrieved_at":"2026-09-27T04:01:28.254836+00:00","coordinate_source":"GeoNames PPL 聚落地名点（WGS84；可能为旧位置或近似中心）","coordinate_precision":"approximate","settlement_level":"unknown","kind":"settlement","verification_status":"publicly_listed","population":null,"elderly_ratio":null,"aliases":["Shiqiaocun","shi qiao cun"],"sources":[{"id":"geonames-12561817","source_id":"12561817","source_type":"geonames","name":"石桥村","url":"https://www.geonames.org/12561817/","license":"CC BY 4.0; GeoNames","source_updated_at":"2023-09-07","retrieved_at":"2026-09-27T04:01:28.254836+00:00","coordinate_source":"GeoNames PPL 聚落地名点（WGS84；可能为旧位置或近似中心）","coordinate_precision":"approximate","coordinates":[116.5436,29.28518],"source_feature_type":"PPL"}],"potential_duplicate":false,"potential_duplicate_ids":[],"township_assignment":"OSM乡界多边形空间归属；并非法定隶属核验","deduplication_note":null}},{"type":"Feature","id":"geonames-7636403","geometry":{"type":"Point","coordinates":[116.40227,29.15106]},"properties":{"id":"geonames-7636403","name":"三房村","township_name":"周溪镇","source_url":"https://www.geonames.org/7636403/","source_id":"7636403","source_type":"geonames","source_updated_at":"2023-09-06","retrieved_at":"2026-09-27T04:01:28.254836+00:00","coordinate_source":"GeoNames PPL 聚落地名点（WGS84；可能为旧位置或近似中心）","coordinate_precision":"approximate","settlement_level":"unknown","kind":"settlement","verification_status":"publicly_listed","population":null,"elderly_ratio":null,"aliases":["Sanfang","Sanfangcun","san fang","san fang cun","三房"],"sources":[{"id":"geonames-7636403","source_id":"7636403","source_type":"geonames","name":"三房村","url":"https://www.geonames.org/7636403/","license":"CC BY 4.0; GeoNames","source_updated_at":"2023-09-06","retrieved_at":"2026-09-27T04:01:28.254836+00:00","coordinate_source":"GeoNames PPL 聚落地名点（WGS84；可能为旧位置或近似中心）","coordinate_precision":"approximate","coordinates":[116.40227,29.15106],"source_feature_type":"PPL"}],"potential_duplicate":false,"potential_duplicate_ids":[],"township_assignment":"OSM乡界多边形空间归属；并非法定隶属核验","deduplication_note":null}},{"type":"Feature","id":"geonames-12559672","geometry":{"type":"Point","coordinates":[116.39858,29.21098]},"properties":{"id":"geonames-12559672","name":"下湖村","township_name":"周溪镇","source_url":"https://www.geonames.org/12559672/","source_id":"12559672","source_type":"geonames","source_updated_at":"2023-09-07","retrieved_at":"2026-09-27T04:01:28.254836+00:00","coordinate_source":"GeoNames PPL 聚落地名点（WGS84；可能为旧位置或近似中心）","coordinate_precision":"approximate","settlement_level":"unknown","kind":"settlement","verification_status":"publicly_listed","population":null,"elderly_ratio":null,"aliases":["Xiahucun","xia hu cun"],"sources":[{"id":"geonames-12559672","source_id":"12559672","source_type":"geonames","name":"下湖村","url":"https://www.geonames.org/12559672/","license":"CC BY 4.0; GeoNames","source_updated_at":"2023-09-07","retrieved_at":"2026-09-27T04:01:28.254836+00:00","coordinate_source":"GeoNames PPL 聚落地名点（WGS84；可能为旧位置或近似中心）","coordinate_precision":"approximate","coordinates":[116.39858,29.21098],"source_feature_type":"PPL"}],"potential_duplicate":false,"potential_duplicate_ids":[],"township_assignment":"OSM乡界多边形空间归属；并非法定隶属核验","deduplication_note":null}},{"type":"Feature","id":"geonames-12559665","geometry":{"type":"Point","coordinates":[116.41579,29.22349]},"properties":{"id":"geonames-12559665","name":"双垅村","township_name":"周溪镇","source_url":"https://www.geonames.org/12559665/","source_id":"12559665","source_type":"geonames","source_updated_at":"2023-09-07","retrieved_at":"2026-09-27T04:01:28.254836+00:00","coordinate_source":"GeoNames PPL 聚落地名点（WGS84；可能为旧位置或近似中心）","coordinate_precision":"approximate","settlement_level":"unknown","kind":"settlement","verification_status":"publicly_listed","population":null,"elderly_ratio":null,"aliases":["Shuanglongcun","shuang long cun"],"sources":[{"id":"geonames-12559665","source_id":"12559665","source_type":"geonames","name":"双垅村","url":"https://www.geonames.org/12559665/","license":"CC BY 4.0; GeoNames","source_updated_at":"2023-09-07","retrieved_at":"2026-09-27T04:01:28.254836+00:00","coordinate_source":"GeoNames PPL 聚落地名点（WGS84；可能为旧位置或近似中心）","coordinate_precision":"approximate","coordinates":[116.41579,29.22349],"source_feature_type":"PPL"}],"potential_duplicate":false,"potential_duplicate_ids":[],"township_assignment":"OSM乡界多边形空间归属；并非法定隶属核验","deduplication_note":null}},{"type":"Feature","id":"geonames-12559652","geometry":{"type":"Point","coordinates":[116.39184,29.17955]},"properties":{"id":"geonames-12559652","name":"古塘村","township_name":"周溪镇","source_url":"https://www.geonames.org/12559652/","source_id":"12559652","source_type":"geonames","source_updated_at":"2023-09-07","retrieved_at":"2026-09-27T04:01:28.254836+00:00","coordinate_source":"GeoNames PPL 聚落地名点（WGS84；可能为旧位置或近似中心）","coordinate_precision":"approximate","settlement_level":"unknown","kind":"settlement","verification_status":"publicly_listed","population":null,"elderly_ratio":null,"aliases":["Gutangcun","gu tang cun"],"sources":[{"id":"geonames-12559652","source_id":"12559652","source_type":"geonames","name":"古塘村","url":"https://www.geonames.org/12559652/","license":"CC BY 4.0; GeoNames","source_updated_at":"2023-09-07","retrieved_at":"2026-09-27T04:01:28.254836+00:00","coordinate_source":"GeoNames PPL 聚落地名点（WGS84；可能为旧位置或近似中心）","coordinate_precision":"approximate","coordinates":[116.39184,29.17955],"source_feature_type":"PPL"}],"potential_duplicate":false,"potential_duplicate_ids":[],"township_assignment":"OSM乡界多边形空间归属；并非法定隶属核验","deduplication_note":null}},{"type":"Feature","id":"geonames-12559629","geometry":{"type":"Point","coordinates":[116.37139,29.18499]},"properties":{"id":"geonames-12559629","name":"后湖村","township_name":"周溪镇","source_url":"https://www.geonames.org/12559629/","source_id":"12559629","source_type":"geonames","source_updated_at":"2023-09-07","retrieved_at":"2026-09-27T04:01:28.254836+00:00","coordinate_source":"GeoNames PPL 聚落地名点（WGS84；可能为旧位置或近似中心）","coordinate_precision":"approximate","settlement_level":"unknown","kind":"settlement","verification_status":"publicly_listed","population":null,"elderly_ratio":null,"aliases":["Houhucun","hou hu cun"],"sources":[{"id":"geonames-12559629","source_id":"12559629","source_type":"geonames","name":"后湖村","url":"https://www.geonames.org/12559629/","license":"CC BY 4.0; GeoNames","source_updated_at":"2023-09-07","retrieved_at":"2026-09-27T04:01:28.254836+00:00","coordinate_source":"GeoNames PPL 聚落地名点（WGS84；可能为旧位置或近似中心）","coordinate_precision":"approximate","coordinates":[116.37139,29.18499],"source_feature_type":"PPL"}],"potential_duplicate":false,"potential_duplicate_ids":[],"township_assignment":"OSM乡界多边形空间归属；并非法定隶属核验","deduplication_note":null}},{"type":"Feature","id":"geonames-7636603","geometry":{"type":"Point","coordinates":[116.37422,29.14147]},"properties":{"id":"geonames-7636603","name":"吕家洲","township_name":"周溪镇","source_url":"https://www.geonames.org/7636603/","source_id":"7636603","source_type":"geonames","source_updated_at":"2023-09-06","retrieved_at":"2026-09-27T04:01:28.254836+00:00","coordinate_source":"GeoNames PPL 聚落地名点（WGS84；可能为旧位置或近似中心）","coordinate_precision":"approximate","settlement_level":"unknown","kind":"settlement","verification_status":"publicly_listed","population":null,"elderly_ratio":null,"aliases":["Luejiazhou","Lujiazhou","Lüjiazhou","lu jia zhou"],"sources":[{"id":"geonames-7636603","source_id":"7636603","source_type":"geonames","name":"吕家洲","url":"https://www.geonames.org/7636603/","license":"CC BY 4.0; GeoNames","source_updated_at":"2023-09-06","retrieved_at":"2026-09-27T04:01:28.254836+00:00","coordinate_source":"GeoNames PPL 聚落地名点（WGS84；可能为旧位置或近似中心）","coordinate_precision":"approximate","coordinates":[116.37422,29.14147],"source_feature_type":"PPL"}],"potential_duplicate":false,"potential_duplicate_ids":[],"township_assignment":"OSM乡界多边形空间归属；并非法定隶属核验","deduplication_note":null}},{"type":"Feature","id":"geonames-12559684","geometry":{"type":"Point","coordinates":[116.37385,29.15584]},"properties":{"id":"geonames-12559684","name":"周溪街","township_name":"周溪镇","source_url":"https://www.geonames.org/12559684/","source_id":"12559684","source_type":"geonames","source_updated_at":"2023-09-07","retrieved_at":"2026-09-27T04:01:28.254836+00:00","coordinate_source":"GeoNames PPL 聚落地名点（WGS84；可能为旧位置或近似中心）","coordinate_precision":"approximate","settlement_level":"unknown","kind":"settlement","verification_status":"publicly_listed","population":null,"elderly_ratio":null,"aliases":["Zhouxijie","zhou xi jie"],"sources":[{"id":"geonames-12559684","source_id":"12559684","source_type":"geonames","name":"周溪街","url":"https://www.geonames.org/12559684/","license":"CC BY 4.0; GeoNames","source_updated_at":"2023-09-07","retrieved_at":"2026-09-27T04:01:28.254836+00:00","coordinate_source":"GeoNames PPL 聚落地名点（WGS84；可能为旧位置或近似中心）","coordinate_precision":"approximate","coordinates":[116.37385,29.15584],"source_feature_type":"PPL"}],"potential_duplicate":false,"potential_duplicate_ids":[],"township_assignment":"OSM乡界多边形空间归属；并非法定隶属核验","deduplication_note":null}},{"type":"Feature","id":"geonames-7636187","geometry":{"type":"Point","coordinates":[116.39357,29.19043]},"properties":{"id":"geonames-7636187","name":"圩告","township_name":"周溪镇","source_url":"https://www.geonames.org/7636187/","source_id":"7636187","source_type":"geonames","source_updated_at":"2021-09-20","retrieved_at":"2026-09-27T04:01:28.254836+00:00","coordinate_source":"GeoNames PPL 聚落地名点（WGS84；可能为旧位置或近似中心）","coordinate_precision":"approximate","settlement_level":"unknown","kind":"settlement","verification_status":"publicly_listed","population":null,"elderly_ratio":null,"aliases":["Xugao","wei gao"],"sources":[{"id":"geonames-7636187","source_id":"7636187","source_type":"geonames","name":"圩告","url":"https://www.geonames.org/7636187/","license":"CC BY 4.0; GeoNames","source_updated_at":"2021-09-20","retrieved_at":"2026-09-27T04:01:28.254836+00:00","coordinate_source":"GeoNames PPL 聚落地名点（WGS84；可能为旧位置或近似中心）","coordinate_precision":"approximate","coordinates":[116.39357,29.19043],"source_feature_type":"PPL"}],"potential_duplicate":false,"potential_duplicate_ids":[],"township_assignment":"OSM乡界多边形空间归属；并非法定隶属核验","deduplication_note":null}},{"type":"Feature","id":"geonames-7636244","geometry":{"type":"Point","coordinates":[116.38554,29.15346]},"properties":{"id":"geonames-7636244","name":"张七房","township_name":"周溪镇","source_url":"https://www.geonames.org/7636244/","source_id":"7636244","source_type":"geonames","source_updated_at":"2023-09-06","retrieved_at":"2026-09-27T04:01:28.254836+00:00","coordinate_source":"GeoNames PPL 聚落地名点（WGS84；可能为旧位置或近似中心）","coordinate_precision":"approximate","settlement_level":"unknown","kind":"settlement","verification_status":"publicly_listed","population":null,"elderly_ratio":null,"aliases":["Zhangqifang","zhang qi fang"],"sources":[{"id":"geonames-7636244","source_id":"7636244","source_type":"geonames","name":"张七房","url":"https://www.geonames.org/7636244/","license":"CC BY 4.0; GeoNames","source_updated_at":"2023-09-06","retrieved_at":"2026-09-27T04:01:28.254836+00:00","coordinate_source":"GeoNames PPL 聚落地名点（WGS84；可能为旧位置或近似中心）","coordinate_precision":"approximate","coordinates":[116.38554,29.15346],"source_feature_type":"PPL"}],"potential_duplicate":false,"potential_duplicate_ids":[],"township_assignment":"OSM乡界多边形空间归属；并非法定隶属核验","deduplication_note":null}},{"type":"Feature","id":"geonames-7636540","geometry":{"type":"Point","coordinates":[116.40182,29.16767]},"properties":{"id":"geonames-7636540","name":"新建村","township_name":"周溪镇","source_url":"https://www.geonames.org/7636540/","source_id":"7636540","source_type":"geonames","source_updated_at":"2023-09-06","retrieved_at":"2026-09-27T04:01:28.254836+00:00","coordinate_source":"GeoNames PPL 聚落地名点（WGS84；可能为旧位置或近似中心）","coordinate_precision":"approximate","settlement_level":"unknown","kind":"settlement","verification_status":"publicly_listed","population":null,"elderly_ratio":null,"aliases":["Xinjian","Xinjiancun","xin jian","xin jian cun","新建"],"sources":[{"id":"geonames-7636540","source_id":"7636540","source_type":"geonames","name":"新建村","url":"https://www.geonames.org/7636540/","license":"CC BY 4.0; GeoNames","source_updated_at":"2023-09-06","retrieved_at":"2026-09-27T04:01:28.254836+00:00","coordinate_source":"GeoNames PPL 聚落地名点（WGS84；可能为旧位置或近似中心）","coordinate_precision":"approximate","coordinates":[116.40182,29.16767],"source_feature_type":"PPL"}],"potential_duplicate":false,"potential_duplicate_ids":[],"township_assignment":"OSM乡界多边形空间归属；并非法定隶属核验","deduplication_note":null}},{"type":"Feature","id":"geonames-7636691","geometry":{"type":"Point","coordinates":[116.39228,29.19985]},"properties":{"id":"geonames-7636691","name":"林九里村","township_name":"周溪镇","source_url":"https://www.geonames.org/7636691/","source_id":"7636691","source_type":"geonames","source_updated_at":"2023-09-06","retrieved_at":"2026-09-27T04:01:28.254836+00:00","coordinate_source":"GeoNames PPL 聚落地名点（WGS84；可能为旧位置或近似中心）","coordinate_precision":"approximate","settlement_level":"unknown","kind":"settlement","verification_status":"publicly_listed","population":null,"elderly_ratio":null,"aliases":["Linjiuli","Linjiulicun","lin jiu li","lin jiu li cun","林九里"],"sources":[{"id":"geonames-7636691","source_id":"7636691","source_type":"geonames","name":"林九里村","url":"https://www.geonames.org/7636691/","license":"CC BY 4.0; GeoNames","source_updated_at":"2023-09-06","retrieved_at":"2026-09-27T04:01:28.254836+00:00","coordinate_source":"GeoNames PPL 聚落地名点（WGS84；可能为旧位置或近似中心）","coordinate_precision":"approximate","coordinates":[116.39228,29.19985],"source_feature_type":"PPL"}],"potential_duplicate":false,"potential_duplicate_ids":[],"township_assignment":"OSM乡界多边形空间归属；并非法定隶属核验","deduplication_note":null}},{"type":"Feature","id":"geonames-7636347","geometry":{"type":"Point","coordinates":[116.35192,29.15846]},"properties":{"id":"geonames-7636347","name":"柴棚村","township_name":"周溪镇","source_url":"https://www.geonames.org/7636347/","source_id":"7636347","source_type":"geonames","source_updated_at":"2023-09-06","retrieved_at":"2026-09-27T04:01:28.254836+00:00","coordinate_source":"GeoNames PPL 聚落地名点（WGS84；可能为旧位置或近似中心）","coordinate_precision":"approximate","settlement_level":"unknown","kind":"settlement","verification_status":"publicly_listed","population":null,"elderly_ratio":null,"aliases":["Chaipeng","Chaipengcun","chai peng","chai peng cun","柴棚"],"sources":[{"id":"geonames-7636347","source_id":"7636347","source_type":"geonames","name":"柴棚村","url":"https://www.geonames.org/7636347/","license":"CC BY 4.0; GeoNames","source_updated_at":"2023-09-06","retrieved_at":"2026-09-27T04:01:28.254836+00:00","coordinate_source":"GeoNames PPL 聚落地名点（WGS84；可能为旧位置或近似中心）","coordinate_precision":"approximate","coordinates":[116.35192,29.15846],"source_feature_type":"PPL"}],"potential_duplicate":false,"potential_duplicate_ids":[],"township_assignment":"OSM乡界多边形空间归属；并非法定隶属核验","deduplication_note":null}},{"type":"Feature","id":"geonames-12559562","geometry":{"type":"Point","coordinates":[116.38712,29.1549]},"properties":{"id":"geonames-12559562","name":"梅沙村","township_name":"周溪镇","source_url":"https://www.geonames.org/12559562/","source_id":"12559562","source_type":"geonames","source_updated_at":"2023-09-07","retrieved_at":"2026-09-27T04:01:28.254836+00:00","coordinate_source":"GeoNames PPL 聚落地名点（WGS84；可能为旧位置或近似中心）","coordinate_precision":"approximate","settlement_level":"unknown","kind":"settlement","verification_status":"publicly_listed","population":null,"elderly_ratio":null,"aliases":["Meishacun","mei sha cun"],"sources":[{"id":"geonames-12559562","source_id":"12559562","source_type":"geonames","name":"梅沙村","url":"https://www.geonames.org/12559562/","license":"CC BY 4.0; GeoNames","source_updated_at":"2023-09-07","retrieved_at":"2026-09-27T04:01:28.254836+00:00","coordinate_source":"GeoNames PPL 聚落地名点（WGS84；可能为旧位置或近似中心）","coordinate_precision":"approximate","coordinates":[116.38712,29.1549],"source_feature_type":"PPL"}],"potential_duplicate":false,"potential_duplicate_ids":[],"township_assignment":"OSM乡界多边形空间归属；并非法定隶属核验","deduplication_note":null}},{"type":"Feature","id":"geonames-7636666","geometry":{"type":"Point","coordinates":[116.38303,29.09337]},"properties":{"id":"geonames-7636666","name":"棠荫","township_name":"周溪镇","source_url":"https://www.geonames.org/7636666/","source_id":"7636666","source_type":"geonames","source_updated_at":"2021-09-20","retrieved_at":"2026-09-27T04:01:28.254836+00:00","coordinate_source":"GeoNames PPL 聚落地名点（WGS84；可能为旧位置或近似中心）","coordinate_precision":"approximate","settlement_level":"unknown","kind":"settlement","verification_status":"publicly_listed","population":null,"elderly_ratio":null,"aliases":["Tangyin","tang yin"],"sources":[{"id":"geonames-7636666","source_id":"7636666","source_type":"geonames","name":"棠荫","url":"https://www.geonames.org/7636666/","license":"CC BY 4.0; GeoNames","source_updated_at":"2021-09-20","retrieved_at":"2026-09-27T04:01:28.254836+00:00","coordinate_source":"GeoNames PPL 聚落地名点（WGS84；可能为旧位置或近似中心）","coordinate_precision":"approximate","coordinates":[116.38303,29.09337],"source_feature_type":"PPL"}],"potential_duplicate":false,"potential_duplicate_ids":[],"township_assignment":"OSM乡界多边形空间归属；并非法定隶属核验","deduplication_note":null}},{"type":"Feature","id":"geonames-7636181","geometry":{"type":"Point","coordinates":[116.40117,29.14072]},"properties":{"id":"geonames-7636181","name":"江家湾","township_name":"周溪镇","source_url":"https://www.geonames.org/7636181/","source_id":"7636181","source_type":"geonames","source_updated_at":"2021-09-20","retrieved_at":"2026-09-27T04:01:28.254836+00:00","coordinate_source":"GeoNames PPL 聚落地名点（WGS84；可能为旧位置或近似中心）","coordinate_precision":"approximate","settlement_level":"unknown","kind":"settlement","verification_status":"publicly_listed","population":null,"elderly_ratio":null,"aliases":["Jiangjiawan","jiang jia wan"],"sources":[{"id":"geonames-7636181","source_id":"7636181","source_type":"geonames","name":"江家湾","url":"https://www.geonames.org/7636181/","license":"CC BY 4.0; GeoNames","source_updated_at":"2021-09-20","retrieved_at":"2026-09-27T04:01:28.254836+00:00","coordinate_source":"GeoNames PPL 聚落地名点（WGS84；可能为旧位置或近似中心）","coordinate_precision":"approximate","coordinates":[116.40117,29.14072],"source_feature_type":"PPL"}],"potential_duplicate":false,"potential_duplicate_ids":[],"township_assignment":"OSM乡界多边形空间归属；并非法定隶属核验","deduplication_note":null}},{"type":"Feature","id":"geonames-12559533","geometry":{"type":"Point","coordinates":[116.39884,29.20673]},"properties":{"id":"geonames-12559533","name":"沙岭村","township_name":"周溪镇","source_url":"https://www.geonames.org/12559533/","source_id":"12559533","source_type":"geonames","source_updated_at":"2023-09-07","retrieved_at":"2026-09-27T04:01:28.254836+00:00","coordinate_source":"GeoNames PPL 聚落地名点（WGS84；可能为旧位置或近似中心）","coordinate_precision":"approximate","settlement_level":"unknown","kind":"settlement","verification_status":"publicly_listed","population":null,"elderly_ratio":null,"aliases":["Shalingcun","sha ling cun"],"sources":[{"id":"geonames-12559533","source_id":"12559533","source_type":"geonames","name":"沙岭村","url":"https://www.geonames.org/12559533/","license":"CC BY 4.0; GeoNames","source_updated_at":"2023-09-07","retrieved_at":"2026-09-27T04:01:28.254836+00:00","coordinate_source":"GeoNames PPL 聚落地名点（WGS84；可能为旧位置或近似中心）","coordinate_precision":"approximate","coordinates":[116.39884,29.20673],"source_feature_type":"PPL"}],"potential_duplicate":false,"potential_duplicate_ids":[],"township_assignment":"OSM乡界多边形空间归属；并非法定隶属核验","deduplication_note":null}},{"type":"Feature","id":"geonames-12559567","geometry":{"type":"Point","coordinates":[116.36248,29.13024]},"properties":{"id":"geonames-12559567","name":"泗山村","township_name":"周溪镇","source_url":"https://www.geonames.org/12559567/","source_id":"12559567","source_type":"geonames","source_updated_at":"2023-09-07","retrieved_at":"2026-09-27T04:01:28.254836+00:00","coordinate_source":"GeoNames PPL 聚落地名点（WGS84；可能为旧位置或近似中心）","coordinate_precision":"approximate","settlement_level":"unknown","kind":"settlement","verification_status":"publicly_listed","population":null,"elderly_ratio":null,"aliases":["Sishancun","si shan cun"],"sources":[{"id":"geonames-12559567","source_id":"12559567","source_type":"geonames","name":"泗山村","url":"https://www.geonames.org/12559567/","license":"CC BY 4.0; GeoNames","source_updated_at":"2023-09-07","retrieved_at":"2026-09-27T04:01:28.254836+00:00","coordinate_source":"GeoNames PPL 聚落地名点（WGS84；可能为旧位置或近似中心）","coordinate_precision":"approximate","coordinates":[116.36248,29.13024],"source_feature_type":"PPL"}],"potential_duplicate":false,"potential_duplicate_ids":[],"township_assignment":"OSM乡界多边形空间归属；并非法定隶属核验","deduplication_note":null}},{"type":"Feature","id":"geonames-7636179","geometry":{"type":"Point","coordinates":[116.41026,29.22388]},"properties":{"id":"geonames-7636179","name":"灰坑里","township_name":"周溪镇","source_url":"https://www.geonames.org/7636179/","source_id":"7636179","source_type":"geonames","source_updated_at":"2021-09-20","retrieved_at":"2026-09-27T04:01:28.254836+00:00","coordinate_source":"GeoNames PPL 聚落地名点（WGS84；可能为旧位置或近似中心）","coordinate_precision":"approximate","settlement_level":"unknown","kind":"settlement","verification_status":"publicly_listed","population":null,"elderly_ratio":null,"aliases":["Huikengli","hui keng li"],"sources":[{"id":"geonames-7636179","source_id":"7636179","source_type":"geonames","name":"灰坑里","url":"https://www.geonames.org/7636179/","license":"CC BY 4.0; GeoNames","source_updated_at":"2021-09-20","retrieved_at":"2026-09-27T04:01:28.254836+00:00","coordinate_source":"GeoNames PPL 聚落地名点（WGS84；可能为旧位置或近似中心）","coordinate_precision":"approximate","coordinates":[116.41026,29.22388],"source_feature_type":"PPL"}],"potential_duplicate":false,"potential_duplicate_ids":[],"township_assignment":"OSM乡界多边形空间归属；并非法定隶属核验","deduplication_note":null}},{"type":"Feature","id":"geonames-7636004","geometry":{"type":"Point","coordinates":[116.38993,29.16639]},"properties":{"id":"geonames-7636004","name":"盘湖村","township_name":"周溪镇","source_url":"https://www.geonames.org/7636004/","source_id":"7636004","source_type":"geonames","source_updated_at":"2023-09-06","retrieved_at":"2026-09-27T04:01:28.254836+00:00","coordinate_source":"GeoNames PPL 聚落地名点（WGS84；可能为旧位置或近似中心）","coordinate_precision":"approximate","settlement_level":"unknown","kind":"settlement","verification_status":"publicly_listed","population":null,"elderly_ratio":null,"aliases":["Panhu","Panhucun","pan hu","pan hu cun","盘湖"],"sources":[{"id":"geonames-7636004","source_id":"7636004","source_type":"geonames","name":"盘湖村","url":"https://www.geonames.org/7636004/","license":"CC BY 4.0; GeoNames","source_updated_at":"2023-09-06","retrieved_at":"2026-09-27T04:01:28.254836+00:00","coordinate_source":"GeoNames PPL 聚落地名点（WGS84；可能为旧位置或近似中心）","coordinate_precision":"approximate","coordinates":[116.38993,29.16639],"source_feature_type":"PPL"}],"potential_duplicate":false,"potential_duplicate_ids":[],"township_assignment":"OSM乡界多边形空间归属；并非法定隶属核验","deduplication_note":null}},{"type":"Feature","id":"geonames-7636217","geometry":{"type":"Point","coordinates":[116.33379,29.11915]},"properties":{"id":"geonames-7636217","name":"章叶","township_name":"周溪镇","source_url":"https://www.geonames.org/7636217/","source_id":"7636217","source_type":"geonames","source_updated_at":"2021-09-20","retrieved_at":"2026-09-27T04:01:28.254836+00:00","coordinate_source":"GeoNames PPL 聚落地名点（WGS84；可能为旧位置或近似中心）","coordinate_precision":"approximate","settlement_level":"unknown","kind":"settlement","verification_status":"publicly_listed","population":null,"elderly_ratio":null,"aliases":["Zhangye","zhang ye"],"sources":[{"id":"geonames-7636217","source_id":"7636217","source_type":"geonames","name":"章叶","url":"https://www.geonames.org/7636217/","license":"CC BY 4.0; GeoNames","source_updated_at":"2021-09-20","retrieved_at":"2026-09-27T04:01:28.254836+00:00","coordinate_source":"GeoNames PPL 聚落地名点（WGS84；可能为旧位置或近似中心）","coordinate_precision":"approximate","coordinates":[116.33379,29.11915],"source_feature_type":"PPL"}],"potential_duplicate":false,"potential_duplicate_ids":[],"township_assignment":"OSM乡界多边形空间归属；并非法定隶属核验","deduplication_note":null}},{"type":"Feature","id":"geonames-7636045","geometry":{"type":"Point","coordinates":[116.38424,29.1809]},"properties":{"id":"geonames-7636045","name":"罗坑","township_name":"周溪镇","source_url":"https://www.geonames.org/7636045/","source_id":"7636045","source_type":"geonames","source_updated_at":"2021-09-20","retrieved_at":"2026-09-27T04:01:28.254836+00:00","coordinate_source":"GeoNames PPL 聚落地名点（WGS84；可能为旧位置或近似中心）","coordinate_precision":"approximate","settlement_level":"unknown","kind":"settlement","verification_status":"publicly_listed","population":null,"elderly_ratio":null,"aliases":["Luokeng","luo keng"],"sources":[{"id":"geonames-7636045","source_id":"7636045","source_type":"geonames","name":"罗坑","url":"https://www.geonames.org/7636045/","license":"CC BY 4.0; GeoNames","source_updated_at":"2021-09-20","retrieved_at":"2026-09-27T04:01:28.254836+00:00","coordinate_source":"GeoNames PPL 聚落地名点（WGS84；可能为旧位置或近似中心）","coordinate_precision":"approximate","coordinates":[116.38424,29.1809],"source_feature_type":"PPL"}],"potential_duplicate":false,"potential_duplicate_ids":[],"township_assignment":"OSM乡界多边形空间归属；并非法定隶属核验","deduplication_note":null}},{"type":"Feature","id":"geonames-7636565","geometry":{"type":"Point","coordinates":[116.39655,29.22605]},"properties":{"id":"geonames-7636565","name":"花桥村","township_name":"周溪镇","source_url":"https://www.geonames.org/7636565/","source_id":"7636565","source_type":"geonames","source_updated_at":"2023-09-06","retrieved_at":"2026-09-27T04:01:28.254836+00:00","coordinate_source":"GeoNames PPL 聚落地名点（WGS84；可能为旧位置或近似中心）","coordinate_precision":"approximate","settlement_level":"unknown","kind":"settlement","verification_status":"publicly_listed","population":null,"elderly_ratio":null,"aliases":["Huaqiao","Huaqiaocun","hua qiao","hua qiao cun","花桥"],"sources":[{"id":"geonames-7636565","source_id":"7636565","source_type":"geonames","name":"花桥村","url":"https://www.geonames.org/7636565/","license":"CC BY 4.0; GeoNames","source_updated_at":"2023-09-06","retrieved_at":"2026-09-27T04:01:28.254836+00:00","coordinate_source":"GeoNames PPL 聚落地名点（WGS84；可能为旧位置或近似中心）","coordinate_precision":"approximate","coordinates":[116.39655,29.22605],"source_feature_type":"PPL"}],"potential_duplicate":false,"potential_duplicate_ids":[],"township_assignment":"OSM乡界多边形空间归属；并非法定隶属核验","deduplication_note":null}},{"type":"Feature","id":"geonames-7636243","geometry":{"type":"Point","coordinates":[116.40738,29.17383]},"properties":{"id":"geonames-7636243","name":"苦竹山","township_name":"周溪镇","source_url":"https://www.geonames.org/7636243/","source_id":"7636243","source_type":"geonames","source_updated_at":"2023-09-06","retrieved_at":"2026-09-27T04:01:28.254836+00:00","coordinate_source":"GeoNames PPL 聚落地名点（WGS84；可能为旧位置或近似中心）","coordinate_precision":"approximate","settlement_level":"unknown","kind":"settlement","verification_status":"publicly_listed","population":null,"elderly_ratio":null,"aliases":["Kuzhushan","ku zhu shan"],"sources":[{"id":"geonames-7636243","source_id":"7636243","source_type":"geonames","name":"苦竹山","url":"https://www.geonames.org/7636243/","license":"CC BY 4.0; GeoNames","source_updated_at":"2023-09-06","retrieved_at":"2026-09-27T04:01:28.254836+00:00","coordinate_source":"GeoNames PPL 聚落地名点（WGS84；可能为旧位置或近似中心）","coordinate_precision":"approximate","coordinates":[116.40738,29.17383],"source_feature_type":"PPL"}],"potential_duplicate":false,"potential_duplicate_ids":[],"township_assignment":"OSM乡界多边形空间归属；并非法定隶属核验","deduplication_note":null}},{"type":"Feature","id":"geonames-12559674","geometry":{"type":"Point","coordinates":[116.40626,29.15413]},"properties":{"id":"geonames-12559674","name":"虬门村","township_name":"周溪镇","source_url":"https://www.geonames.org/12559674/","source_id":"12559674","source_type":"geonames","source_updated_at":"2023-09-07","retrieved_at":"2026-09-27T04:01:28.254836+00:00","coordinate_source":"GeoNames PPL 聚落地名点（WGS84；可能为旧位置或近似中心）","coordinate_precision":"approximate","settlement_level":"unknown","kind":"settlement","verification_status":"publicly_listed","population":null,"elderly_ratio":null,"aliases":["Qiumencun","qiu men cun"],"sources":[{"id":"geonames-12559674","source_id":"12559674","source_type":"geonames","name":"虬门村","url":"https://www.geonames.org/12559674/","license":"CC BY 4.0; GeoNames","source_updated_at":"2023-09-07","retrieved_at":"2026-09-27T04:01:28.254836+00:00","coordinate_source":"GeoNames PPL 聚落地名点（WGS84；可能为旧位置或近似中心）","coordinate_precision":"approximate","coordinates":[116.40626,29.15413],"source_feature_type":"PPL"}],"potential_duplicate":false,"potential_duplicate_ids":[],"township_assignment":"OSM乡界多边形空间归属；并非法定隶属核验","deduplication_note":null}},{"type":"Feature","id":"geonames-7636044","geometry":{"type":"Point","coordinates":[116.35352,29.11198]},"properties":{"id":"geonames-7636044","name":"蛇形","township_name":"周溪镇","source_url":"https://www.geonames.org/7636044/","source_id":"7636044","source_type":"geonames","source_updated_at":"2021-09-20","retrieved_at":"2026-09-27T04:01:28.254836+00:00","coordinate_source":"GeoNames PPL 聚落地名点（WGS84；可能为旧位置或近似中心）","coordinate_precision":"approximate","settlement_level":"unknown","kind":"settlement","verification_status":"publicly_listed","population":null,"elderly_ratio":null,"aliases":["Shexing","she xing"],"sources":[{"id":"geonames-7636044","source_id":"7636044","source_type":"geonames","name":"蛇形","url":"https://www.geonames.org/7636044/","license":"CC BY 4.0; GeoNames","source_updated_at":"2021-09-20","retrieved_at":"2026-09-27T04:01:28.254836+00:00","coordinate_source":"GeoNames PPL 聚落地名点（WGS84；可能为旧位置或近似中心）","coordinate_precision":"approximate","coordinates":[116.35352,29.11198],"source_feature_type":"PPL"}],"potential_duplicate":false,"potential_duplicate_ids":[],"township_assignment":"OSM乡界多边形空间归属；并非法定隶属核验","deduplication_note":null}},{"type":"Feature","id":"geonames-7636623","geometry":{"type":"Point","coordinates":[116.35994,29.17378]},"properties":{"id":"geonames-7636623","name":"输湖村","township_name":"周溪镇","source_url":"https://www.geonames.org/7636623/","source_id":"7636623","source_type":"geonames","source_updated_at":"2023-09-06","retrieved_at":"2026-09-27T04:01:28.254836+00:00","coordinate_source":"GeoNames PPL 聚落地名点（WGS84；可能为旧位置或近似中心）","coordinate_precision":"approximate","settlement_level":"unknown","kind":"settlement","verification_status":"publicly_listed","population":null,"elderly_ratio":null,"aliases":["Shuhu","Shuhucun","shu hu","shu hu cun","输湖"],"sources":[{"id":"geonames-7636623","source_id":"7636623","source_type":"geonames","name":"输湖村","url":"https://www.geonames.org/7636623/","license":"CC BY 4.0; GeoNames","source_updated_at":"2023-09-06","retrieved_at":"2026-09-27T04:01:28.254836+00:00","coordinate_source":"GeoNames PPL 聚落地名点（WGS84；可能为旧位置或近似中心）","coordinate_precision":"approximate","coordinates":[116.35994,29.17378],"source_feature_type":"PPL"}],"potential_duplicate":false,"potential_duplicate_ids":[],"township_assignment":"OSM乡界多边形空间归属；并非法定隶属核验","deduplication_note":null}},{"type":"Feature","id":"geonames-7636314","geometry":{"type":"Point","coordinates":[116.35169,29.14819]},"properties":{"id":"geonames-7636314","name":"邵家","township_name":"周溪镇","source_url":"https://www.geonames.org/7636314/","source_id":"7636314","source_type":"geonames","source_updated_at":"2023-09-06","retrieved_at":"2026-09-27T04:01:28.254836+00:00","coordinate_source":"GeoNames PPL 聚落地名点（WGS84；可能为旧位置或近似中心）","coordinate_precision":"approximate","settlement_level":"unknown","kind":"settlement","verification_status":"publicly_listed","population":null,"elderly_ratio":null,"aliases":["Shaojia","shao jia"],"sources":[{"id":"geonames-7636314","source_id":"7636314","source_type":"geonames","name":"邵家","url":"https://www.geonames.org/7636314/","license":"CC BY 4.0; GeoNames","source_updated_at":"2023-09-06","retrieved_at":"2026-09-27T04:01:28.254836+00:00","coordinate_source":"GeoNames PPL 聚落地名点（WGS84；可能为旧位置或近似中心）","coordinate_precision":"approximate","coordinates":[116.35169,29.14819],"source_feature_type":"PPL"}],"potential_duplicate":false,"potential_duplicate_ids":[],"township_assignment":"OSM乡界多边形空间归属；并非法定隶属核验","deduplication_note":null}},{"type":"Feature","id":"geonames-7635949","geometry":{"type":"Point","coordinates":[116.35053,29.12551]},"properties":{"id":"geonames-7635949","name":"韩家垄","township_name":"周溪镇","source_url":"https://www.geonames.org/7635949/","source_id":"7635949","source_type":"geonames","source_updated_at":"2023-09-06","retrieved_at":"2026-09-27T04:01:28.254836+00:00","coordinate_source":"GeoNames PPL 聚落地名点（WGS84；可能为旧位置或近似中心）","coordinate_precision":"approximate","settlement_level":"unknown","kind":"settlement","verification_status":"publicly_listed","population":null,"elderly_ratio":null,"aliases":["Hanjialong","han jia long"],"sources":[{"id":"geonames-7635949","source_id":"7635949","source_type":"geonames","name":"韩家垄","url":"https://www.geonames.org/7635949/","license":"CC BY 4.0; GeoNames","source_updated_at":"2023-09-06","retrieved_at":"2026-09-27T04:01:28.254836+00:00","coordinate_source":"GeoNames PPL 聚落地名点（WGS84；可能为旧位置或近似中心）","coordinate_precision":"approximate","coordinates":[116.35053,29.12551],"source_feature_type":"PPL"}],"potential_duplicate":false,"potential_duplicate_ids":[],"township_assignment":"OSM乡界多边形空间归属；并非法定隶属核验","deduplication_note":null}},{"type":"Feature","id":"geonames-12559558","geometry":{"type":"Point","coordinates":[116.39466,29.1908]},"properties":{"id":"geonames-12559558","name":"马山村","township_name":"周溪镇","source_url":"https://www.geonames.org/12559558/","source_id":"12559558","source_type":"geonames","source_updated_at":"2023-09-07","retrieved_at":"2026-09-27T04:01:28.254836+00:00","coordinate_source":"GeoNames PPL 聚落地名点（WGS84；可能为旧位置或近似中心）","coordinate_precision":"approximate","settlement_level":"unknown","kind":"settlement","verification_status":"publicly_listed","population":null,"elderly_ratio":null,"aliases":["Mashancun","ma shan cun"],"sources":[{"id":"geonames-12559558","source_id":"12559558","source_type":"geonames","name":"马山村","url":"https://www.geonames.org/12559558/","license":"CC BY 4.0; GeoNames","source_updated_at":"2023-09-07","retrieved_at":"2026-09-27T04:01:28.254836+00:00","coordinate_source":"GeoNames PPL 聚落地名点（WGS84；可能为旧位置或近似中心）","coordinate_precision":"approximate","coordinates":[116.39466,29.1908],"source_feature_type":"PPL"}],"potential_duplicate":false,"potential_duplicate_ids":[],"township_assignment":"OSM乡界多边形空间归属；并非法定隶属核验","deduplication_note":null}},{"type":"Feature","id":"geonames-7636094","geometry":{"type":"Point","coordinates":[116.41118,29.16298]},"properties":{"id":"geonames-7636094","name":"鸡笼山","township_name":"周溪镇","source_url":"https://www.geonames.org/7636094/","source_id":"7636094","source_type":"geonames","source_updated_at":"2021-09-20","retrieved_at":"2026-09-27T04:01:28.254836+00:00","coordinate_source":"GeoNames PPL 聚落地名点（WGS84；可能为旧位置或近似中心）","coordinate_precision":"approximate","settlement_level":"unknown","kind":"settlement","verification_status":"publicly_listed","population":null,"elderly_ratio":null,"aliases":["Jilongshan","ji long shan"],"sources":[{"id":"geonames-7636094","source_id":"7636094","source_type":"geonames","name":"鸡笼山","url":"https://www.geonames.org/7636094/","license":"CC BY 4.0; GeoNames","source_updated_at":"2021-09-20","retrieved_at":"2026-09-27T04:01:28.254836+00:00","coordinate_source":"GeoNames PPL 聚落地名点（WGS84；可能为旧位置或近似中心）","coordinate_precision":"approximate","coordinates":[116.41118,29.16298],"source_feature_type":"PPL"}],"potential_duplicate":false,"potential_duplicate_ids":[],"township_assignment":"OSM乡界多边形空间归属；并非法定隶属核验","deduplication_note":null}},{"type":"Feature","id":"geonames-12559586","geometry":{"type":"Point","coordinates":[116.3813,29.15996]},"properties":{"id":"geonames-12559586","name":"黄湖村","township_name":"周溪镇","source_url":"https://www.geonames.org/12559586/","source_id":"12559586","source_type":"geonames","source_updated_at":"2023-09-07","retrieved_at":"2026-09-27T04:01:28.254836+00:00","coordinate_source":"GeoNames PPL 聚落地名点（WGS84；可能为旧位置或近似中心）","coordinate_precision":"approximate","settlement_level":"unknown","kind":"settlement","verification_status":"publicly_listed","population":null,"elderly_ratio":null,"aliases":["Huanghucun","huang hu cun"],"sources":[{"id":"geonames-12559586","source_id":"12559586","source_type":"geonames","name":"黄湖村","url":"https://www.geonames.org/12559586/","license":"CC BY 4.0; GeoNames","source_updated_at":"2023-09-07","retrieved_at":"2026-09-27T04:01:28.254836+00:00","coordinate_source":"GeoNames PPL 聚落地名点（WGS84；可能为旧位置或近似中心）","coordinate_precision":"approximate","coordinates":[116.3813,29.15996],"source_feature_type":"PPL"}],"potential_duplicate":false,"potential_duplicate_ids":[],"township_assignment":"OSM乡界多边形空间归属；并非法定隶属核验","deduplication_note":null}},{"type":"Feature","id":"geonames-7636041","geometry":{"type":"Point","coordinates":[116.31536,29.2136]},"properties":{"id":"geonames-7636041","name":"中江","township_name":"和合乡","source_url":"https://www.geonames.org/7636041/","source_id":"7636041","source_type":"geonames","source_updated_at":"2021-09-20","retrieved_at":"2026-09-27T04:01:28.254836+00:00","coordinate_source":"GeoNames PPL 聚落地名点（WGS84；可能为旧位置或近似中心）","coordinate_precision":"approximate","settlement_level":"unknown","kind":"settlement","verification_status":"publicly_listed","population":null,"elderly_ratio":null,"aliases":["Zhongjiang","zhong jiang"],"sources":[{"id":"geonames-7636041","source_id":"7636041","source_type":"geonames","name":"中江","url":"https://www.geonames.org/7636041/","license":"CC BY 4.0; GeoNames","source_updated_at":"2021-09-20","retrieved_at":"2026-09-27T04:01:28.254836+00:00","coordinate_source":"GeoNames PPL 聚落地名点（WGS84；可能为旧位置或近似中心）","coordinate_precision":"approximate","coordinates":[116.31536,29.2136],"source_feature_type":"PPL"}],"potential_duplicate":false,"potential_duplicate_ids":[],"township_assignment":"OSM乡界多边形空间归属；并非法定隶属核验","deduplication_note":null}},{"type":"Feature","id":"geonames-12561813","geometry":{"type":"Point","coordinates":[116.31552,29.24082]},"properties":{"id":"geonames-12561813","name":"义公村","township_name":"和合乡","source_url":"https://www.geonames.org/12561813/","source_id":"12561813","source_type":"geonames","source_updated_at":"2023-09-07","retrieved_at":"2026-09-27T04:01:28.254836+00:00","coordinate_source":"GeoNames PPL 聚落地名点（WGS84；可能为旧位置或近似中心）","coordinate_precision":"approximate","settlement_level":"unknown","kind":"settlement","verification_status":"publicly_listed","population":null,"elderly_ratio":null,"aliases":["Yigongcun","yi gong cun"],"sources":[{"id":"geonames-12561813","source_id":"12561813","source_type":"geonames","name":"义公村","url":"https://www.geonames.org/12561813/","license":"CC BY 4.0; GeoNames","source_updated_at":"2023-09-07","retrieved_at":"2026-09-27T04:01:28.254836+00:00","coordinate_source":"GeoNames PPL 聚落地名点（WGS84；可能为旧位置或近似中心）","coordinate_precision":"approximate","coordinates":[116.31552,29.24082],"source_feature_type":"PPL"}],"potential_duplicate":false,"potential_duplicate_ids":[],"township_assignment":"OSM乡界多边形空间归属；并非法定隶属核验","deduplication_note":null}},{"type":"Feature","id":"geonames-12561765","geometry":{"type":"Point","coordinates":[116.31652,29.25718]},"properties":{"id":"geonames-12561765","name":"南溪村","township_name":"和合乡","source_url":"https://www.geonames.org/12561765/","source_id":"12561765","source_type":"geonames","source_updated_at":"2023-09-07","retrieved_at":"2026-09-27T04:01:28.254836+00:00","coordinate_source":"GeoNames PPL 聚落地名点（WGS84；可能为旧位置或近似中心）","coordinate_precision":"approximate","settlement_level":"unknown","kind":"settlement","verification_status":"publicly_listed","population":null,"elderly_ratio":null,"aliases":["Nanxicun","nan xi cun"],"sources":[{"id":"geonames-12561765","source_id":"12561765","source_type":"geonames","name":"南溪村","url":"https://www.geonames.org/12561765/","license":"CC BY 4.0; GeoNames","source_updated_at":"2023-09-07","retrieved_at":"2026-09-27T04:01:28.254836+00:00","coordinate_source":"GeoNames PPL 聚落地名点（WGS84；可能为旧位置或近似中心）","coordinate_precision":"approximate","coordinates":[116.31652,29.25718],"source_feature_type":"PPL"}],"potential_duplicate":false,"potential_duplicate_ids":[],"township_assignment":"OSM乡界多边形空间归属；并非法定隶属核验","deduplication_note":null}},{"type":"Feature","id":"geonames-7636602","geometry":{"type":"Point","coordinates":[116.2875,29.24436]},"properties":{"id":"geonames-7636602","name":"双峰村","township_name":"和合乡","source_url":"https://www.geonames.org/7636602/","source_id":"7636602","source_type":"geonames","source_updated_at":"2023-09-06","retrieved_at":"2026-09-27T04:01:28.254836+00:00","coordinate_source":"GeoNames PPL 聚落地名点（WGS84；可能为旧位置或近似中心）","coordinate_precision":"approximate","settlement_level":"unknown","kind":"settlement","verification_status":"publicly_listed","population":null,"elderly_ratio":null,"aliases":["Shuangfeng","Shuangfengcun","shuang feng","shuang feng cun","双峰"],"sources":[{"id":"geonames-7636602","source_id":"7636602","source_type":"geonames","name":"双峰村","url":"https://www.geonames.org/7636602/","license":"CC BY 4.0; GeoNames","source_updated_at":"2023-09-06","retrieved_at":"2026-09-27T04:01:28.254836+00:00","coordinate_source":"GeoNames PPL 聚落地名点（WGS84；可能为旧位置或近似中心）","coordinate_precision":"approximate","coordinates":[116.2875,29.24436],"source_feature_type":"PPL"}],"potential_duplicate":false,"potential_duplicate_ids":[],"township_assignment":"OSM乡界多边形空间归属；并非法定隶属核验","deduplication_note":null}},{"type":"Feature","id":"geonames-7636150","geometry":{"type":"Point","coordinates":[116.30895,29.1603]},"properties":{"id":"geonames-7636150","name":"吴岭源冯家","township_name":"和合乡","source_url":"https://www.geonames.org/7636150/","source_id":"7636150","source_type":"geonames","source_updated_at":"2021-09-20","retrieved_at":"2026-09-27T04:01:28.254836+00:00","coordinate_source":"GeoNames PPL 聚落地名点（WGS84；可能为旧位置或近似中心）","coordinate_precision":"approximate","settlement_level":"unknown","kind":"settlement","verification_status":"publicly_listed","population":null,"elderly_ratio":null,"aliases":["Wulingyuan Fengjia","wu ling yuan feng jia"],"sources":[{"id":"geonames-7636150","source_id":"7636150","source_type":"geonames","name":"吴岭源冯家","url":"https://www.geonames.org/7636150/","license":"CC BY 4.0; GeoNames","source_updated_at":"2021-09-20","retrieved_at":"2026-09-27T04:01:28.254836+00:00","coordinate_source":"GeoNames PPL 聚落地名点（WGS84；可能为旧位置或近似中心）","coordinate_precision":"approximate","coordinates":[116.30895,29.1603],"source_feature_type":"PPL"}],"potential_duplicate":false,"potential_duplicate_ids":[],"township_assignment":"OSM乡界多边形空间归属；并非法定隶属核验","deduplication_note":null}},{"type":"Feature","id":"geonames-12561870","geometry":{"type":"Point","coordinates":[116.29554,29.23154]},"properties":{"id":"geonames-12561870","name":"和合村","township_name":"和合乡","source_url":"https://www.geonames.org/12561870/","source_id":"12561870","source_type":"geonames","source_updated_at":"2023-09-07","retrieved_at":"2026-09-27T04:01:28.254836+00:00","coordinate_source":"GeoNames PPL 聚落地名点（WGS84；可能为旧位置或近似中心）","coordinate_precision":"approximate","settlement_level":"unknown","kind":"settlement","verification_status":"publicly_listed","population":null,"elderly_ratio":null,"aliases":["Hehecun","he he cun"],"sources":[{"id":"geonames-12561870","source_id":"12561870","source_type":"geonames","name":"和合村","url":"https://www.geonames.org/12561870/","license":"CC BY 4.0; GeoNames","source_updated_at":"2023-09-07","retrieved_at":"2026-09-27T04:01:28.254836+00:00","coordinate_source":"GeoNames PPL 聚落地名点（WGS84；可能为旧位置或近似中心）","coordinate_precision":"approximate","coordinates":[116.29554,29.23154],"source_feature_type":"PPL"}],"potential_duplicate":false,"potential_duplicate_ids":[],"township_assignment":"OSM乡界多边形空间归属；并非法定隶属核验","deduplication_note":null}},{"type":"Feature","id":"geonames-12561812","geometry":{"type":"Point","coordinates":[116.29251,29.22172]},"properties":{"id":"geonames-12561812","name":"大前村","township_name":"和合乡","source_url":"https://www.geonames.org/12561812/","source_id":"12561812","source_type":"geonames","source_updated_at":"2023-09-07","retrieved_at":"2026-09-27T04:01:28.254836+00:00","coordinate_source":"GeoNames PPL 聚落地名点（WGS84；可能为旧位置或近似中心）","coordinate_precision":"approximate","settlement_level":"unknown","kind":"settlement","verification_status":"publicly_listed","population":null,"elderly_ratio":null,"aliases":["Daqiancun","da qian cun"],"sources":[{"id":"geonames-12561812","source_id":"12561812","source_type":"geonames","name":"大前村","url":"https://www.geonames.org/12561812/","license":"CC BY 4.0; GeoNames","source_updated_at":"2023-09-07","retrieved_at":"2026-09-27T04:01:28.254836+00:00","coordinate_source":"GeoNames PPL 聚落地名点（WGS84；可能为旧位置或近似中心）","coordinate_precision":"approximate","coordinates":[116.29251,29.22172],"source_feature_type":"PPL"}],"potential_duplicate":false,"potential_duplicate_ids":[],"township_assignment":"OSM乡界多边形空间归属；并非法定隶属核验","deduplication_note":null}},{"type":"Feature","id":"geonames-7636475","geometry":{"type":"Point","coordinates":[116.30047,29.21979]},"properties":{"id":"geonames-7636475","name":"序儒学","township_name":"和合乡","source_url":"https://www.geonames.org/7636475/","source_id":"7636475","source_type":"geonames","source_updated_at":"2023-09-06","retrieved_at":"2026-09-27T04:01:28.254836+00:00","coordinate_source":"GeoNames PPL 聚落地名点（WGS84；可能为旧位置或近似中心）","coordinate_precision":"approximate","settlement_level":"unknown","kind":"settlement","verification_status":"publicly_listed","population":null,"elderly_ratio":null,"aliases":["Xuruxue","xu ru xue"],"sources":[{"id":"geonames-7636475","source_id":"7636475","source_type":"geonames","name":"序儒学","url":"https://www.geonames.org/7636475/","license":"CC BY 4.0; GeoNames","source_updated_at":"2023-09-06","retrieved_at":"2026-09-27T04:01:28.254836+00:00","coordinate_source":"GeoNames PPL 聚落地名点（WGS84；可能为旧位置或近似中心）","coordinate_precision":"approximate","coordinates":[116.30047,29.21979],"source_feature_type":"PPL"}],"potential_duplicate":false,"potential_duplicate_ids":[],"township_assignment":"OSM乡界多边形空间归属；并非法定隶属核验","deduplication_note":null}},{"type":"Feature","id":"geonames-12561769","geometry":{"type":"Point","coordinates":[116.28023,29.24318]},"properties":{"id":"geonames-12561769","name":"桥岭村","township_name":"和合乡","source_url":"https://www.geonames.org/12561769/","source_id":"12561769","source_type":"geonames","source_updated_at":"2023-09-07","retrieved_at":"2026-09-27T04:01:28.254836+00:00","coordinate_source":"GeoNames PPL 聚落地名点（WGS84；可能为旧位置或近似中心）","coordinate_precision":"approximate","settlement_level":"unknown","kind":"settlement","verification_status":"publicly_listed","population":null,"elderly_ratio":null,"aliases":["Qiaolingcun","qiao ling cun"],"sources":[{"id":"geonames-12561769","source_id":"12561769","source_type":"geonames","name":"桥岭村","url":"https://www.geonames.org/12561769/","license":"CC BY 4.0; GeoNames","source_updated_at":"2023-09-07","retrieved_at":"2026-09-27T04:01:28.254836+00:00","coordinate_source":"GeoNames PPL 聚落地名点（WGS84；可能为旧位置或近似中心）","coordinate_precision":"approximate","coordinates":[116.28023,29.24318],"source_feature_type":"PPL"}],"potential_duplicate":false,"potential_duplicate_ids":[],"township_assignment":"OSM乡界多边形空间归属；并非法定隶属核验","deduplication_note":null}},{"type":"Feature","id":"geonames-12561852","geometry":{"type":"Point","coordinates":[116.26996,29.24412]},"properties":{"id":"geonames-12561852","name":"滨湖村","township_name":"和合乡","source_url":"https://www.geonames.org/12561852/","source_id":"12561852","source_type":"geonames","source_updated_at":"2023-09-07","retrieved_at":"2026-09-27T04:01:28.254836+00:00","coordinate_source":"GeoNames PPL 聚落地名点（WGS84；可能为旧位置或近似中心）","coordinate_precision":"approximate","settlement_level":"unknown","kind":"settlement","verification_status":"publicly_listed","population":null,"elderly_ratio":null,"aliases":["Binhucun","bin hu cun"],"sources":[{"id":"geonames-12561852","source_id":"12561852","source_type":"geonames","name":"滨湖村","url":"https://www.geonames.org/12561852/","license":"CC BY 4.0; GeoNames","source_updated_at":"2023-09-07","retrieved_at":"2026-09-27T04:01:28.254836+00:00","coordinate_source":"GeoNames PPL 聚落地名点（WGS84；可能为旧位置或近似中心）","coordinate_precision":"approximate","coordinates":[116.26996,29.24412],"source_feature_type":"PPL"}],"potential_duplicate":false,"potential_duplicate_ids":[],"township_assignment":"OSM乡界多边形空间归属；并非法定隶属核验","deduplication_note":null}},{"type":"Feature","id":"geonames-7635934","geometry":{"type":"Point","coordinates":[116.31402,29.25185]},"properties":{"id":"geonames-7635934","name":"王家垄","township_name":"和合乡","source_url":"https://www.geonames.org/7635934/","source_id":"7635934","source_type":"geonames","source_updated_at":"2023-09-06","retrieved_at":"2026-09-27T04:01:28.254836+00:00","coordinate_source":"GeoNames PPL 聚落地名点（WGS84；可能为旧位置或近似中心）","coordinate_precision":"approximate","settlement_level":"unknown","kind":"settlement","verification_status":"publicly_listed","population":null,"elderly_ratio":null,"aliases":["Wangjialong","wang jia long"],"sources":[{"id":"geonames-7635934","source_id":"7635934","source_type":"geonames","name":"王家垄","url":"https://www.geonames.org/7635934/","license":"CC BY 4.0; GeoNames","source_updated_at":"2023-09-06","retrieved_at":"2026-09-27T04:01:28.254836+00:00","coordinate_source":"GeoNames PPL 聚落地名点（WGS84；可能为旧位置或近似中心）","coordinate_precision":"approximate","coordinates":[116.31402,29.25185],"source_feature_type":"PPL"}],"potential_duplicate":false,"potential_duplicate_ids":[],"township_assignment":"OSM乡界多边形空间归属；并非法定隶属核验","deduplication_note":null}},{"type":"Feature","id":"geonames-7636663","geometry":{"type":"Point","coordinates":[116.30644,29.24975]},"properties":{"id":"geonames-7636663","name":"田坂村","township_name":"和合乡","source_url":"https://www.geonames.org/7636663/","source_id":"7636663","source_type":"geonames","source_updated_at":"2023-09-06","retrieved_at":"2026-09-27T04:01:28.254836+00:00","coordinate_source":"GeoNames PPL 聚落地名点（WGS84；可能为旧位置或近似中心）","coordinate_precision":"approximate","settlement_level":"unknown","kind":"settlement","verification_status":"publicly_listed","population":null,"elderly_ratio":null,"aliases":["Tianbancun","Tianfan","tian ban cun","tian fan","田畈"],"sources":[{"id":"geonames-7636663","source_id":"7636663","source_type":"geonames","name":"田坂村","url":"https://www.geonames.org/7636663/","license":"CC BY 4.0; GeoNames","source_updated_at":"2023-09-06","retrieved_at":"2026-09-27T04:01:28.254836+00:00","coordinate_source":"GeoNames PPL 聚落地名点（WGS84；可能为旧位置或近似中心）","coordinate_precision":"approximate","coordinates":[116.30644,29.24975],"source_feature_type":"PPL"}],"potential_duplicate":false,"potential_duplicate_ids":[],"township_assignment":"OSM乡界多边形空间归属；并非法定隶属核验","deduplication_note":null}},{"type":"Feature","id":"geonames-7636782","geometry":{"type":"Point","coordinates":[116.25959,29.24552]},"properties":{"id":"geonames-7636782","name":"白土村","township_name":"和合乡","source_url":"https://www.geonames.org/7636782/","source_id":"7636782","source_type":"geonames","source_updated_at":"2023-09-06","retrieved_at":"2026-09-27T04:01:28.254836+00:00","coordinate_source":"GeoNames PPL 聚落地名点（WGS84；可能为旧位置或近似中心）","coordinate_precision":"approximate","settlement_level":"unknown","kind":"settlement","verification_status":"publicly_listed","population":null,"elderly_ratio":null,"aliases":["Baitu","Baitucun","bai tu","bai tu cun","白土"],"sources":[{"id":"geonames-7636782","source_id":"7636782","source_type":"geonames","name":"白土村","url":"https://www.geonames.org/7636782/","license":"CC BY 4.0; GeoNames","source_updated_at":"2023-09-06","retrieved_at":"2026-09-27T04:01:28.254836+00:00","coordinate_source":"GeoNames PPL 聚落地名点（WGS84；可能为旧位置或近似中心）","coordinate_precision":"approximate","coordinates":[116.25959,29.24552],"source_feature_type":"PPL"}],"potential_duplicate":false,"potential_duplicate_ids":[],"township_assignment":"OSM乡界多边形空间归属；并非法定隶属核验","deduplication_note":null}},{"type":"Feature","id":"geonames-7635931","geometry":{"type":"Point","coordinates":[116.27599,29.25539]},"properties":{"id":"geonames-7635931","name":"老舍村","township_name":"和合乡","source_url":"https://www.geonames.org/7635931/","source_id":"7635931","source_type":"geonames","source_updated_at":"2023-09-06","retrieved_at":"2026-09-27T04:01:28.254836+00:00","coordinate_source":"GeoNames PPL 聚落地名点（WGS84；可能为旧位置或近似中心）","coordinate_precision":"approximate","settlement_level":"unknown","kind":"settlement","verification_status":"publicly_listed","population":null,"elderly_ratio":null,"aliases":["Laoshe","Laoshecun","lao she","lao she cun","老舍"],"sources":[{"id":"geonames-7635931","source_id":"7635931","source_type":"geonames","name":"老舍村","url":"https://www.geonames.org/7635931/","license":"CC BY 4.0; GeoNames","source_updated_at":"2023-09-06","retrieved_at":"2026-09-27T04:01:28.254836+00:00","coordinate_source":"GeoNames PPL 聚落地名点（WGS84；可能为旧位置或近似中心）","coordinate_precision":"approximate","coordinates":[116.27599,29.25539],"source_feature_type":"PPL"}],"potential_duplicate":false,"potential_duplicate_ids":[],"township_assignment":"OSM乡界多边形空间归属；并非法定隶属核验","deduplication_note":null}},{"type":"Feature","id":"geonames-12561851","geometry":{"type":"Point","coordinates":[116.27891,29.22511]},"properties":{"id":"geonames-12561851","name":"茭塘村","township_name":"和合乡","source_url":"https://www.geonames.org/12561851/","source_id":"12561851","source_type":"geonames","source_updated_at":"2023-09-07","retrieved_at":"2026-09-27T04:01:28.254836+00:00","coordinate_source":"GeoNames PPL 聚落地名点（WGS84；可能为旧位置或近似中心）","coordinate_precision":"approximate","settlement_level":"unknown","kind":"settlement","verification_status":"publicly_listed","population":null,"elderly_ratio":null,"aliases":["Jiaotangcun","jiao tang cun"],"sources":[{"id":"geonames-12561851","source_id":"12561851","source_type":"geonames","name":"茭塘村","url":"https://www.geonames.org/12561851/","license":"CC BY 4.0; GeoNames","source_updated_at":"2023-09-07","retrieved_at":"2026-09-27T04:01:28.254836+00:00","coordinate_source":"GeoNames PPL 聚落地名点（WGS84；可能为旧位置或近似中心）","coordinate_precision":"approximate","coordinates":[116.27891,29.22511],"source_feature_type":"PPL"}],"potential_duplicate":false,"potential_duplicate_ids":[],"township_assignment":"OSM乡界多边形空间归属；并非法定隶属核验","deduplication_note":null}},{"type":"Feature","id":"geonames-7636278","geometry":{"type":"Point","coordinates":[116.27555,29.24144]},"properties":{"id":"geonames-7636278","name":"迭祥","township_name":"和合乡","source_url":"https://www.geonames.org/7636278/","source_id":"7636278","source_type":"geonames","source_updated_at":"2023-09-06","retrieved_at":"2026-09-27T04:01:28.254836+00:00","coordinate_source":"GeoNames PPL 聚落地名点（WGS84；可能为旧位置或近似中心）","coordinate_precision":"approximate","settlement_level":"unknown","kind":"settlement","verification_status":"publicly_listed","population":null,"elderly_ratio":null,"aliases":["Diexiang","die xiang"],"sources":[{"id":"geonames-7636278","source_id":"7636278","source_type":"geonames","name":"迭祥","url":"https://www.geonames.org/7636278/","license":"CC BY 4.0; GeoNames","source_updated_at":"2023-09-06","retrieved_at":"2026-09-27T04:01:28.254836+00:00","coordinate_source":"GeoNames PPL 聚落地名点（WGS84；可能为旧位置或近似中心）","coordinate_precision":"approximate","coordinates":[116.27555,29.24144],"source_feature_type":"PPL"}],"potential_duplicate":false,"potential_duplicate_ids":[],"township_assignment":"OSM乡界多边形空间归属；并非法定隶属核验","deduplication_note":null}},{"type":"Feature","id":"geonames-12561901","geometry":{"type":"Point","coordinates":[116.30023,29.23304]},"properties":{"id":"geonames-12561901","name":"青龙村","township_name":"和合乡","source_url":"https://www.geonames.org/12561901/","source_id":"12561901","source_type":"geonames","source_updated_at":"2023-09-07","retrieved_at":"2026-09-27T04:01:28.254836+00:00","coordinate_source":"GeoNames PPL 聚落地名点（WGS84；可能为旧位置或近似中心）","coordinate_precision":"approximate","settlement_level":"unknown","kind":"settlement","verification_status":"publicly_listed","population":null,"elderly_ratio":null,"aliases":["Qinglongcun","qing long cun"],"sources":[{"id":"geonames-12561901","source_id":"12561901","source_type":"geonames","name":"青龙村","url":"https://www.geonames.org/12561901/","license":"CC BY 4.0; GeoNames","source_updated_at":"2023-09-07","retrieved_at":"2026-09-27T04:01:28.254836+00:00","coordinate_source":"GeoNames PPL 聚落地名点（WGS84；可能为旧位置或近似中心）","coordinate_precision":"approximate","coordinates":[116.30023,29.23304],"source_feature_type":"PPL"}],"potential_duplicate":false,"potential_duplicate_ids":[],"township_assignment":"OSM乡界多边形空间归属；并非法定隶属核验","deduplication_note":null}},{"type":"Feature","id":"geonames-12561902","geometry":{"type":"Point","coordinates":[116.28598,29.22973]},"properties":{"id":"geonames-12561902","name":"黄金村","township_name":"和合乡","source_url":"https://www.geonames.org/12561902/","source_id":"12561902","source_type":"geonames","source_updated_at":"2023-09-07","retrieved_at":"2026-09-27T04:01:28.254836+00:00","coordinate_source":"GeoNames PPL 聚落地名点（WGS84；可能为旧位置或近似中心）","coordinate_precision":"approximate","settlement_level":"unknown","kind":"settlement","verification_status":"publicly_listed","population":null,"elderly_ratio":null,"aliases":["Huangjincun","huang jin cun"],"sources":[{"id":"geonames-12561902","source_id":"12561902","source_type":"geonames","name":"黄金村","url":"https://www.geonames.org/12561902/","license":"CC BY 4.0; GeoNames","source_updated_at":"2023-09-07","retrieved_at":"2026-09-27T04:01:28.254836+00:00","coordinate_source":"GeoNames PPL 聚落地名点（WGS84；可能为旧位置或近似中心）","coordinate_precision":"approximate","coordinates":[116.28598,29.22973],"source_feature_type":"PPL"}],"potential_duplicate":false,"potential_duplicate_ids":[],"township_assignment":"OSM乡界多边形空间归属；并非法定隶属核验","deduplication_note":null}},{"type":"Feature","id":"geonames-12561770","geometry":{"type":"Point","coordinates":[116.31252,29.22203]},"properties":{"id":"geonames-12561770","name":"黎明村","township_name":"和合乡","source_url":"https://www.geonames.org/12561770/","source_id":"12561770","source_type":"geonames","source_updated_at":"2023-09-07","retrieved_at":"2026-09-27T04:01:28.254836+00:00","coordinate_source":"GeoNames PPL 聚落地名点（WGS84；可能为旧位置或近似中心）","coordinate_precision":"approximate","settlement_level":"unknown","kind":"settlement","verification_status":"publicly_listed","population":null,"elderly_ratio":null,"aliases":["Limingcun","li ming cun"],"sources":[{"id":"geonames-12561770","source_id":"12561770","source_type":"geonames","name":"黎明村","url":"https://www.geonames.org/12561770/","license":"CC BY 4.0; GeoNames","source_updated_at":"2023-09-07","retrieved_at":"2026-09-27T04:01:28.254836+00:00","coordinate_source":"GeoNames PPL 聚落地名点（WGS84；可能为旧位置或近似中心）","coordinate_precision":"approximate","coordinates":[116.31252,29.22203],"source_feature_type":"PPL"}],"potential_duplicate":false,"potential_duplicate_ids":[],"township_assignment":"OSM乡界多边形空间归属；并非法定隶属核验","deduplication_note":null}},{"type":"Feature","id":"geonames-7636130","geometry":{"type":"Point","coordinates":[116.41628,29.33899]},"properties":{"id":"geonames-7636130","name":"下社","township_name":"土塘镇","source_url":"https://www.geonames.org/7636130/","source_id":"7636130","source_type":"geonames","source_updated_at":"2021-09-20","retrieved_at":"2026-09-27T04:01:28.254836+00:00","coordinate_source":"GeoNames PPL 聚落地名点（WGS84；可能为旧位置或近似中心）","coordinate_precision":"approximate","settlement_level":"unknown","kind":"settlement","verification_status":"publicly_listed","population":null,"elderly_ratio":null,"aliases":["Xiashe","xia she"],"sources":[{"id":"geonames-7636130","source_id":"7636130","source_type":"geonames","name":"下社","url":"https://www.geonames.org/7636130/","license":"CC BY 4.0; GeoNames","source_updated_at":"2021-09-20","retrieved_at":"2026-09-27T04:01:28.254836+00:00","coordinate_source":"GeoNames PPL 聚落地名点（WGS84；可能为旧位置或近似中心）","coordinate_precision":"approximate","coordinates":[116.41628,29.33899],"source_feature_type":"PPL"}],"potential_duplicate":false,"potential_duplicate_ids":[],"township_assignment":"OSM乡界多边形空间归属；并非法定隶属核验","deduplication_note":null}},{"type":"Feature","id":"geonames-12561754","geometry":{"type":"Point","coordinates":[116.38779,29.41268]},"properties":{"id":"geonames-12561754","name":"佛子村","township_name":"土塘镇","source_url":"https://www.geonames.org/12561754/","source_id":"12561754","source_type":"geonames","source_updated_at":"2023-09-07","retrieved_at":"2026-09-27T04:01:28.254836+00:00","coordinate_source":"GeoNames PPL 聚落地名点（WGS84；可能为旧位置或近似中心）","coordinate_precision":"approximate","settlement_level":"unknown","kind":"settlement","verification_status":"publicly_listed","population":null,"elderly_ratio":null,"aliases":["Fozicun","fu zi cun"],"sources":[{"id":"geonames-12561754","source_id":"12561754","source_type":"geonames","name":"佛子村","url":"https://www.geonames.org/12561754/","license":"CC BY 4.0; GeoNames","source_updated_at":"2023-09-07","retrieved_at":"2026-09-27T04:01:28.254836+00:00","coordinate_source":"GeoNames PPL 聚落地名点（WGS84；可能为旧位置或近似中心）","coordinate_precision":"approximate","coordinates":[116.38779,29.41268],"source_feature_type":"PPL"}],"potential_duplicate":false,"potential_duplicate_ids":[],"township_assignment":"OSM乡界多边形空间归属；并非法定隶属核验","deduplication_note":null}},{"type":"Feature","id":"osm-node-8950282568","geometry":{"type":"Point","coordinates":[116.365316,29.394206]},"properties":{"id":"osm-node-8950282568","name":"信和","township_name":"土塘镇","source_url":"https://www.openstreetmap.org/node/8950282568","source_id":"8950282568","source_type":"osm","source_updated_at":"2021-07-26T05:51:25Z","retrieved_at":"2026-09-27T04:06:23.342197+00:00","coordinate_source":"OpenStreetMap 原始聚落节点（WGS84）","coordinate_precision":"mapped_point","settlement_level":"unknown","kind":"settlement","verification_status":"publicly_listed","population":null,"elderly_ratio":null,"aliases":["Xinhe","Xinhecun","xin he","xin he cun","信和村"],"sources":[{"id":"osm-node-8950282568","source_id":"8950282568","source_type":"osm","name":"信和","url":"https://www.openstreetmap.org/node/8950282568","license":"ODbL 1.0; © OpenStreetMap contributors","source_updated_at":"2021-07-26T05:51:25Z","retrieved_at":"2026-09-27T04:06:23.342197+00:00","coordinate_source":"OpenStreetMap 原始聚落节点（WGS84）","coordinate_precision":"mapped_point","coordinates":[116.365316,29.394206],"source_feature_type":"village"},{"id":"geonames-7636647","source_id":"7636647","source_type":"geonames","name":"信和村","url":"https://www.geonames.org/7636647/","license":"CC BY 4.0; GeoNames","source_updated_at":"2023-09-06","retrieved_at":"2026-09-27T04:01:28.254836+00:00","coordinate_source":"GeoNames PPL 聚落地名点（WGS84；可能为旧位置或近似中心）","coordinate_precision":"approximate","coordinates":[116.36665,29.39424],"source_feature_type":"PPL"}],"potential_duplicate":false,"potential_duplicate_ids":[],"township_assignment":"OSM乡界多边形空间归属；并非法定隶属核验","deduplication_note":"同乡同名/别名且簇内两两相距不超过150米合并；优先OSM原始点"}},{"type":"Feature","id":"geonames-7636527","geometry":{"type":"Point","coordinates":[116.45989,29.37474]},"properties":{"id":"geonames-7636527","name":"元康冯家","township_name":"土塘镇","source_url":"https://www.geonames.org/7636527/","source_id":"7636527","source_type":"geonames","source_updated_at":"2023-09-06","retrieved_at":"2026-09-27T04:01:28.254836+00:00","coordinate_source":"GeoNames PPL 聚落地名点（WGS84；可能为旧位置或近似中心）","coordinate_precision":"approximate","settlement_level":"unknown","kind":"settlement","verification_status":"publicly_listed","population":null,"elderly_ratio":null,"aliases":["Yuankang Fengjia","yuan kang feng jia"],"sources":[{"id":"geonames-7636527","source_id":"7636527","source_type":"geonames","name":"元康冯家","url":"https://www.geonames.org/7636527/","license":"CC BY 4.0; GeoNames","source_updated_at":"2023-09-06","retrieved_at":"2026-09-27T04:01:28.254836+00:00","coordinate_source":"GeoNames PPL 聚落地名点（WGS84；可能为旧位置或近似中心）","coordinate_precision":"approximate","coordinates":[116.45989,29.37474],"source_feature_type":"PPL"}],"potential_duplicate":false,"potential_duplicate_ids":[],"township_assignment":"OSM乡界多边形空间归属；并非法定隶属核验","deduplication_note":null}},{"type":"Feature","id":"osm-node-8950305931","geometry":{"type":"Point","coordinates":[116.432294,29.387406]},"properties":{"id":"osm-node-8950305931","name":"冯坊","township_name":"土塘镇","source_url":"https://www.openstreetmap.org/node/8950305931","source_id":"8950305931","source_type":"osm","source_updated_at":"2021-07-26T05:51:26Z","retrieved_at":"2026-09-27T04:06:23.342197+00:00","coordinate_source":"OpenStreetMap 原始聚落节点（WGS84）","coordinate_precision":"mapped_point","settlement_level":"unknown","kind":"settlement","verification_status":"publicly_listed","population":null,"elderly_ratio":null,"aliases":["Fengfang"],"sources":[{"id":"osm-node-8950305931","source_id":"8950305931","source_type":"osm","name":"冯坊","url":"https://www.openstreetmap.org/node/8950305931","license":"ODbL 1.0; © OpenStreetMap contributors","source_updated_at":"2021-07-26T05:51:26Z","retrieved_at":"2026-09-27T04:06:23.342197+00:00","coordinate_source":"OpenStreetMap 原始聚落节点（WGS84）","coordinate_precision":"mapped_point","coordinates":[116.432294,29.387406],"source_feature_type":"village"}],"potential_duplicate":true,"potential_duplicate_ids":["geonames-7635985"],"township_assignment":"OSM乡界多边形空间归属；并非法定隶属核验","deduplication_note":null}},{"type":"Feature","id":"geonames-7635985","geometry":{"type":"Point","coordinates":[116.43491,29.38836]},"properties":{"id":"geonames-7635985","name":"冯坊村","township_name":"土塘镇","source_url":"https://www.geonames.org/7635985/","source_id":"7635985","source_type":"geonames","source_updated_at":"2023-09-06","retrieved_at":"2026-09-27T04:01:28.254836+00:00","coordinate_source":"GeoNames PPL 聚落地名点（WGS84；可能为旧位置或近似中心）","coordinate_precision":"approximate","settlement_level":"unknown","kind":"settlement","verification_status":"publicly_listed","population":null,"elderly_ratio":null,"aliases":["Fengfang","Fengfangcun","Fengjiafangcun","feng fang","feng fang cun","feng jia fang cun","冯坊","冯家坊村"],"sources":[{"id":"geonames-7635985","source_id":"7635985","source_type":"geonames","name":"冯坊村","url":"https://www.geonames.org/7635985/","license":"CC BY 4.0; GeoNames","source_updated_at":"2023-09-06","retrieved_at":"2026-09-27T04:01:28.254836+00:00","coordinate_source":"GeoNames PPL 聚落地名点（WGS84；可能为旧位置或近似中心）","coordinate_precision":"approximate","coordinates":[116.43491,29.38836],"source_feature_type":"PPL"}],"potential_duplicate":true,"potential_duplicate_ids":["osm-node-8950305931"],"township_assignment":"OSM乡界多边形空间归属；并非法定隶属核验","deduplication_note":null}},{"type":"Feature","id":"osm-node-8950282573","geometry":{"type":"Point","coordinates":[116.406683,29.395392]},"properties":{"id":"osm-node-8950282573","name":"冯梓桥","township_name":"土塘镇","source_url":"https://www.openstreetmap.org/node/8950282573","source_id":"8950282573","source_type":"osm","source_updated_at":"2021-07-26T05:51:25Z","retrieved_at":"2026-09-27T04:06:23.342197+00:00","coordinate_source":"OpenStreetMap 原始聚落节点（WGS84）","coordinate_precision":"mapped_point","settlement_level":"unknown","kind":"settlement","verification_status":"publicly_listed","population":null,"elderly_ratio":null,"aliases":["Fengziqiao"],"sources":[{"id":"osm-node-8950282573","source_id":"8950282573","source_type":"osm","name":"冯梓桥","url":"https://www.openstreetmap.org/node/8950282573","license":"ODbL 1.0; © OpenStreetMap contributors","source_updated_at":"2021-07-26T05:51:25Z","retrieved_at":"2026-09-27T04:06:23.342197+00:00","coordinate_source":"OpenStreetMap 原始聚落节点（WGS84）","coordinate_precision":"mapped_point","coordinates":[116.406683,29.395392],"source_feature_type":"village"}],"potential_duplicate":true,"potential_duplicate_ids":["geonames-7636629"],"township_assignment":"OSM乡界多边形空间归属；并非法定隶属核验","deduplication_note":null}},{"type":"Feature","id":"geonames-7636629","geometry":{"type":"Point","coordinates":[116.40506,29.39618]},"properties":{"id":"geonames-7636629","name":"冯梓桥村","township_name":"土塘镇","source_url":"https://www.geonames.org/7636629/","source_id":"7636629","source_type":"geonames","source_updated_at":"2023-09-06","retrieved_at":"2026-09-27T04:01:28.254836+00:00","coordinate_source":"GeoNames PPL 聚落地名点（WGS84；可能为旧位置或近似中心）","coordinate_precision":"approximate","settlement_level":"unknown","kind":"settlement","verification_status":"publicly_listed","population":null,"elderly_ratio":null,"aliases":["Fengziqiao","Fengziqiaocun","feng zi qiao","feng zi qiao cun","冯梓桥"],"sources":[{"id":"geonames-7636629","source_id":"7636629","source_type":"geonames","name":"冯梓桥村","url":"https://www.geonames.org/7636629/","license":"CC BY 4.0; GeoNames","source_updated_at":"2023-09-06","retrieved_at":"2026-09-27T04:01:28.254836+00:00","coordinate_source":"GeoNames PPL 聚落地名点（WGS84；可能为旧位置或近似中心）","coordinate_precision":"approximate","coordinates":[116.40506,29.39618],"source_feature_type":"PPL"}],"potential_duplicate":true,"potential_duplicate_ids":["osm-node-8950282573"],"township_assignment":"OSM乡界多边形空间归属；并非法定隶属核验","deduplication_note":null}},{"type":"Feature","id":"geonames-12561873","geometry":{"type":"Point","coordinates":[116.41694,29.34587]},"properties":{"id":"geonames-12561873","name":"刘云村","township_name":"土塘镇","source_url":"https://www.geonames.org/12561873/","source_id":"12561873","source_type":"geonames","source_updated_at":"2023-09-07","retrieved_at":"2026-09-27T04:01:28.254836+00:00","coordinate_source":"GeoNames PPL 聚落地名点（WGS84；可能为旧位置或近似中心）","coordinate_precision":"approximate","settlement_level":"unknown","kind":"settlement","verification_status":"publicly_listed","population":null,"elderly_ratio":null,"aliases":["Liuyuncun","liu yun cun"],"sources":[{"id":"geonames-12561873","source_id":"12561873","source_type":"geonames","name":"刘云村","url":"https://www.geonames.org/12561873/","license":"CC BY 4.0; GeoNames","source_updated_at":"2023-09-07","retrieved_at":"2026-09-27T04:01:28.254836+00:00","coordinate_source":"GeoNames PPL 聚落地名点（WGS84；可能为旧位置或近似中心）","coordinate_precision":"approximate","coordinates":[116.41694,29.34587],"source_feature_type":"PPL"}],"potential_duplicate":false,"potential_duplicate_ids":[],"township_assignment":"OSM乡界多边形空间归属；并非法定隶属核验","deduplication_note":null}},{"type":"Feature","id":"geonames-7636854","geometry":{"type":"Point","coordinates":[116.39326,29.36516]},"properties":{"id":"geonames-7636854","name":"化民","township_name":"土塘镇","source_url":"https://www.geonames.org/7636854/","source_id":"7636854","source_type":"geonames","source_updated_at":"2021-09-20","retrieved_at":"2026-09-27T04:01:28.254836+00:00","coordinate_source":"GeoNames PPL 聚落地名点（WGS84；可能为旧位置或近似中心）","coordinate_precision":"approximate","settlement_level":"unknown","kind":"settlement","verification_status":"publicly_listed","population":null,"elderly_ratio":null,"aliases":["Huamin","Huaminxiang","hua min","hua min xiang","化民乡"],"sources":[{"id":"geonames-7636854","source_id":"7636854","source_type":"geonames","name":"化民","url":"https://www.geonames.org/7636854/","license":"CC BY 4.0; GeoNames","source_updated_at":"2021-09-20","retrieved_at":"2026-09-27T04:01:28.254836+00:00","coordinate_source":"GeoNames PPL 聚落地名点（WGS84；可能为旧位置或近似中心）","coordinate_precision":"approximate","coordinates":[116.39326,29.36516],"source_feature_type":"PPL"}],"potential_duplicate":true,"potential_duplicate_ids":["osm-node-3933370551"],"township_assignment":"OSM乡界多边形空间归属；并非法定隶属核验","deduplication_note":null}},{"type":"Feature","id":"osm-node-3933370551","geometry":{"type":"Point","coordinates":[116.3944811,29.366194]},"properties":{"id":"osm-node-3933370551","name":"化民","township_name":"土塘镇","source_url":"https://www.openstreetmap.org/node/3933370551","source_id":"3933370551","source_type":"osm","source_updated_at":"2025-04-05T14:34:07Z","retrieved_at":"2026-09-27T04:06:23.342197+00:00","coordinate_source":"OpenStreetMap 原始聚落节点（WGS84）","coordinate_precision":"mapped_point","settlement_level":"unknown","kind":"settlement","verification_status":"publicly_listed","population":null,"elderly_ratio":null,"aliases":["Huamin","化民乡"],"sources":[{"id":"osm-node-3933370551","source_id":"3933370551","source_type":"osm","name":"化民","url":"https://www.openstreetmap.org/node/3933370551","license":"ODbL 1.0; © OpenStreetMap contributors","source_updated_at":"2025-04-05T14:34:07Z","retrieved_at":"2026-09-27T04:06:23.342197+00:00","coordinate_source":"OpenStreetMap 原始聚落节点（WGS84）","coordinate_precision":"mapped_point","coordinates":[116.3944811,29.366194],"source_feature_type":"village"}],"potential_duplicate":true,"potential_duplicate_ids":["geonames-7636854"],"township_assignment":"OSM乡界多边形空间归属；并非法定隶属核验","deduplication_note":null}},{"type":"Feature","id":"geonames-12561803","geometry":{"type":"Point","coordinates":[116.34214,29.34452]},"properties":{"id":"geonames-12561803","name":"南源村","township_name":"土塘镇","source_url":"https://www.geonames.org/12561803/","source_id":"12561803","source_type":"geonames","source_updated_at":"2023-09-07","retrieved_at":"2026-09-27T04:01:28.254836+00:00","coordinate_source":"GeoNames PPL 聚落地名点（WGS84；可能为旧位置或近似中心）","coordinate_precision":"approximate","settlement_level":"unknown","kind":"settlement","verification_status":"publicly_listed","population":null,"elderly_ratio":null,"aliases":["Nanyuancun","nan yuan cun"],"sources":[{"id":"geonames-12561803","source_id":"12561803","source_type":"geonames","name":"南源村","url":"https://www.geonames.org/12561803/","license":"CC BY 4.0; GeoNames","source_updated_at":"2023-09-07","retrieved_at":"2026-09-27T04:01:28.254836+00:00","coordinate_source":"GeoNames PPL 聚落地名点（WGS84；可能为旧位置或近似中心）","coordinate_precision":"approximate","coordinates":[116.34214,29.34452],"source_feature_type":"PPL"}],"potential_duplicate":false,"potential_duplicate_ids":[],"township_assignment":"OSM乡界多边形空间归属；并非法定隶属核验","deduplication_note":null}},{"type":"Feature","id":"osm-node-8950305932","geometry":{"type":"Point","coordinates":[116.422557,29.375674]},"properties":{"id":"osm-node-8950305932","name":"土桥","township_name":"土塘镇","source_url":"https://www.openstreetmap.org/node/8950305932","source_id":"8950305932","source_type":"osm","source_updated_at":"2021-07-26T05:51:26Z","retrieved_at":"2026-09-27T04:06:23.342197+00:00","coordinate_source":"OpenStreetMap 原始聚落节点（WGS84）","coordinate_precision":"mapped_point","settlement_level":"unknown","kind":"settlement","verification_status":"publicly_listed","population":null,"elderly_ratio":null,"aliases":["Tuqiao"],"sources":[{"id":"osm-node-8950305932","source_id":"8950305932","source_type":"osm","name":"土桥","url":"https://www.openstreetmap.org/node/8950305932","license":"ODbL 1.0; © OpenStreetMap contributors","source_updated_at":"2021-07-26T05:51:26Z","retrieved_at":"2026-09-27T04:06:23.342197+00:00","coordinate_source":"OpenStreetMap 原始聚落节点（WGS84）","coordinate_precision":"mapped_point","coordinates":[116.422557,29.375674],"source_feature_type":"village"}],"potential_duplicate":true,"potential_duplicate_ids":["geonames-7636501"],"township_assignment":"OSM乡界多边形空间归属；并非法定隶属核验","deduplication_note":null}},{"type":"Feature","id":"geonames-7636501","geometry":{"type":"Point","coordinates":[116.4215,29.37719]},"properties":{"id":"geonames-7636501","name":"土桥村","township_name":"土塘镇","source_url":"https://www.geonames.org/7636501/","source_id":"7636501","source_type":"geonames","source_updated_at":"2023-09-06","retrieved_at":"2026-09-27T04:01:28.254836+00:00","coordinate_source":"GeoNames PPL 聚落地名点（WGS84；可能为旧位置或近似中心）","coordinate_precision":"approximate","settlement_level":"unknown","kind":"settlement","verification_status":"publicly_listed","population":null,"elderly_ratio":null,"aliases":["Tuqiao","Tuqiaocun","tu qiao","tu qiao cun","土桥"],"sources":[{"id":"geonames-7636501","source_id":"7636501","source_type":"geonames","name":"土桥村","url":"https://www.geonames.org/7636501/","license":"CC BY 4.0; GeoNames","source_updated_at":"2023-09-06","retrieved_at":"2026-09-27T04:01:28.254836+00:00","coordinate_source":"GeoNames PPL 聚落地名点（WGS84；可能为旧位置或近似中心）","coordinate_precision":"approximate","coordinates":[116.4215,29.37719],"source_feature_type":"PPL"}],"potential_duplicate":true,"potential_duplicate_ids":["osm-node-8950305932"],"township_assignment":"OSM乡界多边形空间归属；并非法定隶属核验","deduplication_note":null}},{"type":"Feature","id":"geonames-12561752","geometry":{"type":"Point","coordinates":[116.35959,29.36691]},"properties":{"id":"geonames-12561752","name":"外楼村","township_name":"土塘镇","source_url":"https://www.geonames.org/12561752/","source_id":"12561752","source_type":"geonames","source_updated_at":"2023-09-07","retrieved_at":"2026-09-27T04:01:28.254836+00:00","coordinate_source":"GeoNames PPL 聚落地名点（WGS84；可能为旧位置或近似中心）","coordinate_precision":"approximate","settlement_level":"unknown","kind":"settlement","verification_status":"publicly_listed","population":null,"elderly_ratio":null,"aliases":["Wailoucun","wai lou cun"],"sources":[{"id":"geonames-12561752","source_id":"12561752","source_type":"geonames","name":"外楼村","url":"https://www.geonames.org/12561752/","license":"CC BY 4.0; GeoNames","source_updated_at":"2023-09-07","retrieved_at":"2026-09-27T04:01:28.254836+00:00","coordinate_source":"GeoNames PPL 聚落地名点（WGS84；可能为旧位置或近似中心）","coordinate_precision":"approximate","coordinates":[116.35959,29.36691],"source_feature_type":"PPL"}],"potential_duplicate":false,"potential_duplicate_ids":[],"township_assignment":"OSM乡界多边形空间归属；并非法定隶属核验","deduplication_note":null}},{"type":"Feature","id":"geonames-12561844","geometry":{"type":"Point","coordinates":[116.33533,29.35611]},"properties":{"id":"geonames-12561844","name":"官洞村","township_name":"土塘镇","source_url":"https://www.geonames.org/12561844/","source_id":"12561844","source_type":"geonames","source_updated_at":"2023-09-07","retrieved_at":"2026-09-27T04:01:28.254836+00:00","coordinate_source":"GeoNames PPL 聚落地名点（WGS84；可能为旧位置或近似中心）","coordinate_precision":"approximate","settlement_level":"unknown","kind":"settlement","verification_status":"publicly_listed","population":null,"elderly_ratio":null,"aliases":["Guandongcun","guan dong cun"],"sources":[{"id":"geonames-12561844","source_id":"12561844","source_type":"geonames","name":"官洞村","url":"https://www.geonames.org/12561844/","license":"CC BY 4.0; GeoNames","source_updated_at":"2023-09-07","retrieved_at":"2026-09-27T04:01:28.254836+00:00","coordinate_source":"GeoNames PPL 聚落地名点（WGS84；可能为旧位置或近似中心）","coordinate_precision":"approximate","coordinates":[116.33533,29.35611],"source_feature_type":"PPL"}],"potential_duplicate":false,"potential_duplicate_ids":[],"township_assignment":"OSM乡界多边形空间归属；并非法定隶属核验","deduplication_note":null}},{"type":"Feature","id":"osm-node-8950282574","geometry":{"type":"Point","coordinates":[116.417427,29.403009]},"properties":{"id":"osm-node-8950282574","name":"寺泉山","township_name":"土塘镇","source_url":"https://www.openstreetmap.org/node/8950282574","source_id":"8950282574","source_type":"osm","source_updated_at":"2021-07-26T05:51:25Z","retrieved_at":"2026-09-27T04:06:23.342197+00:00","coordinate_source":"OpenStreetMap 原始聚落节点（WGS84）","coordinate_precision":"mapped_point","settlement_level":"unknown","kind":"settlement","verification_status":"publicly_listed","population":null,"elderly_ratio":null,"aliases":["Siquanshan","si quan shan"],"sources":[{"id":"osm-node-8950282574","source_id":"8950282574","source_type":"osm","name":"寺泉山","url":"https://www.openstreetmap.org/node/8950282574","license":"ODbL 1.0; © OpenStreetMap contributors","source_updated_at":"2021-07-26T05:51:25Z","retrieved_at":"2026-09-27T04:06:23.342197+00:00","coordinate_source":"OpenStreetMap 原始聚落节点（WGS84）","coordinate_precision":"mapped_point","coordinates":[116.417427,29.403009],"source_feature_type":"village"},{"id":"geonames-7636425","source_id":"7636425","source_type":"geonames","name":"寺泉山","url":"https://www.geonames.org/7636425/","license":"CC BY 4.0; GeoNames","source_updated_at":"2021-09-20","retrieved_at":"2026-09-27T04:01:28.254836+00:00","coordinate_source":"GeoNames PPL 聚落地名点（WGS84；可能为旧位置或近似中心）","coordinate_precision":"approximate","coordinates":[116.41743,29.40301],"source_feature_type":"PPL"}],"potential_duplicate":false,"potential_duplicate_ids":[],"township_assignment":"OSM乡界多边形空间归属；并非法定隶属核验","deduplication_note":"同乡同名/别名且簇内两两相距不超过150米合并；优先OSM原始点"}},{"type":"Feature","id":"geonames-12561755","geometry":{"type":"Point","coordinates":[116.39885,29.40151]},"properties":{"id":"geonames-12561755","name":"小港村","township_name":"土塘镇","source_url":"https://www.geonames.org/12561755/","source_id":"12561755","source_type":"geonames","source_updated_at":"2023-09-07","retrieved_at":"2026-09-27T04:01:28.254836+00:00","coordinate_source":"GeoNames PPL 聚落地名点（WGS84；可能为旧位置或近似中心）","coordinate_precision":"approximate","settlement_level":"unknown","kind":"settlement","verification_status":"publicly_listed","population":null,"elderly_ratio":null,"aliases":["Xiaogangcun","xiao gang cun"],"sources":[{"id":"geonames-12561755","source_id":"12561755","source_type":"geonames","name":"小港村","url":"https://www.geonames.org/12561755/","license":"CC BY 4.0; GeoNames","source_updated_at":"2023-09-07","retrieved_at":"2026-09-27T04:01:28.254836+00:00","coordinate_source":"GeoNames PPL 聚落地名点（WGS84；可能为旧位置或近似中心）","coordinate_precision":"approximate","coordinates":[116.39885,29.40151],"source_feature_type":"PPL"}],"potential_duplicate":false,"potential_duplicate_ids":[],"township_assignment":"OSM乡界多边形空间归属；并非法定隶属核验","deduplication_note":null}},{"type":"Feature","id":"geonames-12561743","geometry":{"type":"Point","coordinates":[116.42789,29.39902]},"properties":{"id":"geonames-12561743","name":"曹店村","township_name":"土塘镇","source_url":"https://www.geonames.org/12561743/","source_id":"12561743","source_type":"geonames","source_updated_at":"2023-09-07","retrieved_at":"2026-09-27T04:01:28.254836+00:00","coordinate_source":"GeoNames PPL 聚落地名点（WGS84；可能为旧位置或近似中心）","coordinate_precision":"approximate","settlement_level":"unknown","kind":"settlement","verification_status":"publicly_listed","population":null,"elderly_ratio":null,"aliases":["Caodiancun","cao dian cun"],"sources":[{"id":"geonames-12561743","source_id":"12561743","source_type":"geonames","name":"曹店村","url":"https://www.geonames.org/12561743/","license":"CC BY 4.0; GeoNames","source_updated_at":"2023-09-07","retrieved_at":"2026-09-27T04:01:28.254836+00:00","coordinate_source":"GeoNames PPL 聚落地名点（WGS84；可能为旧位置或近似中心）","coordinate_precision":"approximate","coordinates":[116.42789,29.39902],"source_feature_type":"PPL"}],"potential_duplicate":false,"potential_duplicate_ids":[],"township_assignment":"OSM乡界多边形空间归属；并非法定隶属核验","deduplication_note":null}},{"type":"Feature","id":"geonames-7636901","geometry":{"type":"Point","coordinates":[116.40928,29.34259]},"properties":{"id":"geonames-7636901","name":"杭桥","township_name":"土塘镇","source_url":"https://www.geonames.org/7636901/","source_id":"7636901","source_type":"geonames","source_updated_at":"2021-09-20","retrieved_at":"2026-09-27T04:01:28.254836+00:00","coordinate_source":"GeoNames PPL 聚落地名点（WGS84；可能为旧位置或近似中心）","coordinate_precision":"approximate","settlement_level":"unknown","kind":"settlement","verification_status":"publicly_listed","population":null,"elderly_ratio":null,"aliases":["Hangqiao","Hangqiaoxiang","hang qiao","hang qiao xiang","杭桥乡"],"sources":[{"id":"geonames-7636901","source_id":"7636901","source_type":"geonames","name":"杭桥","url":"https://www.geonames.org/7636901/","license":"CC BY 4.0; GeoNames","source_updated_at":"2021-09-20","retrieved_at":"2026-09-27T04:01:28.254836+00:00","coordinate_source":"GeoNames PPL 聚落地名点（WGS84；可能为旧位置或近似中心）","coordinate_precision":"approximate","coordinates":[116.40928,29.34259],"source_feature_type":"PPL"}],"potential_duplicate":true,"potential_duplicate_ids":["osm-node-3933375562"],"township_assignment":"OSM乡界多边形空间归属；并非法定隶属核验","deduplication_note":null}},{"type":"Feature","id":"osm-node-3933375562","geometry":{"type":"Point","coordinates":[116.4158247,29.3379337]},"properties":{"id":"osm-node-3933375562","name":"杭桥","township_name":"土塘镇","source_url":"https://www.openstreetmap.org/node/3933375562","source_id":"3933375562","source_type":"osm","source_updated_at":"2025-04-05T14:34:07Z","retrieved_at":"2026-09-27T04:06:23.342197+00:00","coordinate_source":"OpenStreetMap 原始聚落节点（WGS84）","coordinate_precision":"mapped_point","settlement_level":"unknown","kind":"settlement","verification_status":"publicly_listed","population":null,"elderly_ratio":null,"aliases":["Hangqiao","杭桥乡"],"sources":[{"id":"osm-node-3933375562","source_id":"3933375562","source_type":"osm","name":"杭桥","url":"https://www.openstreetmap.org/node/3933375562","license":"ODbL 1.0; © OpenStreetMap contributors","source_updated_at":"2025-04-05T14:34:07Z","retrieved_at":"2026-09-27T04:06:23.342197+00:00","coordinate_source":"OpenStreetMap 原始聚落节点（WGS84）","coordinate_precision":"mapped_point","coordinates":[116.4158247,29.3379337],"source_feature_type":"village"}],"potential_duplicate":true,"potential_duplicate_ids":["geonames-7636901"],"township_assignment":"OSM乡界多边形空间归属；并非法定隶属核验","deduplication_note":null}},{"type":"Feature","id":"geonames-12561877","geometry":{"type":"Point","coordinates":[116.40186,29.36695]},"properties":{"id":"geonames-12561877","name":"殿下村","township_name":"土塘镇","source_url":"https://www.geonames.org/12561877/","source_id":"12561877","source_type":"geonames","source_updated_at":"2023-09-07","retrieved_at":"2026-09-27T04:01:28.254836+00:00","coordinate_source":"GeoNames PPL 聚落地名点（WGS84；可能为旧位置或近似中心）","coordinate_precision":"approximate","settlement_level":"unknown","kind":"settlement","verification_status":"publicly_listed","population":null,"elderly_ratio":null,"aliases":["Dianxiacun","dian xia cun"],"sources":[{"id":"geonames-12561877","source_id":"12561877","source_type":"geonames","name":"殿下村","url":"https://www.geonames.org/12561877/","license":"CC BY 4.0; GeoNames","source_updated_at":"2023-09-07","retrieved_at":"2026-09-27T04:01:28.254836+00:00","coordinate_source":"GeoNames PPL 聚落地名点（WGS84；可能为旧位置或近似中心）","coordinate_precision":"approximate","coordinates":[116.40186,29.36695],"source_feature_type":"PPL"}],"potential_duplicate":false,"potential_duplicate_ids":[],"township_assignment":"OSM乡界多边形空间归属；并非法定隶属核验","deduplication_note":null}},{"type":"Feature","id":"osm-node-8950305933","geometry":{"type":"Point","coordinates":[116.440954,29.372628]},"properties":{"id":"osm-node-8950305933","name":"港东","township_name":"土塘镇","source_url":"https://www.openstreetmap.org/node/8950305933","source_id":"8950305933","source_type":"osm","source_updated_at":"2021-07-26T05:51:26Z","retrieved_at":"2026-09-27T04:06:23.342197+00:00","coordinate_source":"OpenStreetMap 原始聚落节点（WGS84）","coordinate_precision":"mapped_point","settlement_level":"unknown","kind":"settlement","verification_status":"publicly_listed","population":null,"elderly_ratio":null,"aliases":["Gangdong"],"sources":[{"id":"osm-node-8950305933","source_id":"8950305933","source_type":"osm","name":"港东","url":"https://www.openstreetmap.org/node/8950305933","license":"ODbL 1.0; © OpenStreetMap contributors","source_updated_at":"2021-07-26T05:51:26Z","retrieved_at":"2026-09-27T04:06:23.342197+00:00","coordinate_source":"OpenStreetMap 原始聚落节点（WGS84）","coordinate_precision":"mapped_point","coordinates":[116.440954,29.372628],"source_feature_type":"village"}],"potential_duplicate":true,"potential_duplicate_ids":["geonames-7635986"],"township_assignment":"OSM乡界多边形空间归属；并非法定隶属核验","deduplication_note":null}},{"type":"Feature","id":"geonames-7635986","geometry":{"type":"Point","coordinates":[116.43879,29.37456]},"properties":{"id":"geonames-7635986","name":"港东村","township_name":"土塘镇","source_url":"https://www.geonames.org/7635986/","source_id":"7635986","source_type":"geonames","source_updated_at":"2023-09-06","retrieved_at":"2026-09-27T04:01:28.254836+00:00","coordinate_source":"GeoNames PPL 聚落地名点（WGS84；可能为旧位置或近似中心）","coordinate_precision":"approximate","settlement_level":"unknown","kind":"settlement","verification_status":"publicly_listed","population":null,"elderly_ratio":null,"aliases":["Gangdong","Gangdongcun","gang dong","gang dong cun","港东"],"sources":[{"id":"geonames-7635986","source_id":"7635986","source_type":"geonames","name":"港东村","url":"https://www.geonames.org/7635986/","license":"CC BY 4.0; GeoNames","source_updated_at":"2023-09-06","retrieved_at":"2026-09-27T04:01:28.254836+00:00","coordinate_source":"GeoNames PPL 聚落地名点（WGS84；可能为旧位置或近似中心）","coordinate_precision":"approximate","coordinates":[116.43879,29.37456],"source_feature_type":"PPL"}],"potential_duplicate":true,"potential_duplicate_ids":["osm-node-8950305933"],"township_assignment":"OSM乡界多边形空间归属；并非法定隶属核验","deduplication_note":null}},{"type":"Feature","id":"osm-node-8950282572","geometry":{"type":"Point","coordinates":[116.389103,29.408794]},"properties":{"id":"osm-node-8950282572","name":"港湾","township_name":"土塘镇","source_url":"https://www.openstreetmap.org/node/8950282572","source_id":"8950282572","source_type":"osm","source_updated_at":"2021-07-26T05:51:25Z","retrieved_at":"2026-09-27T04:06:23.342197+00:00","coordinate_source":"OpenStreetMap 原始聚落节点（WGS84）","coordinate_precision":"mapped_point","settlement_level":"unknown","kind":"settlement","verification_status":"publicly_listed","population":null,"elderly_ratio":null,"aliases":["Gangwan","gang wan"],"sources":[{"id":"osm-node-8950282572","source_id":"8950282572","source_type":"osm","name":"港湾","url":"https://www.openstreetmap.org/node/8950282572","license":"ODbL 1.0; © OpenStreetMap contributors","source_updated_at":"2021-07-26T05:51:25Z","retrieved_at":"2026-09-27T04:06:23.342197+00:00","coordinate_source":"OpenStreetMap 原始聚落节点（WGS84）","coordinate_precision":"mapped_point","coordinates":[116.389103,29.408794],"source_feature_type":"village"},{"id":"geonames-7636648","source_id":"7636648","source_type":"geonames","name":"港湾","url":"https://www.geonames.org/7636648/","license":"CC BY 4.0; GeoNames","source_updated_at":"2021-09-20","retrieved_at":"2026-09-27T04:01:28.254836+00:00","coordinate_source":"GeoNames PPL 聚落地名点（WGS84；可能为旧位置或近似中心）","coordinate_precision":"approximate","coordinates":[116.3891,29.40879],"source_feature_type":"PPL"}],"potential_duplicate":false,"potential_duplicate_ids":[],"township_assignment":"OSM乡界多边形空间归属；并非法定隶属核验","deduplication_note":"同乡同名/别名且簇内两两相距不超过150米合并；优先OSM原始点"}},{"type":"Feature","id":"geonames-12561811","geometry":{"type":"Point","coordinates":[116.39616,29.33197]},"properties":{"id":"geonames-12561811","name":"潘垅村","township_name":"土塘镇","source_url":"https://www.geonames.org/12561811/","source_id":"12561811","source_type":"geonames","source_updated_at":"2023-09-07","retrieved_at":"2026-09-27T04:01:28.254836+00:00","coordinate_source":"GeoNames PPL 聚落地名点（WGS84；可能为旧位置或近似中心）","coordinate_precision":"approximate","settlement_level":"unknown","kind":"settlement","verification_status":"publicly_listed","population":null,"elderly_ratio":null,"aliases":["Panlongcun","pan long cun"],"sources":[{"id":"geonames-12561811","source_id":"12561811","source_type":"geonames","name":"潘垅村","url":"https://www.geonames.org/12561811/","license":"CC BY 4.0; GeoNames","source_updated_at":"2023-09-07","retrieved_at":"2026-09-27T04:01:28.254836+00:00","coordinate_source":"GeoNames PPL 聚落地名点（WGS84；可能为旧位置或近似中心）","coordinate_precision":"approximate","coordinates":[116.39616,29.33197],"source_feature_type":"PPL"}],"potential_duplicate":false,"potential_duplicate_ids":[],"township_assignment":"OSM乡界多边形空间归属；并非法定隶属核验","deduplication_note":null}},{"type":"Feature","id":"geonames-12561756","geometry":{"type":"Point","coordinates":[116.3754,29.36235]},"properties":{"id":"geonames-12561756","name":"潭湖村","township_name":"土塘镇","source_url":"https://www.geonames.org/12561756/","source_id":"12561756","source_type":"geonames","source_updated_at":"2023-09-07","retrieved_at":"2026-09-27T04:01:28.254836+00:00","coordinate_source":"GeoNames PPL 聚落地名点（WGS84；可能为旧位置或近似中心）","coordinate_precision":"approximate","settlement_level":"unknown","kind":"settlement","verification_status":"publicly_listed","population":null,"elderly_ratio":null,"aliases":["Tanhucun","tan hu cun"],"sources":[{"id":"geonames-12561756","source_id":"12561756","source_type":"geonames","name":"潭湖村","url":"https://www.geonames.org/12561756/","license":"CC BY 4.0; GeoNames","source_updated_at":"2023-09-07","retrieved_at":"2026-09-27T04:01:28.254836+00:00","coordinate_source":"GeoNames PPL 聚落地名点（WGS84；可能为旧位置或近似中心）","coordinate_precision":"approximate","coordinates":[116.3754,29.36235],"source_feature_type":"PPL"}],"potential_duplicate":false,"potential_duplicate_ids":[],"township_assignment":"OSM乡界多边形空间归属；并非法定隶属核验","deduplication_note":null}},{"type":"Feature","id":"osm-node-8950282567","geometry":{"type":"Point","coordinates":[116.3630748,29.3553534]},"properties":{"id":"osm-node-8950282567","name":"潭湖洲","township_name":"土塘镇","source_url":"https://www.openstreetmap.org/node/8950282567","source_id":"8950282567","source_type":"osm","source_updated_at":"2021-07-26T16:34:58Z","retrieved_at":"2026-09-27T04:06:23.342197+00:00","coordinate_source":"OpenStreetMap 原始聚落节点（WGS84）","coordinate_precision":"mapped_point","settlement_level":"unknown","kind":"settlement","verification_status":"publicly_listed","population":null,"elderly_ratio":null,"aliases":["Tanhuzhou","tan hu zhou"],"sources":[{"id":"osm-node-8950282567","source_id":"8950282567","source_type":"osm","name":"潭湖洲","url":"https://www.openstreetmap.org/node/8950282567","license":"ODbL 1.0; © OpenStreetMap contributors","source_updated_at":"2021-07-26T16:34:58Z","retrieved_at":"2026-09-27T04:06:23.342197+00:00","coordinate_source":"OpenStreetMap 原始聚落节点（WGS84）","coordinate_precision":"mapped_point","coordinates":[116.3630748,29.3553534],"source_feature_type":"village"},{"id":"geonames-7636616","source_id":"7636616","source_type":"geonames","name":"潭湖洲","url":"https://www.geonames.org/7636616/","license":"CC BY 4.0; GeoNames","source_updated_at":"2023-09-06","retrieved_at":"2026-09-27T04:01:28.254836+00:00","coordinate_source":"GeoNames PPL 聚落地名点（WGS84；可能为旧位置或近似中心）","coordinate_precision":"approximate","coordinates":[116.36273,29.35511],"source_feature_type":"PPL"}],"potential_duplicate":false,"potential_duplicate_ids":[],"township_assignment":"OSM乡界多边形空间归属；并非法定隶属核验","deduplication_note":"同乡同名/别名且簇内两两相距不超过150米合并；优先OSM原始点"}},{"type":"Feature","id":"osm-node-8950305225","geometry":{"type":"Point","coordinates":[116.4197441,29.326745]},"properties":{"id":"osm-node-8950305225","name":"珠光","township_name":"土塘镇","source_url":"https://www.openstreetmap.org/node/8950305225","source_id":"8950305225","source_type":"osm","source_updated_at":"2021-07-26T05:51:23Z","retrieved_at":"2026-09-27T04:06:23.342197+00:00","coordinate_source":"OpenStreetMap 原始聚落节点（WGS84）","coordinate_precision":"mapped_point","settlement_level":"unknown","kind":"settlement","verification_status":"publicly_listed","population":null,"elderly_ratio":null,"aliases":["Zhuguang","Zhuguangcun","zhu guang","zhu guang cun","珠光村"],"sources":[{"id":"osm-node-8950305225","source_id":"8950305225","source_type":"osm","name":"珠光","url":"https://www.openstreetmap.org/node/8950305225","license":"ODbL 1.0; © OpenStreetMap contributors","source_updated_at":"2021-07-26T05:51:23Z","retrieved_at":"2026-09-27T04:06:23.342197+00:00","coordinate_source":"OpenStreetMap 原始聚落节点（WGS84）","coordinate_precision":"mapped_point","coordinates":[116.4197441,29.326745],"source_feature_type":"village"},{"id":"geonames-7636488","source_id":"7636488","source_type":"geonames","name":"珠光村","url":"https://www.geonames.org/7636488/","license":"CC BY 4.0; GeoNames","source_updated_at":"2023-09-06","retrieved_at":"2026-09-27T04:01:28.254836+00:00","coordinate_source":"GeoNames PPL 聚落地名点（WGS84；可能为旧位置或近似中心）","coordinate_precision":"approximate","coordinates":[116.41973,29.32682],"source_feature_type":"PPL"}],"potential_duplicate":false,"potential_duplicate_ids":[],"township_assignment":"OSM乡界多边形空间归属；并非法定隶属核验","deduplication_note":"同乡同名/别名且簇内两两相距不超过150米合并；优先OSM原始点"}},{"type":"Feature","id":"osm-node-8950305224","geometry":{"type":"Point","coordinates":[116.3985096,29.3398163]},"properties":{"id":"osm-node-8950305224","name":"老山潘家","township_name":"土塘镇","source_url":"https://www.openstreetmap.org/node/8950305224","source_id":"8950305224","source_type":"osm","source_updated_at":"2021-07-26T05:51:23Z","retrieved_at":"2026-09-27T04:06:23.342197+00:00","coordinate_source":"OpenStreetMap 原始聚落节点（WGS84）","coordinate_precision":"mapped_point","settlement_level":"unknown","kind":"settlement","verification_status":"publicly_listed","population":null,"elderly_ratio":null,"aliases":["Laoshan Panjia","lao shan pan jia"],"sources":[{"id":"osm-node-8950305224","source_id":"8950305224","source_type":"osm","name":"老山潘家","url":"https://www.openstreetmap.org/node/8950305224","license":"ODbL 1.0; © OpenStreetMap contributors","source_updated_at":"2021-07-26T05:51:23Z","retrieved_at":"2026-09-27T04:06:23.342197+00:00","coordinate_source":"OpenStreetMap 原始聚落节点（WGS84）","coordinate_precision":"mapped_point","coordinates":[116.3985096,29.3398163],"source_feature_type":"village"},{"id":"geonames-7635911","source_id":"7635911","source_type":"geonames","name":"老山潘家","url":"https://www.geonames.org/7635911/","license":"CC BY 4.0; GeoNames","source_updated_at":"2023-09-06","retrieved_at":"2026-09-27T04:01:28.254836+00:00","coordinate_source":"GeoNames PPL 聚落地名点（WGS84；可能为旧位置或近似中心）","coordinate_precision":"approximate","coordinates":[116.39864,29.34018],"source_feature_type":"PPL"}],"potential_duplicate":false,"potential_duplicate_ids":[],"township_assignment":"OSM乡界多边形空间归属；并非法定隶属核验","deduplication_note":"同乡同名/别名且簇内两两相距不超过150米合并；优先OSM原始点"}},{"type":"Feature","id":"osm-node-8950282569","geometry":{"type":"Point","coordinates":[116.3784207,29.3760529]},"properties":{"id":"osm-node-8950282569","name":"莲蓬","township_name":"土塘镇","source_url":"https://www.openstreetmap.org/node/8950282569","source_id":"8950282569","source_type":"osm","source_updated_at":"2021-07-26T05:51:25Z","retrieved_at":"2026-09-27T04:06:23.342197+00:00","coordinate_source":"OpenStreetMap 原始聚落节点（WGS84）","coordinate_precision":"mapped_point","settlement_level":"unknown","kind":"settlement","verification_status":"publicly_listed","population":null,"elderly_ratio":null,"aliases":["Lianpeng"],"sources":[{"id":"osm-node-8950282569","source_id":"8950282569","source_type":"osm","name":"莲蓬","url":"https://www.openstreetmap.org/node/8950282569","license":"ODbL 1.0; © OpenStreetMap contributors","source_updated_at":"2021-07-26T05:51:25Z","retrieved_at":"2026-09-27T04:06:23.342197+00:00","coordinate_source":"OpenStreetMap 原始聚落节点（WGS84）","coordinate_precision":"mapped_point","coordinates":[116.3784207,29.3760529],"source_feature_type":"village"}],"potential_duplicate":true,"potential_duplicate_ids":["geonames-7635894"],"township_assignment":"OSM乡界多边形空间归属；并非法定隶属核验","deduplication_note":null}},{"type":"Feature","id":"geonames-7635894","geometry":{"type":"Point","coordinates":[116.37273,29.37366]},"properties":{"id":"geonames-7635894","name":"莲蓬村","township_name":"土塘镇","source_url":"https://www.geonames.org/7635894/","source_id":"7635894","source_type":"geonames","source_updated_at":"2023-09-06","retrieved_at":"2026-09-27T04:01:28.254836+00:00","coordinate_source":"GeoNames PPL 聚落地名点（WGS84；可能为旧位置或近似中心）","coordinate_precision":"approximate","settlement_level":"unknown","kind":"settlement","verification_status":"publicly_listed","population":null,"elderly_ratio":null,"aliases":["Lianpeng","Lianpengcun","lian peng","lian peng cun","莲蓬"],"sources":[{"id":"geonames-7635894","source_id":"7635894","source_type":"geonames","name":"莲蓬村","url":"https://www.geonames.org/7635894/","license":"CC BY 4.0; GeoNames","source_updated_at":"2023-09-06","retrieved_at":"2026-09-27T04:01:28.254836+00:00","coordinate_source":"GeoNames PPL 聚落地名点（WGS84；可能为旧位置或近似中心）","coordinate_precision":"approximate","coordinates":[116.37273,29.37366],"source_feature_type":"PPL"}],"potential_duplicate":true,"potential_duplicate_ids":["osm-node-8950282569"],"township_assignment":"OSM乡界多边形空间归属；并非法定隶属核验","deduplication_note":null}},{"type":"Feature","id":"geonames-7636148","geometry":{"type":"Point","coordinates":[116.40002,29.32854]},"properties":{"id":"geonames-7636148","name":"西璜溪","township_name":"土塘镇","source_url":"https://www.geonames.org/7636148/","source_id":"7636148","source_type":"geonames","source_updated_at":"2021-09-20","retrieved_at":"2026-09-27T04:01:28.254836+00:00","coordinate_source":"GeoNames PPL 聚落地名点（WGS84；可能为旧位置或近似中心）","coordinate_precision":"approximate","settlement_level":"unknown","kind":"settlement","verification_status":"publicly_listed","population":null,"elderly_ratio":null,"aliases":["Xihuangxi","xi huang xi"],"sources":[{"id":"geonames-7636148","source_id":"7636148","source_type":"geonames","name":"西璜溪","url":"https://www.geonames.org/7636148/","license":"CC BY 4.0; GeoNames","source_updated_at":"2021-09-20","retrieved_at":"2026-09-27T04:01:28.254836+00:00","coordinate_source":"GeoNames PPL 聚落地名点（WGS84；可能为旧位置或近似中心）","coordinate_precision":"approximate","coordinates":[116.40002,29.32854],"source_feature_type":"PPL"}],"potential_duplicate":true,"potential_duplicate_ids":["osm-node-8950305223"],"township_assignment":"OSM乡界多边形空间归属；并非法定隶属核验","deduplication_note":null}},{"type":"Feature","id":"osm-node-8950305223","geometry":{"type":"Point","coordinates":[116.4022925,29.3290254]},"properties":{"id":"osm-node-8950305223","name":"西璜溪","township_name":"土塘镇","source_url":"https://www.openstreetmap.org/node/8950305223","source_id":"8950305223","source_type":"osm","source_updated_at":"2021-07-26T05:51:23Z","retrieved_at":"2026-09-27T04:06:23.342197+00:00","coordinate_source":"OpenStreetMap 原始聚落节点（WGS84）","coordinate_precision":"mapped_point","settlement_level":"unknown","kind":"settlement","verification_status":"publicly_listed","population":null,"elderly_ratio":null,"aliases":["Xihuangxi"],"sources":[{"id":"osm-node-8950305223","source_id":"8950305223","source_type":"osm","name":"西璜溪","url":"https://www.openstreetmap.org/node/8950305223","license":"ODbL 1.0; © OpenStreetMap contributors","source_updated_at":"2021-07-26T05:51:23Z","retrieved_at":"2026-09-27T04:06:23.342197+00:00","coordinate_source":"OpenStreetMap 原始聚落节点（WGS84）","coordinate_precision":"mapped_point","coordinates":[116.4022925,29.3290254],"source_feature_type":"village"}],"potential_duplicate":true,"potential_duplicate_ids":["geonames-7636148"],"township_assignment":"OSM乡界多边形空间归属；并非法定隶属核验","deduplication_note":null}},{"type":"Feature","id":"geonames-12561804","geometry":{"type":"Point","coordinates":[116.39028,29.41773]},"properties":{"id":"geonames-12561804","name":"辉煌村","township_name":"土塘镇","source_url":"https://www.geonames.org/12561804/","source_id":"12561804","source_type":"geonames","source_updated_at":"2023-09-07","retrieved_at":"2026-09-27T04:01:28.254836+00:00","coordinate_source":"GeoNames PPL 聚落地名点（WGS84；可能为旧位置或近似中心）","coordinate_precision":"approximate","settlement_level":"unknown","kind":"settlement","verification_status":"publicly_listed","population":null,"elderly_ratio":null,"aliases":["Huihuangcun","hui huang cun"],"sources":[{"id":"geonames-12561804","source_id":"12561804","source_type":"geonames","name":"辉煌村","url":"https://www.geonames.org/12561804/","license":"CC BY 4.0; GeoNames","source_updated_at":"2023-09-07","retrieved_at":"2026-09-27T04:01:28.254836+00:00","coordinate_source":"GeoNames PPL 聚落地名点（WGS84；可能为旧位置或近似中心）","coordinate_precision":"approximate","coordinates":[116.39028,29.41773],"source_feature_type":"PPL"}],"potential_duplicate":false,"potential_duplicate_ids":[],"township_assignment":"OSM乡界多边形空间归属；并非法定隶属核验","deduplication_note":null}},{"type":"Feature","id":"osm-node-8951850419","geometry":{"type":"Point","coordinates":[116.3446309,29.3504212]},"properties":{"id":"osm-node-8951850419","name":"铺里","township_name":"土塘镇","source_url":"https://www.openstreetmap.org/node/8951850419","source_id":"8951850419","source_type":"osm","source_updated_at":"2021-07-26T16:34:54Z","retrieved_at":"2026-09-27T04:06:23.342197+00:00","coordinate_source":"OpenStreetMap 原始聚落节点（WGS84）","coordinate_precision":"mapped_point","settlement_level":"unknown","kind":"settlement","verification_status":"publicly_listed","population":null,"elderly_ratio":null,"aliases":["Puli","Pulicun","pu li","pu li cun","铺里村"],"sources":[{"id":"osm-node-8951850419","source_id":"8951850419","source_type":"osm","name":"铺里","url":"https://www.openstreetmap.org/node/8951850419","license":"ODbL 1.0; © OpenStreetMap contributors","source_updated_at":"2021-07-26T16:34:54Z","retrieved_at":"2026-09-27T04:06:23.342197+00:00","coordinate_source":"OpenStreetMap 原始聚落节点（WGS84）","coordinate_precision":"mapped_point","coordinates":[116.3446309,29.3504212],"source_feature_type":"village"},{"id":"geonames-7636778","source_id":"7636778","source_type":"geonames","name":"铺里村","url":"https://www.geonames.org/7636778/","license":"CC BY 4.0; GeoNames","source_updated_at":"2023-09-06","retrieved_at":"2026-09-27T04:01:28.254836+00:00","coordinate_source":"GeoNames PPL 聚落地名点（WGS84；可能为旧位置或近似中心）","coordinate_precision":"approximate","coordinates":[116.34408,29.35017],"source_feature_type":"PPL"}],"potential_duplicate":false,"potential_duplicate_ids":[],"township_assignment":"OSM乡界多边形空间归属；并非法定隶属核验","deduplication_note":"同乡同名/别名且簇内两两相距不超过150米合并；优先OSM原始点"}},{"type":"Feature","id":"geonames-12561832","geometry":{"type":"Point","coordinates":[116.44503,29.37766]},"properties":{"id":"geonames-12561832","name":"长山村","township_name":"土塘镇","source_url":"https://www.geonames.org/12561832/","source_id":"12561832","source_type":"geonames","source_updated_at":"2023-09-07","retrieved_at":"2026-09-27T04:01:28.254836+00:00","coordinate_source":"GeoNames PPL 聚落地名点（WGS84；可能为旧位置或近似中心）","coordinate_precision":"approximate","settlement_level":"unknown","kind":"settlement","verification_status":"publicly_listed","population":null,"elderly_ratio":null,"aliases":["Changshancun","zhang shan cun"],"sources":[{"id":"geonames-12561832","source_id":"12561832","source_type":"geonames","name":"长山村","url":"https://www.geonames.org/12561832/","license":"CC BY 4.0; GeoNames","source_updated_at":"2023-09-07","retrieved_at":"2026-09-27T04:01:28.254836+00:00","coordinate_source":"GeoNames PPL 聚落地名点（WGS84；可能为旧位置或近似中心）","coordinate_precision":"approximate","coordinates":[116.44503,29.37766],"source_feature_type":"PPL"}],"potential_duplicate":false,"potential_duplicate_ids":[],"township_assignment":"OSM乡界多边形空间归属；并非法定隶属核验","deduplication_note":null}},{"type":"Feature","id":"geonames-7636526","geometry":{"type":"Point","coordinates":[116.36911,29.43182]},"properties":{"id":"geonames-7636526","name":"马咀村","township_name":"土塘镇","source_url":"https://www.geonames.org/7636526/","source_id":"7636526","source_type":"geonames","source_updated_at":"2023-09-06","retrieved_at":"2026-09-27T04:01:28.254836+00:00","coordinate_source":"GeoNames PPL 聚落地名点（WGS84；可能为旧位置或近似中心）","coordinate_precision":"approximate","settlement_level":"unknown","kind":"settlement","verification_status":"publicly_listed","population":null,"elderly_ratio":null,"aliases":["Mazui","Mazuicun","ma ju","ma ju cun","马咀"],"sources":[{"id":"geonames-7636526","source_id":"7636526","source_type":"geonames","name":"马咀村","url":"https://www.geonames.org/7636526/","license":"CC BY 4.0; GeoNames","source_updated_at":"2023-09-06","retrieved_at":"2026-09-27T04:01:28.254836+00:00","coordinate_source":"GeoNames PPL 聚落地名点（WGS84；可能为旧位置或近似中心）","coordinate_precision":"approximate","coordinates":[116.36911,29.43182],"source_feature_type":"PPL"}],"potential_duplicate":false,"potential_duplicate_ids":[],"township_assignment":"OSM乡界多边形空间归属；并非法定隶属核验","deduplication_note":null}},{"type":"Feature","id":"geonames-7636715","geometry":{"type":"Point","coordinates":[116.1234,29.42707]},"properties":{"id":"geonames-7636715","name":"中石村","township_name":"多宝乡","source_url":"https://www.geonames.org/7636715/","source_id":"7636715","source_type":"geonames","source_updated_at":"2023-09-06","retrieved_at":"2026-09-27T04:01:28.254836+00:00","coordinate_source":"GeoNames PPL 聚落地名点（WGS84；可能为旧位置或近似中心）","coordinate_precision":"approximate","settlement_level":"unknown","kind":"settlement","verification_status":"publicly_listed","population":null,"elderly_ratio":null,"aliases":["Zhongshi","Zhongshicun","zhong shi","zhong shi cun","中石"],"sources":[{"id":"geonames-7636715","source_id":"7636715","source_type":"geonames","name":"中石村","url":"https://www.geonames.org/7636715/","license":"CC BY 4.0; GeoNames","source_updated_at":"2023-09-06","retrieved_at":"2026-09-27T04:01:28.254836+00:00","coordinate_source":"GeoNames PPL 聚落地名点（WGS84；可能为旧位置或近似中心）","coordinate_precision":"approximate","coordinates":[116.1234,29.42707],"source_feature_type":"PPL"}],"potential_duplicate":false,"potential_duplicate_ids":[],"township_assignment":"OSM乡界多边形空间归属；并非法定隶属核验","deduplication_note":null}},{"type":"Feature","id":"geonames-12561748","geometry":{"type":"Point","coordinates":[116.11634,29.39316]},"properties":{"id":"geonames-12561748","name":"仁义村","township_name":"多宝乡","source_url":"https://www.geonames.org/12561748/","source_id":"12561748","source_type":"geonames","source_updated_at":"2023-09-07","retrieved_at":"2026-09-27T04:01:28.254836+00:00","coordinate_source":"GeoNames PPL 聚落地名点（WGS84；可能为旧位置或近似中心）","coordinate_precision":"approximate","settlement_level":"unknown","kind":"settlement","verification_status":"publicly_listed","population":null,"elderly_ratio":null,"aliases":["Renyicun","ren yi cun"],"sources":[{"id":"geonames-12561748","source_id":"12561748","source_type":"geonames","name":"仁义村","url":"https://www.geonames.org/12561748/","license":"CC BY 4.0; GeoNames","source_updated_at":"2023-09-07","retrieved_at":"2026-09-27T04:01:28.254836+00:00","coordinate_source":"GeoNames PPL 聚落地名点（WGS84；可能为旧位置或近似中心）","coordinate_precision":"approximate","coordinates":[116.11634,29.39316],"source_feature_type":"PPL"}],"potential_duplicate":false,"potential_duplicate_ids":[],"township_assignment":"OSM乡界多边形空间归属；并非法定隶属核验","deduplication_note":null}},{"type":"Feature","id":"geonames-7635886","geometry":{"type":"Point","coordinates":[116.10167,29.40378]},"properties":{"id":"geonames-7635886","name":"刘家山","township_name":"多宝乡","source_url":"https://www.geonames.org/7635886/","source_id":"7635886","source_type":"geonames","source_updated_at":"2023-09-06","retrieved_at":"2026-09-27T04:01:28.254836+00:00","coordinate_source":"GeoNames PPL 聚落地名点（WGS84；可能为旧位置或近似中心）","coordinate_precision":"approximate","settlement_level":"unknown","kind":"settlement","verification_status":"publicly_listed","population":null,"elderly_ratio":null,"aliases":["Liujiashan","liu jia shan"],"sources":[{"id":"geonames-7635886","source_id":"7635886","source_type":"geonames","name":"刘家山","url":"https://www.geonames.org/7635886/","license":"CC BY 4.0; GeoNames","source_updated_at":"2023-09-06","retrieved_at":"2026-09-27T04:01:28.254836+00:00","coordinate_source":"GeoNames PPL 聚落地名点（WGS84；可能为旧位置或近似中心）","coordinate_precision":"approximate","coordinates":[116.10167,29.40378],"source_feature_type":"PPL"}],"potential_duplicate":false,"potential_duplicate_ids":[],"township_assignment":"OSM乡界多边形空间归属；并非法定隶属核验","deduplication_note":null}},{"type":"Feature","id":"geonames-12561892","geometry":{"type":"Point","coordinates":[116.15167,29.42435]},"properties":{"id":"geonames-12561892","name":"周仓村","township_name":"多宝乡","source_url":"https://www.geonames.org/12561892/","source_id":"12561892","source_type":"geonames","source_updated_at":"2023-09-07","retrieved_at":"2026-09-27T04:01:28.254836+00:00","coordinate_source":"GeoNames PPL 聚落地名点（WGS84；可能为旧位置或近似中心）","coordinate_precision":"approximate","settlement_level":"unknown","kind":"settlement","verification_status":"publicly_listed","population":null,"elderly_ratio":null,"aliases":["Zhoucangcun","zhou cang cun"],"sources":[{"id":"geonames-12561892","source_id":"12561892","source_type":"geonames","name":"周仓村","url":"https://www.geonames.org/12561892/","license":"CC BY 4.0; GeoNames","source_updated_at":"2023-09-07","retrieved_at":"2026-09-27T04:01:28.254836+00:00","coordinate_source":"GeoNames PPL 聚落地名点（WGS84；可能为旧位置或近似中心）","coordinate_precision":"approximate","coordinates":[116.15167,29.42435],"source_feature_type":"PPL"}],"potential_duplicate":false,"potential_duplicate_ids":[],"township_assignment":"OSM乡界多边形空间归属；并非法定隶属核验","deduplication_note":null}},{"type":"Feature","id":"geonames-12561778","geometry":{"type":"Point","coordinates":[116.14047,29.45159]},"properties":{"id":"geonames-12561778","name":"团子口村","township_name":"多宝乡","source_url":"https://www.geonames.org/12561778/","source_id":"12561778","source_type":"geonames","source_updated_at":"2023-09-07","retrieved_at":"2026-09-27T04:01:28.254836+00:00","coordinate_source":"GeoNames PPL 聚落地名点（WGS84；可能为旧位置或近似中心）","coordinate_precision":"approximate","settlement_level":"unknown","kind":"settlement","verification_status":"publicly_listed","population":null,"elderly_ratio":null,"aliases":["Tuanzikoucun","tuan zi kou cun"],"sources":[{"id":"geonames-12561778","source_id":"12561778","source_type":"geonames","name":"团子口村","url":"https://www.geonames.org/12561778/","license":"CC BY 4.0; GeoNames","source_updated_at":"2023-09-07","retrieved_at":"2026-09-27T04:01:28.254836+00:00","coordinate_source":"GeoNames PPL 聚落地名点（WGS84；可能为旧位置或近似中心）","coordinate_precision":"approximate","coordinates":[116.14047,29.45159],"source_feature_type":"PPL"}],"potential_duplicate":false,"potential_duplicate_ids":[],"township_assignment":"OSM乡界多边形空间归属；并非法定隶属核验","deduplication_note":null}},{"type":"Feature","id":"geonames-12561749","geometry":{"type":"Point","coordinates":[116.10983,29.3742]},"properties":{"id":"geonames-12561749","name":"多宝村","township_name":"多宝乡","source_url":"https://www.geonames.org/12561749/","source_id":"12561749","source_type":"geonames","source_updated_at":"2023-09-07","retrieved_at":"2026-09-27T04:01:28.254836+00:00","coordinate_source":"GeoNames PPL 聚落地名点（WGS84；可能为旧位置或近似中心）","coordinate_precision":"approximate","settlement_level":"unknown","kind":"settlement","verification_status":"publicly_listed","population":null,"elderly_ratio":null,"aliases":["Duobaocun","duo bao cun"],"sources":[{"id":"geonames-12561749","source_id":"12561749","source_type":"geonames","name":"多宝村","url":"https://www.geonames.org/12561749/","license":"CC BY 4.0; GeoNames","source_updated_at":"2023-09-07","retrieved_at":"2026-09-27T04:01:28.254836+00:00","coordinate_source":"GeoNames PPL 聚落地名点（WGS84；可能为旧位置或近似中心）","coordinate_precision":"approximate","coordinates":[116.10983,29.3742],"source_feature_type":"PPL"}],"potential_duplicate":false,"potential_duplicate_ids":[],"township_assignment":"OSM乡界多边形空间归属；并非法定隶属核验","deduplication_note":null}},{"type":"Feature","id":"geonames-12561799","geometry":{"type":"Point","coordinates":[116.15319,29.4138]},"properties":{"id":"geonames-12561799","name":"宝桥村","township_name":"多宝乡","source_url":"https://www.geonames.org/12561799/","source_id":"12561799","source_type":"geonames","source_updated_at":"2023-09-07","retrieved_at":"2026-09-27T04:01:28.254836+00:00","coordinate_source":"GeoNames PPL 聚落地名点（WGS84；可能为旧位置或近似中心）","coordinate_precision":"approximate","settlement_level":"unknown","kind":"settlement","verification_status":"publicly_listed","population":null,"elderly_ratio":null,"aliases":["Baoqiaocun","bao qiao cun"],"sources":[{"id":"geonames-12561799","source_id":"12561799","source_type":"geonames","name":"宝桥村","url":"https://www.geonames.org/12561799/","license":"CC BY 4.0; GeoNames","source_updated_at":"2023-09-07","retrieved_at":"2026-09-27T04:01:28.254836+00:00","coordinate_source":"GeoNames PPL 聚落地名点（WGS84；可能为旧位置或近似中心）","coordinate_precision":"approximate","coordinates":[116.15319,29.4138],"source_feature_type":"PPL"}],"potential_duplicate":false,"potential_duplicate_ids":[],"township_assignment":"OSM乡界多边形空间归属；并非法定隶属核验","deduplication_note":null}},{"type":"Feature","id":"geonames-7636686","geometry":{"type":"Point","coordinates":[116.11432,29.38589]},"properties":{"id":"geonames-7636686","name":"寺前村","township_name":"多宝乡","source_url":"https://www.geonames.org/7636686/","source_id":"7636686","source_type":"geonames","source_updated_at":"2023-09-06","retrieved_at":"2026-09-27T04:01:28.254836+00:00","coordinate_source":"GeoNames PPL 聚落地名点（WGS84；可能为旧位置或近似中心）","coordinate_precision":"approximate","settlement_level":"unknown","kind":"settlement","verification_status":"publicly_listed","population":null,"elderly_ratio":null,"aliases":["Siqian","Siqiancun","si qian","si qian cun","寺前"],"sources":[{"id":"geonames-7636686","source_id":"7636686","source_type":"geonames","name":"寺前村","url":"https://www.geonames.org/7636686/","license":"CC BY 4.0; GeoNames","source_updated_at":"2023-09-06","retrieved_at":"2026-09-27T04:01:28.254836+00:00","coordinate_source":"GeoNames PPL 聚落地名点（WGS84；可能为旧位置或近似中心）","coordinate_precision":"approximate","coordinates":[116.11432,29.38589],"source_feature_type":"PPL"}],"potential_duplicate":false,"potential_duplicate_ids":[],"township_assignment":"OSM乡界多边形空间归属；并非法定隶属核验","deduplication_note":null}},{"type":"Feature","id":"geonames-12561798","geometry":{"type":"Point","coordinates":[116.10654,29.39586]},"properties":{"id":"geonames-12561798","name":"昭兴村","township_name":"多宝乡","source_url":"https://www.geonames.org/12561798/","source_id":"12561798","source_type":"geonames","source_updated_at":"2023-09-07","retrieved_at":"2026-09-27T04:01:28.254836+00:00","coordinate_source":"GeoNames PPL 聚落地名点（WGS84；可能为旧位置或近似中心）","coordinate_precision":"approximate","settlement_level":"unknown","kind":"settlement","verification_status":"publicly_listed","population":null,"elderly_ratio":null,"aliases":["Zhaoxingcun","zhao xing cun"],"sources":[{"id":"geonames-12561798","source_id":"12561798","source_type":"geonames","name":"昭兴村","url":"https://www.geonames.org/12561798/","license":"CC BY 4.0; GeoNames","source_updated_at":"2023-09-07","retrieved_at":"2026-09-27T04:01:28.254836+00:00","coordinate_source":"GeoNames PPL 聚落地名点（WGS84；可能为旧位置或近似中心）","coordinate_precision":"approximate","coordinates":[116.10654,29.39586],"source_feature_type":"PPL"}],"potential_duplicate":false,"potential_duplicate_ids":[],"township_assignment":"OSM乡界多边形空间归属；并非法定隶属核验","deduplication_note":null}},{"type":"Feature","id":"geonames-7636391","geometry":{"type":"Point","coordinates":[116.14194,29.43068]},"properties":{"id":"geonames-7636391","name":"枫树村","township_name":"多宝乡","source_url":"https://www.geonames.org/7636391/","source_id":"7636391","source_type":"geonames","source_updated_at":"2023-09-06","retrieved_at":"2026-09-27T04:01:28.254836+00:00","coordinate_source":"GeoNames PPL 聚落地名点（WGS84；可能为旧位置或近似中心）","coordinate_precision":"approximate","settlement_level":"unknown","kind":"settlement","verification_status":"publicly_listed","population":null,"elderly_ratio":null,"aliases":["Fengshu","Fengshucun","feng shu","feng shu cun","枫树"],"sources":[{"id":"geonames-7636391","source_id":"7636391","source_type":"geonames","name":"枫树村","url":"https://www.geonames.org/7636391/","license":"CC BY 4.0; GeoNames","source_updated_at":"2023-09-06","retrieved_at":"2026-09-27T04:01:28.254836+00:00","coordinate_source":"GeoNames PPL 聚落地名点（WGS84；可能为旧位置或近似中心）","coordinate_precision":"approximate","coordinates":[116.14194,29.43068],"source_feature_type":"PPL"}],"potential_duplicate":false,"potential_duplicate_ids":[],"township_assignment":"OSM乡界多边形空间归属；并非法定隶属核验","deduplication_note":null}},{"type":"Feature","id":"geonames-7636034","geometry":{"type":"Point","coordinates":[116.14851,29.38233]},"properties":{"id":"geonames-7636034","name":"水西","township_name":"多宝乡","source_url":"https://www.geonames.org/7636034/","source_id":"7636034","source_type":"geonames","source_updated_at":"2021-09-20","retrieved_at":"2026-09-27T04:01:28.254836+00:00","coordinate_source":"GeoNames PPL 聚落地名点（WGS84；可能为旧位置或近似中心）","coordinate_precision":"approximate","settlement_level":"unknown","kind":"settlement","verification_status":"publicly_listed","population":null,"elderly_ratio":null,"aliases":["Shuixi","shui xi"],"sources":[{"id":"geonames-7636034","source_id":"7636034","source_type":"geonames","name":"水西","url":"https://www.geonames.org/7636034/","license":"CC BY 4.0; GeoNames","source_updated_at":"2021-09-20","retrieved_at":"2026-09-27T04:01:28.254836+00:00","coordinate_source":"GeoNames PPL 聚落地名点（WGS84；可能为旧位置或近似中心）","coordinate_precision":"approximate","coordinates":[116.14851,29.38233],"source_feature_type":"PPL"}],"potential_duplicate":false,"potential_duplicate_ids":[],"township_assignment":"OSM乡界多边形空间归属；并非法定隶属核验","deduplication_note":null}},{"type":"Feature","id":"geonames-12561884","geometry":{"type":"Point","coordinates":[116.13915,29.39985]},"properties":{"id":"geonames-12561884","name":"洛阳村","township_name":"多宝乡","source_url":"https://www.geonames.org/12561884/","source_id":"12561884","source_type":"geonames","source_updated_at":"2023-09-07","retrieved_at":"2026-09-27T04:01:28.254836+00:00","coordinate_source":"GeoNames PPL 聚落地名点（WGS84；可能为旧位置或近似中心）","coordinate_precision":"approximate","settlement_level":"unknown","kind":"settlement","verification_status":"publicly_listed","population":null,"elderly_ratio":null,"aliases":["Luoyangcun","luo yang cun"],"sources":[{"id":"geonames-12561884","source_id":"12561884","source_type":"geonames","name":"洛阳村","url":"https://www.geonames.org/12561884/","license":"CC BY 4.0; GeoNames","source_updated_at":"2023-09-07","retrieved_at":"2026-09-27T04:01:28.254836+00:00","coordinate_source":"GeoNames PPL 聚落地名点（WGS84；可能为旧位置或近似中心）","coordinate_precision":"approximate","coordinates":[116.13915,29.39985],"source_feature_type":"PPL"}],"potential_duplicate":false,"potential_duplicate_ids":[],"township_assignment":"OSM乡界多边形空间归属；并非法定隶属核验","deduplication_note":null}},{"type":"Feature","id":"geonames-7636240","geometry":{"type":"Point","coordinates":[116.09695,29.3792]},"properties":{"id":"geonames-7636240","name":"火龙山","township_name":"多宝乡","source_url":"https://www.geonames.org/7636240/","source_id":"7636240","source_type":"geonames","source_updated_at":"2023-09-06","retrieved_at":"2026-09-27T04:01:28.254836+00:00","coordinate_source":"GeoNames PPL 聚落地名点（WGS84；可能为旧位置或近似中心）","coordinate_precision":"approximate","settlement_level":"unknown","kind":"settlement","verification_status":"publicly_listed","population":null,"elderly_ratio":null,"aliases":["Huolongshan","huo long shan"],"sources":[{"id":"geonames-7636240","source_id":"7636240","source_type":"geonames","name":"火龙山","url":"https://www.geonames.org/7636240/","license":"CC BY 4.0; GeoNames","source_updated_at":"2023-09-06","retrieved_at":"2026-09-27T04:01:28.254836+00:00","coordinate_source":"GeoNames PPL 聚落地名点（WGS84；可能为旧位置或近似中心）","coordinate_precision":"approximate","coordinates":[116.09695,29.3792],"source_feature_type":"PPL"}],"potential_duplicate":false,"potential_duplicate_ids":[],"township_assignment":"OSM乡界多边形空间归属；并非法定隶属核验","deduplication_note":null}},{"type":"Feature","id":"geonames-12561842","geometry":{"type":"Point","coordinates":[116.14796,29.39496]},"properties":{"id":"geonames-12561842","name":"罗垅村","township_name":"多宝乡","source_url":"https://www.geonames.org/12561842/","source_id":"12561842","source_type":"geonames","source_updated_at":"2023-09-07","retrieved_at":"2026-09-27T04:01:28.254836+00:00","coordinate_source":"GeoNames PPL 聚落地名点（WGS84；可能为旧位置或近似中心）","coordinate_precision":"approximate","settlement_level":"unknown","kind":"settlement","verification_status":"publicly_listed","population":null,"elderly_ratio":null,"aliases":["Luolongcun","luo long cun"],"sources":[{"id":"geonames-12561842","source_id":"12561842","source_type":"geonames","name":"罗垅村","url":"https://www.geonames.org/12561842/","license":"CC BY 4.0; GeoNames","source_updated_at":"2023-09-07","retrieved_at":"2026-09-27T04:01:28.254836+00:00","coordinate_source":"GeoNames PPL 聚落地名点（WGS84；可能为旧位置或近似中心）","coordinate_precision":"approximate","coordinates":[116.14796,29.39496],"source_feature_type":"PPL"}],"potential_duplicate":false,"potential_duplicate_ids":[],"township_assignment":"OSM乡界多边形空间归属；并非法定隶属核验","deduplication_note":null}},{"type":"Feature","id":"geonames-7636579","geometry":{"type":"Point","coordinates":[116.13088,29.4232]},"properties":{"id":"geonames-7636579","name":"金沙村","township_name":"多宝乡","source_url":"https://www.geonames.org/7636579/","source_id":"7636579","source_type":"geonames","source_updated_at":"2023-09-06","retrieved_at":"2026-09-27T04:01:28.254836+00:00","coordinate_source":"GeoNames PPL 聚落地名点（WGS84；可能为旧位置或近似中心）","coordinate_precision":"approximate","settlement_level":"unknown","kind":"settlement","verification_status":"publicly_listed","population":null,"elderly_ratio":null,"aliases":["Jinsha","Jinshacun","jin sha","jin sha cun","金沙"],"sources":[{"id":"geonames-7636579","source_id":"7636579","source_type":"geonames","name":"金沙村","url":"https://www.geonames.org/7636579/","license":"CC BY 4.0; GeoNames","source_updated_at":"2023-09-06","retrieved_at":"2026-09-27T04:01:28.254836+00:00","coordinate_source":"GeoNames PPL 聚落地名点（WGS84；可能为旧位置或近似中心）","coordinate_precision":"approximate","coordinates":[116.13088,29.4232],"source_feature_type":"PPL"}],"potential_duplicate":false,"potential_duplicate_ids":[],"township_assignment":"OSM乡界多边形空间归属；并非法定隶属核验","deduplication_note":null}},{"type":"Feature","id":"geonames-7636038","geometry":{"type":"Point","coordinates":[116.24611,29.28789]},"properties":{"id":"geonames-7636038","name":"上湾","township_name":"大树乡","source_url":"https://www.geonames.org/7636038/","source_id":"7636038","source_type":"geonames","source_updated_at":"2023-11-08","retrieved_at":"2026-09-27T04:01:28.254836+00:00","coordinate_source":"GeoNames PPL 聚落地名点（WGS84；可能为旧位置或近似中心）","coordinate_precision":"approximate","settlement_level":"unknown","kind":"settlement","verification_status":"publicly_listed","population":null,"elderly_ratio":null,"aliases":["Shangwancun","shang wan"],"sources":[{"id":"geonames-7636038","source_id":"7636038","source_type":"geonames","name":"上湾","url":"https://www.geonames.org/7636038/","license":"CC BY 4.0; GeoNames","source_updated_at":"2023-11-08","retrieved_at":"2026-09-27T04:01:28.254836+00:00","coordinate_source":"GeoNames PPL 聚落地名点（WGS84；可能为旧位置或近似中心）","coordinate_precision":"approximate","coordinates":[116.24611,29.28789],"source_feature_type":"PPL"}],"potential_duplicate":false,"potential_duplicate_ids":[],"township_assignment":"OSM乡界多边形空间归属；并非法定隶属核验","deduplication_note":null}},{"type":"Feature","id":"geonames-12561764","geometry":{"type":"Point","coordinates":[116.28368,29.27418]},"properties":{"id":"geonames-12561764","name":"东山村","township_name":"大树乡","source_url":"https://www.geonames.org/12561764/","source_id":"12561764","source_type":"geonames","source_updated_at":"2023-09-07","retrieved_at":"2026-09-27T04:01:28.254836+00:00","coordinate_source":"GeoNames PPL 聚落地名点（WGS84；可能为旧位置或近似中心）","coordinate_precision":"approximate","settlement_level":"unknown","kind":"settlement","verification_status":"publicly_listed","population":null,"elderly_ratio":null,"aliases":["Dongshancun","dong shan cun"],"sources":[{"id":"geonames-12561764","source_id":"12561764","source_type":"geonames","name":"东山村","url":"https://www.geonames.org/12561764/","license":"CC BY 4.0; GeoNames","source_updated_at":"2023-09-07","retrieved_at":"2026-09-27T04:01:28.254836+00:00","coordinate_source":"GeoNames PPL 聚落地名点（WGS84；可能为旧位置或近似中心）","coordinate_precision":"approximate","coordinates":[116.28368,29.27418],"source_feature_type":"PPL"}],"potential_duplicate":false,"potential_duplicate_ids":[],"township_assignment":"OSM乡界多边形空间归属；并非法定隶属核验","deduplication_note":null}},{"type":"Feature","id":"geonames-7636433","geometry":{"type":"Point","coordinates":[116.22196,29.2715]},"properties":{"id":"geonames-7636433","name":"六房罗家","township_name":"大树乡","source_url":"https://www.geonames.org/7636433/","source_id":"7636433","source_type":"geonames","source_updated_at":"2023-09-06","retrieved_at":"2026-09-27T04:01:28.254836+00:00","coordinate_source":"GeoNames PPL 聚落地名点（WGS84；可能为旧位置或近似中心）","coordinate_precision":"approximate","settlement_level":"unknown","kind":"settlement","verification_status":"publicly_listed","population":null,"elderly_ratio":null,"aliases":["Liufang Luojia","liu fang luo jia"],"sources":[{"id":"geonames-7636433","source_id":"7636433","source_type":"geonames","name":"六房罗家","url":"https://www.geonames.org/7636433/","license":"CC BY 4.0; GeoNames","source_updated_at":"2023-09-06","retrieved_at":"2026-09-27T04:01:28.254836+00:00","coordinate_source":"GeoNames PPL 聚落地名点（WGS84；可能为旧位置或近似中心）","coordinate_precision":"approximate","coordinates":[116.22196,29.2715],"source_feature_type":"PPL"}],"potential_duplicate":false,"potential_duplicate_ids":[],"township_assignment":"OSM乡界多边形空间归属；并非法定隶属核验","deduplication_note":null}},{"type":"Feature","id":"geonames-12561763","geometry":{"type":"Point","coordinates":[116.29615,29.2981]},"properties":{"id":"geonames-12561763","name":"参岭村","township_name":"大树乡","source_url":"https://www.geonames.org/12561763/","source_id":"12561763","source_type":"geonames","source_updated_at":"2023-09-07","retrieved_at":"2026-09-27T04:01:28.254836+00:00","coordinate_source":"GeoNames PPL 聚落地名点（WGS84；可能为旧位置或近似中心）","coordinate_precision":"approximate","settlement_level":"unknown","kind":"settlement","verification_status":"publicly_listed","population":null,"elderly_ratio":null,"aliases":["Canlingcun","can ling cun"],"sources":[{"id":"geonames-12561763","source_id":"12561763","source_type":"geonames","name":"参岭村","url":"https://www.geonames.org/12561763/","license":"CC BY 4.0; GeoNames","source_updated_at":"2023-09-07","retrieved_at":"2026-09-27T04:01:28.254836+00:00","coordinate_source":"GeoNames PPL 聚落地名点（WGS84；可能为旧位置或近似中心）","coordinate_precision":"approximate","coordinates":[116.29615,29.2981],"source_feature_type":"PPL"}],"potential_duplicate":false,"potential_duplicate_ids":[],"township_assignment":"OSM乡界多边形空间归属；并非法定隶属核验","deduplication_note":null}},{"type":"Feature","id":"osm-node-8951557254","geometry":{"type":"Point","coordinates":[116.301895,29.301842]},"properties":{"id":"osm-node-8951557254","name":"大坝脑","township_name":"大树乡","source_url":"https://www.openstreetmap.org/node/8951557254","source_id":"8951557254","source_type":"osm","source_updated_at":"2021-07-26T14:19:15Z","retrieved_at":"2026-09-27T04:06:23.342197+00:00","coordinate_source":"OpenStreetMap 原始聚落节点（WGS84）","coordinate_precision":"mapped_point","settlement_level":"unknown","kind":"settlement","verification_status":"publicly_listed","population":null,"elderly_ratio":null,"aliases":["Dabanao","da ba nao"],"sources":[{"id":"osm-node-8951557254","source_id":"8951557254","source_type":"osm","name":"大坝脑","url":"https://www.openstreetmap.org/node/8951557254","license":"ODbL 1.0; © OpenStreetMap contributors","source_updated_at":"2021-07-26T14:19:15Z","retrieved_at":"2026-09-27T04:06:23.342197+00:00","coordinate_source":"OpenStreetMap 原始聚落节点（WGS84）","coordinate_precision":"mapped_point","coordinates":[116.301895,29.301842],"source_feature_type":"village"},{"id":"geonames-7636039","source_id":"7636039","source_type":"geonames","name":"大坝脑","url":"https://www.geonames.org/7636039/","license":"CC BY 4.0; GeoNames","source_updated_at":"2021-09-20","retrieved_at":"2026-09-27T04:01:28.254836+00:00","coordinate_source":"GeoNames PPL 聚落地名点（WGS84；可能为旧位置或近似中心）","coordinate_precision":"approximate","coordinates":[116.3019,29.30184],"source_feature_type":"PPL"}],"potential_duplicate":false,"potential_duplicate_ids":[],"township_assignment":"OSM乡界多边形空间归属；并非法定隶属核验","deduplication_note":"同乡同名/别名且簇内两两相距不超过150米合并；优先OSM原始点"}},{"type":"Feature","id":"osm-node-8951557253","geometry":{"type":"Point","coordinates":[116.2940386,29.2789049]},"properties":{"id":"osm-node-8951557253","name":"大埠","township_name":"大树乡","source_url":"https://www.openstreetmap.org/node/8951557253","source_id":"8951557253","source_type":"osm","source_updated_at":"2021-07-26T14:19:15Z","retrieved_at":"2026-09-27T04:06:23.342197+00:00","coordinate_source":"OpenStreetMap 原始聚落节点（WGS84）","coordinate_precision":"mapped_point","settlement_level":"unknown","kind":"settlement","verification_status":"publicly_listed","population":null,"elderly_ratio":null,"aliases":["Dabu","Dabucun","da bu","da bu cun","大埠村"],"sources":[{"id":"osm-node-8951557253","source_id":"8951557253","source_type":"osm","name":"大埠","url":"https://www.openstreetmap.org/node/8951557253","license":"ODbL 1.0; © OpenStreetMap contributors","source_updated_at":"2021-07-26T14:19:15Z","retrieved_at":"2026-09-27T04:06:23.342197+00:00","coordinate_source":"OpenStreetMap 原始聚落节点（WGS84）","coordinate_precision":"mapped_point","coordinates":[116.2940386,29.2789049],"source_feature_type":"village"},{"id":"geonames-7635989","source_id":"7635989","source_type":"geonames","name":"大埠村","url":"https://www.geonames.org/7635989/","license":"CC BY 4.0; GeoNames","source_updated_at":"2023-09-06","retrieved_at":"2026-09-27T04:01:28.254836+00:00","coordinate_source":"GeoNames PPL 聚落地名点（WGS84；可能为旧位置或近似中心）","coordinate_precision":"approximate","coordinates":[116.29297,29.27884],"source_feature_type":"PPL"}],"potential_duplicate":false,"potential_duplicate_ids":[],"township_assignment":"OSM乡界多边形空间归属；并非法定隶属核验","deduplication_note":"同乡同名/别名且簇内两两相距不超过150米合并；优先OSM原始点"}},{"type":"Feature","id":"geonames-12561776","geometry":{"type":"Point","coordinates":[116.26269,29.27865]},"properties":{"id":"geonames-12561776","name":"大树村","township_name":"大树乡","source_url":"https://www.geonames.org/12561776/","source_id":"12561776","source_type":"geonames","source_updated_at":"2023-09-07","retrieved_at":"2026-09-27T04:01:28.254836+00:00","coordinate_source":"GeoNames PPL 聚落地名点（WGS84；可能为旧位置或近似中心）","coordinate_precision":"approximate","settlement_level":"unknown","kind":"settlement","verification_status":"publicly_listed","population":null,"elderly_ratio":null,"aliases":["Dashucun","da shu cun"],"sources":[{"id":"geonames-12561776","source_id":"12561776","source_type":"geonames","name":"大树村","url":"https://www.geonames.org/12561776/","license":"CC BY 4.0; GeoNames","source_updated_at":"2023-09-07","retrieved_at":"2026-09-27T04:01:28.254836+00:00","coordinate_source":"GeoNames PPL 聚落地名点（WGS84；可能为旧位置或近似中心）","coordinate_precision":"approximate","coordinates":[116.26269,29.27865],"source_feature_type":"PPL"}],"potential_duplicate":false,"potential_duplicate_ids":[],"township_assignment":"OSM乡界多边形空间归属；并非法定隶属核验","deduplication_note":null}},{"type":"Feature","id":"geonames-12561853","geometry":{"type":"Point","coordinates":[116.2357,29.26962]},"properties":{"id":"geonames-12561853","name":"岭上村","township_name":"大树乡","source_url":"https://www.geonames.org/12561853/","source_id":"12561853","source_type":"geonames","source_updated_at":"2023-09-07","retrieved_at":"2026-09-27T04:01:28.254836+00:00","coordinate_source":"GeoNames PPL 聚落地名点（WGS84；可能为旧位置或近似中心）","coordinate_precision":"approximate","settlement_level":"unknown","kind":"settlement","verification_status":"publicly_listed","population":null,"elderly_ratio":null,"aliases":["Lingshangcun","ling shang cun"],"sources":[{"id":"geonames-12561853","source_id":"12561853","source_type":"geonames","name":"岭上村","url":"https://www.geonames.org/12561853/","license":"CC BY 4.0; GeoNames","source_updated_at":"2023-09-07","retrieved_at":"2026-09-27T04:01:28.254836+00:00","coordinate_source":"GeoNames PPL 聚落地名点（WGS84；可能为旧位置或近似中心）","coordinate_precision":"approximate","coordinates":[116.2357,29.26962],"source_feature_type":"PPL"}],"potential_duplicate":false,"potential_duplicate_ids":[],"township_assignment":"OSM乡界多边形空间归属；并非法定隶属核验","deduplication_note":null}},{"type":"Feature","id":"osm-node-8951557256","geometry":{"type":"Point","coordinates":[116.2686178,29.2899207]},"properties":{"id":"osm-node-8951557256","name":"枫田","township_name":"大树乡","source_url":"https://www.openstreetmap.org/node/8951557256","source_id":"8951557256","source_type":"osm","source_updated_at":"2021-07-26T14:19:15Z","retrieved_at":"2026-09-27T04:06:23.342197+00:00","coordinate_source":"OpenStreetMap 原始聚落节点（WGS84）","coordinate_precision":"mapped_point","settlement_level":"unknown","kind":"settlement","verification_status":"publicly_listed","population":null,"elderly_ratio":null,"aliases":["Fengtian","Fengtiancun","feng tian","feng tian cun","枫田村"],"sources":[{"id":"osm-node-8951557256","source_id":"8951557256","source_type":"osm","name":"枫田","url":"https://www.openstreetmap.org/node/8951557256","license":"ODbL 1.0; © OpenStreetMap contributors","source_updated_at":"2021-07-26T14:19:15Z","retrieved_at":"2026-09-27T04:06:23.342197+00:00","coordinate_source":"OpenStreetMap 原始聚落节点（WGS84）","coordinate_precision":"mapped_point","coordinates":[116.2686178,29.2899207],"source_feature_type":"village"},{"id":"geonames-7635988","source_id":"7635988","source_type":"geonames","name":"枫田村","url":"https://www.geonames.org/7635988/","license":"CC BY 4.0; GeoNames","source_updated_at":"2023-09-06","retrieved_at":"2026-09-27T04:01:28.254836+00:00","coordinate_source":"GeoNames PPL 聚落地名点（WGS84；可能为旧位置或近似中心）","coordinate_precision":"approximate","coordinates":[116.26853,29.28996],"source_feature_type":"PPL"}],"potential_duplicate":false,"potential_duplicate_ids":[],"township_assignment":"OSM乡界多边形空间归属；并非法定隶属核验","deduplication_note":"同乡同名/别名且簇内两两相距不超过150米合并；优先OSM原始点"}},{"type":"Feature","id":"geonames-7636760","geometry":{"type":"Point","coordinates":[116.23386,29.27784]},"properties":{"id":"geonames-7636760","name":"烽火村","township_name":"大树乡","source_url":"https://www.geonames.org/7636760/","source_id":"7636760","source_type":"geonames","source_updated_at":"2023-09-06","retrieved_at":"2026-09-27T04:01:28.254836+00:00","coordinate_source":"GeoNames PPL 聚落地名点（WGS84；可能为旧位置或近似中心）","coordinate_precision":"approximate","settlement_level":"unknown","kind":"settlement","verification_status":"publicly_listed","population":null,"elderly_ratio":null,"aliases":["Fenghuo","Fenghuocun","feng huo","feng huo cun","烽火"],"sources":[{"id":"geonames-7636760","source_id":"7636760","source_type":"geonames","name":"烽火村","url":"https://www.geonames.org/7636760/","license":"CC BY 4.0; GeoNames","source_updated_at":"2023-09-06","retrieved_at":"2026-09-27T04:01:28.254836+00:00","coordinate_source":"GeoNames PPL 聚落地名点（WGS84；可能为旧位置或近似中心）","coordinate_precision":"approximate","coordinates":[116.23386,29.27784],"source_feature_type":"PPL"}],"potential_duplicate":false,"potential_duplicate_ids":[],"township_assignment":"OSM乡界多边形空间归属；并非法定隶属核验","deduplication_note":null}},{"type":"Feature","id":"geonames-12561900","geometry":{"type":"Point","coordinates":[116.27316,29.2787]},"properties":{"id":"geonames-12561900","name":"牡丹村","township_name":"大树乡","source_url":"https://www.geonames.org/12561900/","source_id":"12561900","source_type":"geonames","source_updated_at":"2023-09-07","retrieved_at":"2026-09-27T04:01:28.254836+00:00","coordinate_source":"GeoNames PPL 聚落地名点（WGS84；可能为旧位置或近似中心）","coordinate_precision":"approximate","settlement_level":"unknown","kind":"settlement","verification_status":"publicly_listed","population":null,"elderly_ratio":null,"aliases":["Mudancun","mu dan cun"],"sources":[{"id":"geonames-12561900","source_id":"12561900","source_type":"geonames","name":"牡丹村","url":"https://www.geonames.org/12561900/","license":"CC BY 4.0; GeoNames","source_updated_at":"2023-09-07","retrieved_at":"2026-09-27T04:01:28.254836+00:00","coordinate_source":"GeoNames PPL 聚落地名点（WGS84；可能为旧位置或近似中心）","coordinate_precision":"approximate","coordinates":[116.27316,29.2787],"source_feature_type":"PPL"}],"potential_duplicate":false,"potential_duplicate_ids":[],"township_assignment":"OSM乡界多边形空间归属；并非法定隶属核验","deduplication_note":null}},{"type":"Feature","id":"osm-node-8951557255","geometry":{"type":"Point","coordinates":[116.2847716,29.2854595]},"properties":{"id":"osm-node-8951557255","name":"白山","township_name":"大树乡","source_url":"https://www.openstreetmap.org/node/8951557255","source_id":"8951557255","source_type":"osm","source_updated_at":"2021-07-26T14:19:15Z","retrieved_at":"2026-09-27T04:06:23.342197+00:00","coordinate_source":"OpenStreetMap 原始聚落节点（WGS84）","coordinate_precision":"mapped_point","settlement_level":"unknown","kind":"settlement","verification_status":"publicly_listed","population":null,"elderly_ratio":null,"aliases":["Baishan","Baishancun","bai shan","bai shan cun","白山村"],"sources":[{"id":"osm-node-8951557255","source_id":"8951557255","source_type":"osm","name":"白山","url":"https://www.openstreetmap.org/node/8951557255","license":"ODbL 1.0; © OpenStreetMap contributors","source_updated_at":"2021-07-26T14:19:15Z","retrieved_at":"2026-09-27T04:06:23.342197+00:00","coordinate_source":"OpenStreetMap 原始聚落节点（WGS84）","coordinate_precision":"mapped_point","coordinates":[116.2847716,29.2854595],"source_feature_type":"village"},{"id":"geonames-7636283","source_id":"7636283","source_type":"geonames","name":"白山村","url":"https://www.geonames.org/7636283/","license":"CC BY 4.0; GeoNames","source_updated_at":"2023-09-06","retrieved_at":"2026-09-27T04:01:28.254836+00:00","coordinate_source":"GeoNames PPL 聚落地名点（WGS84；可能为旧位置或近似中心）","coordinate_precision":"approximate","coordinates":[116.28476,29.2842],"source_feature_type":"PPL"}],"potential_duplicate":false,"potential_duplicate_ids":[],"township_assignment":"OSM乡界多边形空间归属；并非法定隶属核验","deduplication_note":"同乡同名/别名且簇内两两相距不超过150米合并；优先OSM原始点"}},{"type":"Feature","id":"geonames-7635930","geometry":{"type":"Point","coordinates":[116.23707,29.26767]},"properties":{"id":"geonames-7635930","name":"罗家咀","township_name":"大树乡","source_url":"https://www.geonames.org/7635930/","source_id":"7635930","source_type":"geonames","source_updated_at":"2023-09-06","retrieved_at":"2026-09-27T04:01:28.254836+00:00","coordinate_source":"GeoNames PPL 聚落地名点（WGS84；可能为旧位置或近似中心）","coordinate_precision":"approximate","settlement_level":"unknown","kind":"settlement","verification_status":"publicly_listed","population":null,"elderly_ratio":null,"aliases":["Luojiazui","luo jia ju"],"sources":[{"id":"geonames-7635930","source_id":"7635930","source_type":"geonames","name":"罗家咀","url":"https://www.geonames.org/7635930/","license":"CC BY 4.0; GeoNames","source_updated_at":"2023-09-06","retrieved_at":"2026-09-27T04:01:28.254836+00:00","coordinate_source":"GeoNames PPL 聚落地名点（WGS84；可能为旧位置或近似中心）","coordinate_precision":"approximate","coordinates":[116.23707,29.26767],"source_feature_type":"PPL"}],"potential_duplicate":false,"potential_duplicate_ids":[],"township_assignment":"OSM乡界多边形空间归属；并非法定隶属核验","deduplication_note":null}},{"type":"Feature","id":"geonames-12561849","geometry":{"type":"Point","coordinates":[116.22814,29.2709]},"properties":{"id":"geonames-12561849","name":"罗岭村","township_name":"大树乡","source_url":"https://www.geonames.org/12561849/","source_id":"12561849","source_type":"geonames","source_updated_at":"2023-09-07","retrieved_at":"2026-09-27T04:01:28.254836+00:00","coordinate_source":"GeoNames PPL 聚落地名点（WGS84；可能为旧位置或近似中心）","coordinate_precision":"approximate","settlement_level":"unknown","kind":"settlement","verification_status":"publicly_listed","population":null,"elderly_ratio":null,"aliases":["Luolingcun","luo ling cun"],"sources":[{"id":"geonames-12561849","source_id":"12561849","source_type":"geonames","name":"罗岭村","url":"https://www.geonames.org/12561849/","license":"CC BY 4.0; GeoNames","source_updated_at":"2023-09-07","retrieved_at":"2026-09-27T04:01:28.254836+00:00","coordinate_source":"GeoNames PPL 聚落地名点（WGS84；可能为旧位置或近似中心）","coordinate_precision":"approximate","coordinates":[116.22814,29.2709],"source_feature_type":"PPL"}],"potential_duplicate":false,"potential_duplicate_ids":[],"township_assignment":"OSM乡界多边形空间归属；并非法定隶属核验","deduplication_note":null}},{"type":"Feature","id":"geonames-12561838","geometry":{"type":"Point","coordinates":[116.24268,29.29509]},"properties":{"id":"geonames-12561838","name":"龙门村","township_name":"大树乡","source_url":"https://www.geonames.org/12561838/","source_id":"12561838","source_type":"geonames","source_updated_at":"2023-09-07","retrieved_at":"2026-09-27T04:01:28.254836+00:00","coordinate_source":"GeoNames PPL 聚落地名点（WGS84；可能为旧位置或近似中心）","coordinate_precision":"approximate","settlement_level":"unknown","kind":"settlement","verification_status":"publicly_listed","population":null,"elderly_ratio":null,"aliases":["Longmencun","long men cun"],"sources":[{"id":"geonames-12561838","source_id":"12561838","source_type":"geonames","name":"龙门村","url":"https://www.geonames.org/12561838/","license":"CC BY 4.0; GeoNames","source_updated_at":"2023-09-07","retrieved_at":"2026-09-27T04:01:28.254836+00:00","coordinate_source":"GeoNames PPL 聚落地名点（WGS84；可能为旧位置或近似中心）","coordinate_precision":"approximate","coordinates":[116.24268,29.29509],"source_feature_type":"PPL"}],"potential_duplicate":false,"potential_duplicate_ids":[],"township_assignment":"OSM乡界多边形空间归属；并非法定隶属核验","deduplication_note":null}},{"type":"Feature","id":"geonames-7636621","geometry":{"type":"Point","coordinates":[116.31085,29.26825]},"properties":{"id":"geonames-7636621","name":"三里村","township_name":"大沙镇","source_url":"https://www.geonames.org/7636621/","source_id":"7636621","source_type":"geonames","source_updated_at":"2023-09-06","retrieved_at":"2026-09-27T04:01:28.254836+00:00","coordinate_source":"GeoNames PPL 聚落地名点（WGS84；可能为旧位置或近似中心）","coordinate_precision":"approximate","settlement_level":"unknown","kind":"settlement","verification_status":"publicly_listed","population":null,"elderly_ratio":null,"aliases":["Sanli","Sanlicun","san li","san li cun","三里"],"sources":[{"id":"geonames-7636621","source_id":"7636621","source_type":"geonames","name":"三里村","url":"https://www.geonames.org/7636621/","license":"CC BY 4.0; GeoNames","source_updated_at":"2023-09-06","retrieved_at":"2026-09-27T04:01:28.254836+00:00","coordinate_source":"GeoNames PPL 聚落地名点（WGS84；可能为旧位置或近似中心）","coordinate_precision":"approximate","coordinates":[116.31085,29.26825],"source_feature_type":"PPL"}],"potential_duplicate":false,"potential_duplicate_ids":[],"township_assignment":"OSM乡界多边形空间归属；并非法定隶属核验","deduplication_note":null}},{"type":"Feature","id":"geonames-12559660","geometry":{"type":"Point","coordinates":[116.36362,29.26813]},"properties":{"id":"geonames-12559660","name":"东山村","township_name":"大沙镇","source_url":"https://www.geonames.org/12559660/","source_id":"12559660","source_type":"geonames","source_updated_at":"2023-09-07","retrieved_at":"2026-09-27T04:01:28.254836+00:00","coordinate_source":"GeoNames PPL 聚落地名点（WGS84；可能为旧位置或近似中心）","coordinate_precision":"approximate","settlement_level":"unknown","kind":"settlement","verification_status":"publicly_listed","population":null,"elderly_ratio":null,"aliases":["Dongshancun","dong shan cun"],"sources":[{"id":"geonames-12559660","source_id":"12559660","source_type":"geonames","name":"东山村","url":"https://www.geonames.org/12559660/","license":"CC BY 4.0; GeoNames","source_updated_at":"2023-09-07","retrieved_at":"2026-09-27T04:01:28.254836+00:00","coordinate_source":"GeoNames PPL 聚落地名点（WGS84；可能为旧位置或近似中心）","coordinate_precision":"approximate","coordinates":[116.36362,29.26813],"source_feature_type":"PPL"}],"potential_duplicate":false,"potential_duplicate_ids":[],"township_assignment":"OSM乡界多边形空间归属；并非法定隶属核验","deduplication_note":null}},{"type":"Feature","id":"geonames-7636474","geometry":{"type":"Point","coordinates":[116.34943,29.26848]},"properties":{"id":"geonames-7636474","name":"伍家山","township_name":"大沙镇","source_url":"https://www.geonames.org/7636474/","source_id":"7636474","source_type":"geonames","source_updated_at":"2023-09-06","retrieved_at":"2026-09-27T04:01:28.254836+00:00","coordinate_source":"GeoNames PPL 聚落地名点（WGS84；可能为旧位置或近似中心）","coordinate_precision":"approximate","settlement_level":"unknown","kind":"settlement","verification_status":"publicly_listed","population":null,"elderly_ratio":null,"aliases":["Wujiashan","wu jia shan"],"sources":[{"id":"geonames-7636474","source_id":"7636474","source_type":"geonames","name":"伍家山","url":"https://www.geonames.org/7636474/","license":"CC BY 4.0; GeoNames","source_updated_at":"2023-09-06","retrieved_at":"2026-09-27T04:01:28.254836+00:00","coordinate_source":"GeoNames PPL 聚落地名点（WGS84；可能为旧位置或近似中心）","coordinate_precision":"approximate","coordinates":[116.34943,29.26848],"source_feature_type":"PPL"}],"potential_duplicate":false,"potential_duplicate_ids":[],"township_assignment":"OSM乡界多边形空间归属；并非法定隶属核验","deduplication_note":null}},{"type":"Feature","id":"geonames-7636730","geometry":{"type":"Point","coordinates":[116.3383,29.2501]},"properties":{"id":"geonames-7636730","name":"南垅村","township_name":"大沙镇","source_url":"https://www.geonames.org/7636730/","source_id":"7636730","source_type":"geonames","source_updated_at":"2023-09-06","retrieved_at":"2026-09-27T04:01:28.254836+00:00","coordinate_source":"GeoNames PPL 聚落地名点（WGS84；可能为旧位置或近似中心）","coordinate_precision":"approximate","settlement_level":"unknown","kind":"settlement","verification_status":"publicly_listed","population":null,"elderly_ratio":null,"aliases":["Nanlong","Nanlongcun","nan long","nan long cun","南垄"],"sources":[{"id":"geonames-7636730","source_id":"7636730","source_type":"geonames","name":"南垅村","url":"https://www.geonames.org/7636730/","license":"CC BY 4.0; GeoNames","source_updated_at":"2023-09-06","retrieved_at":"2026-09-27T04:01:28.254836+00:00","coordinate_source":"GeoNames PPL 聚落地名点（WGS84；可能为旧位置或近似中心）","coordinate_precision":"approximate","coordinates":[116.3383,29.2501],"source_feature_type":"PPL"}],"potential_duplicate":false,"potential_duplicate_ids":[],"township_assignment":"OSM乡界多边形空间归属；并非法定隶属核验","deduplication_note":null}},{"type":"Feature","id":"geonames-7635936","geometry":{"type":"Point","coordinates":[116.35503,29.21482]},"properties":{"id":"geonames-7635936","name":"口头村","township_name":"大沙镇","source_url":"https://www.geonames.org/7635936/","source_id":"7635936","source_type":"geonames","source_updated_at":"2023-09-06","retrieved_at":"2026-09-27T04:01:28.254836+00:00","coordinate_source":"GeoNames PPL 聚落地名点（WGS84；可能为旧位置或近似中心）","coordinate_precision":"approximate","settlement_level":"unknown","kind":"settlement","verification_status":"publicly_listed","population":null,"elderly_ratio":null,"aliases":["Koutou","Koutoucun","kou tou","kou tou cun","口头"],"sources":[{"id":"geonames-7635936","source_id":"7635936","source_type":"geonames","name":"口头村","url":"https://www.geonames.org/7635936/","license":"CC BY 4.0; GeoNames","source_updated_at":"2023-09-06","retrieved_at":"2026-09-27T04:01:28.254836+00:00","coordinate_source":"GeoNames PPL 聚落地名点（WGS84；可能为旧位置或近似中心）","coordinate_precision":"approximate","coordinates":[116.35503,29.21482],"source_feature_type":"PPL"}],"potential_duplicate":false,"potential_duplicate_ids":[],"township_assignment":"OSM乡界多边形空间归属；并非法定隶属核验","deduplication_note":null}},{"type":"Feature","id":"geonames-12559704","geometry":{"type":"Point","coordinates":[116.37313,29.25445]},"properties":{"id":"geonames-12559704","name":"太阳村","township_name":"大沙镇","source_url":"https://www.geonames.org/12559704/","source_id":"12559704","source_type":"geonames","source_updated_at":"2023-09-07","retrieved_at":"2026-09-27T04:01:28.254836+00:00","coordinate_source":"GeoNames PPL 聚落地名点（WGS84；可能为旧位置或近似中心）","coordinate_precision":"approximate","settlement_level":"unknown","kind":"settlement","verification_status":"publicly_listed","population":null,"elderly_ratio":null,"aliases":["Taiyangcun","tai yang cun"],"sources":[{"id":"geonames-12559704","source_id":"12559704","source_type":"geonames","name":"太阳村","url":"https://www.geonames.org/12559704/","license":"CC BY 4.0; GeoNames","source_updated_at":"2023-09-07","retrieved_at":"2026-09-27T04:01:28.254836+00:00","coordinate_source":"GeoNames PPL 聚落地名点（WGS84；可能为旧位置或近似中心）","coordinate_precision":"approximate","coordinates":[116.37313,29.25445],"source_feature_type":"PPL"}],"potential_duplicate":false,"potential_duplicate_ids":[],"township_assignment":"OSM乡界多边形空间归属；并非法定隶属核验","deduplication_note":null}},{"type":"Feature","id":"geonames-7636005","geometry":{"type":"Point","coordinates":[116.37267,29.24033]},"properties":{"id":"geonames-7636005","name":"官山村","township_name":"大沙镇","source_url":"https://www.geonames.org/7636005/","source_id":"7636005","source_type":"geonames","source_updated_at":"2023-09-06","retrieved_at":"2026-09-27T04:01:28.254836+00:00","coordinate_source":"GeoNames PPL 聚落地名点（WGS84；可能为旧位置或近似中心）","coordinate_precision":"approximate","settlement_level":"unknown","kind":"settlement","verification_status":"publicly_listed","population":null,"elderly_ratio":null,"aliases":["Guanshan","Guanshancun","guan shan","guan shan cun","官山"],"sources":[{"id":"geonames-7636005","source_id":"7636005","source_type":"geonames","name":"官山村","url":"https://www.geonames.org/7636005/","license":"CC BY 4.0; GeoNames","source_updated_at":"2023-09-06","retrieved_at":"2026-09-27T04:01:28.254836+00:00","coordinate_source":"GeoNames PPL 聚落地名点（WGS84；可能为旧位置或近似中心）","coordinate_precision":"approximate","coordinates":[116.37267,29.24033],"source_feature_type":"PPL"}],"potential_duplicate":false,"potential_duplicate_ids":[],"township_assignment":"OSM乡界多边形空间归属；并非法定隶属核验","deduplication_note":null}},{"type":"Feature","id":"geonames-12559523","geometry":{"type":"Point","coordinates":[116.34969,29.2593]},"properties":{"id":"geonames-12559523","name":"店前村","township_name":"大沙镇","source_url":"https://www.geonames.org/12559523/","source_id":"12559523","source_type":"geonames","source_updated_at":"2023-09-07","retrieved_at":"2026-09-27T04:01:28.254836+00:00","coordinate_source":"GeoNames PPL 聚落地名点（WGS84；可能为旧位置或近似中心）","coordinate_precision":"approximate","settlement_level":"unknown","kind":"settlement","verification_status":"publicly_listed","population":null,"elderly_ratio":null,"aliases":["Dianqiancun","dian qian cun"],"sources":[{"id":"geonames-12559523","source_id":"12559523","source_type":"geonames","name":"店前村","url":"https://www.geonames.org/12559523/","license":"CC BY 4.0; GeoNames","source_updated_at":"2023-09-07","retrieved_at":"2026-09-27T04:01:28.254836+00:00","coordinate_source":"GeoNames PPL 聚落地名点（WGS84；可能为旧位置或近似中心）","coordinate_precision":"approximate","coordinates":[116.34969,29.2593],"source_feature_type":"PPL"}],"potential_duplicate":false,"potential_duplicate_ids":[],"township_assignment":"OSM乡界多边形空间归属；并非法定隶属核验","deduplication_note":null}},{"type":"Feature","id":"geonames-7636071","geometry":{"type":"Point","coordinates":[116.3786,29.24941]},"properties":{"id":"geonames-7636071","name":"杨老君","township_name":"大沙镇","source_url":"https://www.geonames.org/7636071/","source_id":"7636071","source_type":"geonames","source_updated_at":"2023-09-06","retrieved_at":"2026-09-27T04:01:28.254836+00:00","coordinate_source":"GeoNames PPL 聚落地名点（WGS84；可能为旧位置或近似中心）","coordinate_precision":"approximate","settlement_level":"unknown","kind":"settlement","verification_status":"publicly_listed","population":null,"elderly_ratio":null,"aliases":["Yanglaojun","yang lao jun"],"sources":[{"id":"geonames-7636071","source_id":"7636071","source_type":"geonames","name":"杨老君","url":"https://www.geonames.org/7636071/","license":"CC BY 4.0; GeoNames","source_updated_at":"2023-09-06","retrieved_at":"2026-09-27T04:01:28.254836+00:00","coordinate_source":"GeoNames PPL 聚落地名点（WGS84；可能为旧位置或近似中心）","coordinate_precision":"approximate","coordinates":[116.3786,29.24941],"source_feature_type":"PPL"}],"potential_duplicate":false,"potential_duplicate_ids":[],"township_assignment":"OSM乡界多边形空间归属；并非法定隶属核验","deduplication_note":null}},{"type":"Feature","id":"geonames-7636040","geometry":{"type":"Point","coordinates":[116.34935,29.25791]},"properties":{"id":"geonames-7636040","name":"梨树","township_name":"大沙镇","source_url":"https://www.geonames.org/7636040/","source_id":"7636040","source_type":"geonames","source_updated_at":"2021-09-20","retrieved_at":"2026-09-27T04:01:28.254836+00:00","coordinate_source":"GeoNames PPL 聚落地名点（WGS84；可能为旧位置或近似中心）","coordinate_precision":"approximate","settlement_level":"unknown","kind":"settlement","verification_status":"publicly_listed","population":null,"elderly_ratio":null,"aliases":["Lishu","li shu"],"sources":[{"id":"geonames-7636040","source_id":"7636040","source_type":"geonames","name":"梨树","url":"https://www.geonames.org/7636040/","license":"CC BY 4.0; GeoNames","source_updated_at":"2021-09-20","retrieved_at":"2026-09-27T04:01:28.254836+00:00","coordinate_source":"GeoNames PPL 聚落地名点（WGS84；可能为旧位置或近似中心）","coordinate_precision":"approximate","coordinates":[116.34935,29.25791],"source_feature_type":"PPL"}],"potential_duplicate":false,"potential_duplicate_ids":[],"township_assignment":"OSM乡界多边形空间归属；并非法定隶属核验","deduplication_note":null}},{"type":"Feature","id":"geonames-12559532","geometry":{"type":"Point","coordinates":[116.33803,29.22096]},"properties":{"id":"geonames-12559532","name":"横山村","township_name":"大沙镇","source_url":"https://www.geonames.org/12559532/","source_id":"12559532","source_type":"geonames","source_updated_at":"2023-09-07","retrieved_at":"2026-09-27T04:01:28.254836+00:00","coordinate_source":"GeoNames PPL 聚落地名点（WGS84；可能为旧位置或近似中心）","coordinate_precision":"approximate","settlement_level":"unknown","kind":"settlement","verification_status":"publicly_listed","population":null,"elderly_ratio":null,"aliases":["Hengshancun","heng shan cun"],"sources":[{"id":"geonames-12559532","source_id":"12559532","source_type":"geonames","name":"横山村","url":"https://www.geonames.org/12559532/","license":"CC BY 4.0; GeoNames","source_updated_at":"2023-09-07","retrieved_at":"2026-09-27T04:01:28.254836+00:00","coordinate_source":"GeoNames PPL 聚落地名点（WGS84；可能为旧位置或近似中心）","coordinate_precision":"approximate","coordinates":[116.33803,29.22096],"source_feature_type":"PPL"}],"potential_duplicate":false,"potential_duplicate_ids":[],"township_assignment":"OSM乡界多边形空间归属；并非法定隶属核验","deduplication_note":null}},{"type":"Feature","id":"geonames-7636363","geometry":{"type":"Point","coordinates":[116.34092,29.23146]},"properties":{"id":"geonames-7636363","name":"横山村","township_name":"大沙镇","source_url":"https://www.geonames.org/7636363/","source_id":"7636363","source_type":"geonames","source_updated_at":"2023-09-06","retrieved_at":"2026-09-27T04:01:28.254836+00:00","coordinate_source":"GeoNames PPL 聚落地名点（WGS84；可能为旧位置或近似中心）","coordinate_precision":"approximate","settlement_level":"unknown","kind":"settlement","verification_status":"publicly_listed","population":null,"elderly_ratio":null,"aliases":["Hengshan","Hengshancun","heng shan","heng shan cun","横山"],"sources":[{"id":"geonames-7636363","source_id":"7636363","source_type":"geonames","name":"横山村","url":"https://www.geonames.org/7636363/","license":"CC BY 4.0; GeoNames","source_updated_at":"2023-09-06","retrieved_at":"2026-09-27T04:01:28.254836+00:00","coordinate_source":"GeoNames PPL 聚落地名点（WGS84；可能为旧位置或近似中心）","coordinate_precision":"approximate","coordinates":[116.34092,29.23146],"source_feature_type":"PPL"}],"potential_duplicate":false,"potential_duplicate_ids":[],"township_assignment":"OSM乡界多边形空间归属；并非法定隶属核验","deduplication_note":null}},{"type":"Feature","id":"geonames-7636783","geometry":{"type":"Point","coordinates":[116.34879,29.23669]},"properties":{"id":"geonames-7636783","name":"沈家垄","township_name":"大沙镇","source_url":"https://www.geonames.org/7636783/","source_id":"7636783","source_type":"geonames","source_updated_at":"2023-09-06","retrieved_at":"2026-09-27T04:01:28.254836+00:00","coordinate_source":"GeoNames PPL 聚落地名点（WGS84；可能为旧位置或近似中心）","coordinate_precision":"approximate","settlement_level":"unknown","kind":"settlement","verification_status":"publicly_listed","population":null,"elderly_ratio":null,"aliases":["Shenjialong","chen jia long"],"sources":[{"id":"geonames-7636783","source_id":"7636783","source_type":"geonames","name":"沈家垄","url":"https://www.geonames.org/7636783/","license":"CC BY 4.0; GeoNames","source_updated_at":"2023-09-06","retrieved_at":"2026-09-27T04:01:28.254836+00:00","coordinate_source":"GeoNames PPL 聚落地名点（WGS84；可能为旧位置或近似中心）","coordinate_precision":"approximate","coordinates":[116.34879,29.23669],"source_feature_type":"PPL"}],"potential_duplicate":false,"potential_duplicate_ids":[],"township_assignment":"OSM乡界多边形空间归属；并非法定隶属核验","deduplication_note":null}},{"type":"Feature","id":"geonames-12559633","geometry":{"type":"Point","coordinates":[116.3606,29.22019]},"properties":{"id":"geonames-12559633","name":"沿湖村","township_name":"大沙镇","source_url":"https://www.geonames.org/12559633/","source_id":"12559633","source_type":"geonames","source_updated_at":"2023-09-07","retrieved_at":"2026-09-27T04:01:28.254836+00:00","coordinate_source":"GeoNames PPL 聚落地名点（WGS84；可能为旧位置或近似中心）","coordinate_precision":"approximate","settlement_level":"unknown","kind":"settlement","verification_status":"publicly_listed","population":null,"elderly_ratio":null,"aliases":["Yanhucun","yan hu cun"],"sources":[{"id":"geonames-12559633","source_id":"12559633","source_type":"geonames","name":"沿湖村","url":"https://www.geonames.org/12559633/","license":"CC BY 4.0; GeoNames","source_updated_at":"2023-09-07","retrieved_at":"2026-09-27T04:01:28.254836+00:00","coordinate_source":"GeoNames PPL 聚落地名点（WGS84；可能为旧位置或近似中心）","coordinate_precision":"approximate","coordinates":[116.3606,29.22019],"source_feature_type":"PPL"}],"potential_duplicate":false,"potential_duplicate_ids":[],"township_assignment":"OSM乡界多边形空间归属；并非法定隶属核验","deduplication_note":null}},{"type":"Feature","id":"geonames-12559630","geometry":{"type":"Point","coordinates":[116.32608,29.26776]},"properties":{"id":"geonames-12559630","name":"火星村","township_name":"大沙镇","source_url":"https://www.geonames.org/12559630/","source_id":"12559630","source_type":"geonames","source_updated_at":"2023-09-07","retrieved_at":"2026-09-27T04:01:28.254836+00:00","coordinate_source":"GeoNames PPL 聚落地名点（WGS84；可能为旧位置或近似中心）","coordinate_precision":"approximate","settlement_level":"unknown","kind":"settlement","verification_status":"publicly_listed","population":null,"elderly_ratio":null,"aliases":["Huoxingcun","huo xing cun"],"sources":[{"id":"geonames-12559630","source_id":"12559630","source_type":"geonames","name":"火星村","url":"https://www.geonames.org/12559630/","license":"CC BY 4.0; GeoNames","source_updated_at":"2023-09-07","retrieved_at":"2026-09-27T04:01:28.254836+00:00","coordinate_source":"GeoNames PPL 聚落地名点（WGS84；可能为旧位置或近似中心）","coordinate_precision":"approximate","coordinates":[116.32608,29.26776],"source_feature_type":"PPL"}],"potential_duplicate":false,"potential_duplicate_ids":[],"township_assignment":"OSM乡界多边形空间归属；并非法定隶属核验","deduplication_note":null}},{"type":"Feature","id":"geonames-7636724","geometry":{"type":"Point","coordinates":[116.36959,29.22501]},"properties":{"id":"geonames-7636724","name":"竹林垄","township_name":"大沙镇","source_url":"https://www.geonames.org/7636724/","source_id":"7636724","source_type":"geonames","source_updated_at":"2023-09-06","retrieved_at":"2026-09-27T04:01:28.254836+00:00","coordinate_source":"GeoNames PPL 聚落地名点（WGS84；可能为旧位置或近似中心）","coordinate_precision":"approximate","settlement_level":"unknown","kind":"settlement","verification_status":"publicly_listed","population":null,"elderly_ratio":null,"aliases":["Zhulinlong","zhu lin long"],"sources":[{"id":"geonames-7636724","source_id":"7636724","source_type":"geonames","name":"竹林垄","url":"https://www.geonames.org/7636724/","license":"CC BY 4.0; GeoNames","source_updated_at":"2023-09-06","retrieved_at":"2026-09-27T04:01:28.254836+00:00","coordinate_source":"GeoNames PPL 聚落地名点（WGS84；可能为旧位置或近似中心）","coordinate_precision":"approximate","coordinates":[116.36959,29.22501],"source_feature_type":"PPL"}],"potential_duplicate":false,"potential_duplicate_ids":[],"township_assignment":"OSM乡界多边形空间归属；并非法定隶属核验","deduplication_note":null}},{"type":"Feature","id":"geonames-12559658","geometry":{"type":"Point","coordinates":[116.35393,29.26309]},"properties":{"id":"geonames-12559658","name":"茅铺村","township_name":"大沙镇","source_url":"https://www.geonames.org/12559658/","source_id":"12559658","source_type":"geonames","source_updated_at":"2023-09-07","retrieved_at":"2026-09-27T04:01:28.254836+00:00","coordinate_source":"GeoNames PPL 聚落地名点（WGS84；可能为旧位置或近似中心）","coordinate_precision":"approximate","settlement_level":"unknown","kind":"settlement","verification_status":"publicly_listed","population":null,"elderly_ratio":null,"aliases":["Maopucun","mao pu cun"],"sources":[{"id":"geonames-12559658","source_id":"12559658","source_type":"geonames","name":"茅铺村","url":"https://www.geonames.org/12559658/","license":"CC BY 4.0; GeoNames","source_updated_at":"2023-09-07","retrieved_at":"2026-09-27T04:01:28.254836+00:00","coordinate_source":"GeoNames PPL 聚落地名点（WGS84；可能为旧位置或近似中心）","coordinate_precision":"approximate","coordinates":[116.35393,29.26309],"source_feature_type":"PPL"}],"potential_duplicate":false,"potential_duplicate_ids":[],"township_assignment":"OSM乡界多边形空间归属；并非法定隶属核验","deduplication_note":null}},{"type":"Feature","id":"geonames-7635933","geometry":{"type":"Point","coordinates":[116.37175,29.26351]},"properties":{"id":"geonames-7635933","name":"野溪垄","township_name":"大沙镇","source_url":"https://www.geonames.org/7635933/","source_id":"7635933","source_type":"geonames","source_updated_at":"2023-09-06","retrieved_at":"2026-09-27T04:01:28.254836+00:00","coordinate_source":"GeoNames PPL 聚落地名点（WGS84；可能为旧位置或近似中心）","coordinate_precision":"approximate","settlement_level":"unknown","kind":"settlement","verification_status":"publicly_listed","population":null,"elderly_ratio":null,"aliases":["Yexilong","ye xi long"],"sources":[{"id":"geonames-7635933","source_id":"7635933","source_type":"geonames","name":"野溪垄","url":"https://www.geonames.org/7635933/","license":"CC BY 4.0; GeoNames","source_updated_at":"2023-09-06","retrieved_at":"2026-09-27T04:01:28.254836+00:00","coordinate_source":"GeoNames PPL 聚落地名点（WGS84；可能为旧位置或近似中心）","coordinate_precision":"approximate","coordinates":[116.37175,29.26351],"source_feature_type":"PPL"}],"potential_duplicate":false,"potential_duplicate_ids":[],"township_assignment":"OSM乡界多边形空间归属；并非法定隶属核验","deduplication_note":null}},{"type":"Feature","id":"geonames-7636689","geometry":{"type":"Point","coordinates":[116.34273,29.22257]},"properties":{"id":"geonames-7636689","name":"黄甲塘","township_name":"大沙镇","source_url":"https://www.geonames.org/7636689/","source_id":"7636689","source_type":"geonames","source_updated_at":"2023-09-06","retrieved_at":"2026-09-27T04:01:28.254836+00:00","coordinate_source":"GeoNames PPL 聚落地名点（WGS84；可能为旧位置或近似中心）","coordinate_precision":"approximate","settlement_level":"unknown","kind":"settlement","verification_status":"publicly_listed","population":null,"elderly_ratio":null,"aliases":["Huangjiatang","huang jia tang"],"sources":[{"id":"geonames-7636689","source_id":"7636689","source_type":"geonames","name":"黄甲塘","url":"https://www.geonames.org/7636689/","license":"CC BY 4.0; GeoNames","source_updated_at":"2023-09-06","retrieved_at":"2026-09-27T04:01:28.254836+00:00","coordinate_source":"GeoNames PPL 聚落地名点（WGS84；可能为旧位置或近似中心）","coordinate_precision":"approximate","coordinates":[116.34273,29.22257],"source_feature_type":"PPL"}],"potential_duplicate":false,"potential_duplicate_ids":[],"township_assignment":"OSM乡界多边形空间归属；并非法定隶属核验","deduplication_note":null}},{"type":"Feature","id":"geonames-7635935","geometry":{"type":"Point","coordinates":[116.36315,29.23985]},"properties":{"id":"geonames-7635935","name":"黄香村","township_name":"大沙镇","source_url":"https://www.geonames.org/7635935/","source_id":"7635935","source_type":"geonames","source_updated_at":"2023-09-06","retrieved_at":"2026-09-27T04:01:28.254836+00:00","coordinate_source":"GeoNames PPL 聚落地名点（WGS84；可能为旧位置或近似中心）","coordinate_precision":"approximate","settlement_level":"unknown","kind":"settlement","verification_status":"publicly_listed","population":null,"elderly_ratio":null,"aliases":["Huangxiang","Huangxiangcun","huang xiang","huang xiang cun","黄香"],"sources":[{"id":"geonames-7635935","source_id":"7635935","source_type":"geonames","name":"黄香村","url":"https://www.geonames.org/7635935/","license":"CC BY 4.0; GeoNames","source_updated_at":"2023-09-06","retrieved_at":"2026-09-27T04:01:28.254836+00:00","coordinate_source":"GeoNames PPL 聚落地名点（WGS84；可能为旧位置或近似中心）","coordinate_precision":"approximate","coordinates":[116.36315,29.23985],"source_feature_type":"PPL"}],"potential_duplicate":false,"potential_duplicate_ids":[],"township_assignment":"OSM乡界多边形空间归属；并非法定隶属核验","deduplication_note":null}},{"type":"Feature","id":"geonames-7635874","geometry":{"type":"Point","coordinates":[116.49219,29.47824]},"properties":{"id":"geonames-7635874","name":"上定家山","township_name":"大港镇","source_url":"https://www.geonames.org/7635874/","source_id":"7635874","source_type":"geonames","source_updated_at":"2023-09-06","retrieved_at":"2026-09-27T04:01:28.254836+00:00","coordinate_source":"GeoNames PPL 聚落地名点（WGS84；可能为旧位置或近似中心）","coordinate_precision":"approximate","settlement_level":"unknown","kind":"settlement","verification_status":"publicly_listed","population":null,"elderly_ratio":null,"aliases":["Shangding Jiashan","shang ding jia shan"],"sources":[{"id":"geonames-7635874","source_id":"7635874","source_type":"geonames","name":"上定家山","url":"https://www.geonames.org/7635874/","license":"CC BY 4.0; GeoNames","source_updated_at":"2023-09-06","retrieved_at":"2026-09-27T04:01:28.254836+00:00","coordinate_source":"GeoNames PPL 聚落地名点（WGS84；可能为旧位置或近似中心）","coordinate_precision":"approximate","coordinates":[116.49219,29.47824],"source_feature_type":"PPL"}],"potential_duplicate":false,"potential_duplicate_ids":[],"township_assignment":"OSM乡界多边形空间归属；并非法定隶属核验","deduplication_note":null}},{"type":"Feature","id":"geonames-7636222","geometry":{"type":"Point","coordinates":[116.48233,29.60445]},"properties":{"id":"geonames-7636222","name":"上辛","township_name":"大港镇","source_url":"https://www.geonames.org/7636222/","source_id":"7636222","source_type":"geonames","source_updated_at":"2021-09-20","retrieved_at":"2026-09-27T04:01:28.254836+00:00","coordinate_source":"GeoNames PPL 聚落地名点（WGS84；可能为旧位置或近似中心）","coordinate_precision":"approximate","settlement_level":"unknown","kind":"settlement","verification_status":"publicly_listed","population":null,"elderly_ratio":null,"aliases":["Shangxin","shang xin"],"sources":[{"id":"geonames-7636222","source_id":"7636222","source_type":"geonames","name":"上辛","url":"https://www.geonames.org/7636222/","license":"CC BY 4.0; GeoNames","source_updated_at":"2021-09-20","retrieved_at":"2026-09-27T04:01:28.254836+00:00","coordinate_source":"GeoNames PPL 聚落地名点（WGS84；可能为旧位置或近似中心）","coordinate_precision":"approximate","coordinates":[116.48233,29.60445],"source_feature_type":"PPL"}],"potential_duplicate":false,"potential_duplicate_ids":[],"township_assignment":"OSM乡界多边形空间归属；并非法定隶属核验","deduplication_note":null}},{"type":"Feature","id":"geonames-12561878","geometry":{"type":"Point","coordinates":[116.47639,29.48923]},"properties":{"id":"geonames-12561878","name":"丹山村","township_name":"大港镇","source_url":"https://www.geonames.org/12561878/","source_id":"12561878","source_type":"geonames","source_updated_at":"2023-09-07","retrieved_at":"2026-09-27T04:01:28.254836+00:00","coordinate_source":"GeoNames PPL 聚落地名点（WGS84；可能为旧位置或近似中心）","coordinate_precision":"approximate","settlement_level":"unknown","kind":"settlement","verification_status":"publicly_listed","population":null,"elderly_ratio":null,"aliases":["Danshancun","dan shan cun"],"sources":[{"id":"geonames-12561878","source_id":"12561878","source_type":"geonames","name":"丹山村","url":"https://www.geonames.org/12561878/","license":"CC BY 4.0; GeoNames","source_updated_at":"2023-09-07","retrieved_at":"2026-09-27T04:01:28.254836+00:00","coordinate_source":"GeoNames PPL 聚落地名点（WGS84；可能为旧位置或近似中心）","coordinate_precision":"approximate","coordinates":[116.47639,29.48923],"source_feature_type":"PPL"}],"potential_duplicate":false,"potential_duplicate_ids":[],"township_assignment":"OSM乡界多边形空间归属；并非法定隶属核验","deduplication_note":null}},{"type":"Feature","id":"osm-node-5428703169","geometry":{"type":"Point","coordinates":[116.4821792,29.5455812]},"properties":{"id":"osm-node-5428703169","name":"井坎上","township_name":"大港镇","source_url":"https://www.openstreetmap.org/node/5428703169","source_id":"5428703169","source_type":"osm","source_updated_at":"2018-02-22T10:22:21Z","retrieved_at":"2026-09-27T04:06:23.342197+00:00","coordinate_source":"OpenStreetMap 原始聚落节点（WGS84）","coordinate_precision":"mapped_point","settlement_level":"unknown","kind":"settlement","verification_status":"publicly_listed","population":null,"elderly_ratio":null,"aliases":[],"sources":[{"id":"osm-node-5428703169","source_id":"5428703169","source_type":"osm","name":"井坎上","url":"https://www.openstreetmap.org/node/5428703169","license":"ODbL 1.0; © OpenStreetMap contributors","source_updated_at":"2018-02-22T10:22:21Z","retrieved_at":"2026-09-27T04:06:23.342197+00:00","coordinate_source":"OpenStreetMap 原始聚落节点（WGS84）","coordinate_precision":"mapped_point","coordinates":[116.4821792,29.5455812],"source_feature_type":"hamlet"}],"potential_duplicate":false,"potential_duplicate_ids":[],"township_assignment":"OSM乡界多边形空间归属；并非法定隶属核验","deduplication_note":null}},{"type":"Feature","id":"geonames-7636774","geometry":{"type":"Point","coordinates":[116.47185,29.50788]},"properties":{"id":"geonames-7636774","name":"占家","township_name":"大港镇","source_url":"https://www.geonames.org/7636774/","source_id":"7636774","source_type":"geonames","source_updated_at":"2023-09-06","retrieved_at":"2026-09-27T04:01:28.254836+00:00","coordinate_source":"GeoNames PPL 聚落地名点（WGS84；可能为旧位置或近似中心）","coordinate_precision":"approximate","settlement_level":"unknown","kind":"settlement","verification_status":"publicly_listed","population":null,"elderly_ratio":null,"aliases":["Zhanjia","zhan jia"],"sources":[{"id":"geonames-7636774","source_id":"7636774","source_type":"geonames","name":"占家","url":"https://www.geonames.org/7636774/","license":"CC BY 4.0; GeoNames","source_updated_at":"2023-09-06","retrieved_at":"2026-09-27T04:01:28.254836+00:00","coordinate_source":"GeoNames PPL 聚落地名点（WGS84；可能为旧位置或近似中心）","coordinate_precision":"approximate","coordinates":[116.47185,29.50788],"source_feature_type":"PPL"}],"potential_duplicate":false,"potential_duplicate_ids":[],"township_assignment":"OSM乡界多边形空间归属；并非法定隶属核验","deduplication_note":null}},{"type":"Feature","id":"geonames-7636223","geometry":{"type":"Point","coordinates":[116.50969,29.55074]},"properties":{"id":"geonames-7636223","name":"后源","township_name":"大港镇","source_url":"https://www.geonames.org/7636223/","source_id":"7636223","source_type":"geonames","source_updated_at":"2021-09-20","retrieved_at":"2026-09-27T04:01:28.254836+00:00","coordinate_source":"GeoNames PPL 聚落地名点（WGS84；可能为旧位置或近似中心）","coordinate_precision":"approximate","settlement_level":"unknown","kind":"settlement","verification_status":"publicly_listed","population":null,"elderly_ratio":null,"aliases":["Houyuan","hou yuan"],"sources":[{"id":"geonames-7636223","source_id":"7636223","source_type":"geonames","name":"后源","url":"https://www.geonames.org/7636223/","license":"CC BY 4.0; GeoNames","source_updated_at":"2021-09-20","retrieved_at":"2026-09-27T04:01:28.254836+00:00","coordinate_source":"GeoNames PPL 聚落地名点（WGS84；可能为旧位置或近似中心）","coordinate_precision":"approximate","coordinates":[116.50969,29.55074],"source_feature_type":"PPL"}],"potential_duplicate":true,"potential_duplicate_ids":["osm-node-8948855960"],"township_assignment":"OSM乡界多边形空间归属；并非法定隶属核验","deduplication_note":null}},{"type":"Feature","id":"osm-node-8948855960","geometry":{"type":"Point","coordinates":[116.5109375,29.552305]},"properties":{"id":"osm-node-8948855960","name":"后源","township_name":"大港镇","source_url":"https://www.openstreetmap.org/node/8948855960","source_id":"8948855960","source_type":"osm","source_updated_at":"2021-07-25T14:48:42Z","retrieved_at":"2026-09-27T04:06:23.342197+00:00","coordinate_source":"OpenStreetMap 原始聚落节点（WGS84）","coordinate_precision":"mapped_point","settlement_level":"unknown","kind":"settlement","verification_status":"publicly_listed","population":null,"elderly_ratio":null,"aliases":["Houyuan"],"sources":[{"id":"osm-node-8948855960","source_id":"8948855960","source_type":"osm","name":"后源","url":"https://www.openstreetmap.org/node/8948855960","license":"ODbL 1.0; © OpenStreetMap contributors","source_updated_at":"2021-07-25T14:48:42Z","retrieved_at":"2026-09-27T04:06:23.342197+00:00","coordinate_source":"OpenStreetMap 原始聚落节点（WGS84）","coordinate_precision":"mapped_point","coordinates":[116.5109375,29.552305],"source_feature_type":"village"}],"potential_duplicate":true,"potential_duplicate_ids":["geonames-7636223"],"township_assignment":"OSM乡界多边形空间归属；并非法定隶属核验","deduplication_note":null}},{"type":"Feature","id":"geonames-7636769","geometry":{"type":"Point","coordinates":[116.45982,29.58907]},"properties":{"id":"geonames-7636769","name":"土目村","township_name":"大港镇","source_url":"https://www.geonames.org/7636769/","source_id":"7636769","source_type":"geonames","source_updated_at":"2023-09-06","retrieved_at":"2026-09-27T04:01:28.254836+00:00","coordinate_source":"GeoNames PPL 聚落地名点（WGS84；可能为旧位置或近似中心）","coordinate_precision":"approximate","settlement_level":"unknown","kind":"settlement","verification_status":"publicly_listed","population":null,"elderly_ratio":null,"aliases":["Tumu","Tumucun","tu mu","tu mu cun","土目"],"sources":[{"id":"geonames-7636769","source_id":"7636769","source_type":"geonames","name":"土目村","url":"https://www.geonames.org/7636769/","license":"CC BY 4.0; GeoNames","source_updated_at":"2023-09-06","retrieved_at":"2026-09-27T04:01:28.254836+00:00","coordinate_source":"GeoNames PPL 聚落地名点（WGS84；可能为旧位置或近似中心）","coordinate_precision":"approximate","coordinates":[116.45982,29.58907],"source_feature_type":"PPL"}],"potential_duplicate":false,"potential_duplicate_ids":[],"township_assignment":"OSM乡界多边形空间归属；并非法定隶属核验","deduplication_note":null}},{"type":"Feature","id":"geonames-12561825","geometry":{"type":"Point","coordinates":[116.48034,29.53993]},"properties":{"id":"geonames-12561825","name":"大港村","township_name":"大港镇","source_url":"https://www.geonames.org/12561825/","source_id":"12561825","source_type":"geonames","source_updated_at":"2023-09-07","retrieved_at":"2026-09-27T04:01:28.254836+00:00","coordinate_source":"GeoNames PPL 聚落地名点（WGS84；可能为旧位置或近似中心）","coordinate_precision":"approximate","settlement_level":"unknown","kind":"settlement","verification_status":"publicly_listed","population":null,"elderly_ratio":null,"aliases":["Dagangcun","da gang cun"],"sources":[{"id":"geonames-12561825","source_id":"12561825","source_type":"geonames","name":"大港村","url":"https://www.geonames.org/12561825/","license":"CC BY 4.0; GeoNames","source_updated_at":"2023-09-07","retrieved_at":"2026-09-27T04:01:28.254836+00:00","coordinate_source":"GeoNames PPL 聚落地名点（WGS84；可能为旧位置或近似中心）","coordinate_precision":"approximate","coordinates":[116.48034,29.53993],"source_feature_type":"PPL"}],"potential_duplicate":false,"potential_duplicate_ids":[],"township_assignment":"OSM乡界多边形空间归属；并非法定隶属核验","deduplication_note":null}},{"type":"Feature","id":"geonames-7636371","geometry":{"type":"Point","coordinates":[116.5091,29.52593]},"properties":{"id":"geonames-7636371","name":"大田村","township_name":"大港镇","source_url":"https://www.geonames.org/7636371/","source_id":"7636371","source_type":"geonames","source_updated_at":"2023-09-06","retrieved_at":"2026-09-27T04:01:28.254836+00:00","coordinate_source":"GeoNames PPL 聚落地名点（WGS84；可能为旧位置或近似中心）","coordinate_precision":"approximate","settlement_level":"unknown","kind":"settlement","verification_status":"publicly_listed","population":null,"elderly_ratio":null,"aliases":["Datian","Datiancun","da tian","da tian cun","大田"],"sources":[{"id":"geonames-7636371","source_id":"7636371","source_type":"geonames","name":"大田村","url":"https://www.geonames.org/7636371/","license":"CC BY 4.0; GeoNames","source_updated_at":"2023-09-06","retrieved_at":"2026-09-27T04:01:28.254836+00:00","coordinate_source":"GeoNames PPL 聚落地名点（WGS84；可能为旧位置或近似中心）","coordinate_precision":"approximate","coordinates":[116.5091,29.52593],"source_feature_type":"PPL"}],"potential_duplicate":false,"potential_duplicate_ids":[],"township_assignment":"OSM乡界多边形空间归属；并非法定隶属核验","deduplication_note":null}},{"type":"Feature","id":"geonames-7635870","geometry":{"type":"Point","coordinates":[116.52354,29.53177]},"properties":{"id":"geonames-7635870","name":"岗上","township_name":"大港镇","source_url":"https://www.geonames.org/7635870/","source_id":"7635870","source_type":"geonames","source_updated_at":"2023-09-06","retrieved_at":"2026-09-27T04:01:28.254836+00:00","coordinate_source":"GeoNames PPL 聚落地名点（WGS84；可能为旧位置或近似中心）","coordinate_precision":"approximate","settlement_level":"unknown","kind":"settlement","verification_status":"publicly_listed","population":null,"elderly_ratio":null,"aliases":["Gangshang","gang shang"],"sources":[{"id":"geonames-7635870","source_id":"7635870","source_type":"geonames","name":"岗上","url":"https://www.geonames.org/7635870/","license":"CC BY 4.0; GeoNames","source_updated_at":"2023-09-06","retrieved_at":"2026-09-27T04:01:28.254836+00:00","coordinate_source":"GeoNames PPL 聚落地名点（WGS84；可能为旧位置或近似中心）","coordinate_precision":"approximate","coordinates":[116.52354,29.53177],"source_feature_type":"PPL"}],"potential_duplicate":false,"potential_duplicate_ids":[],"township_assignment":"OSM乡界多边形空间归属；并非法定隶属核验","deduplication_note":null}},{"type":"Feature","id":"geonames-7636791","geometry":{"type":"Point","coordinates":[116.45356,29.50893]},"properties":{"id":"geonames-7636791","name":"梅溪村","township_name":"大港镇","source_url":"https://www.geonames.org/7636791/","source_id":"7636791","source_type":"geonames","source_updated_at":"2023-09-06","retrieved_at":"2026-09-27T04:01:28.254836+00:00","coordinate_source":"GeoNames PPL 聚落地名点（WGS84；可能为旧位置或近似中心）","coordinate_precision":"approximate","settlement_level":"unknown","kind":"settlement","verification_status":"publicly_listed","population":null,"elderly_ratio":null,"aliases":["Meixi","Meixicun","mei xi","mei xi cun","梅溪"],"sources":[{"id":"geonames-7636791","source_id":"7636791","source_type":"geonames","name":"梅溪村","url":"https://www.geonames.org/7636791/","license":"CC BY 4.0; GeoNames","source_updated_at":"2023-09-06","retrieved_at":"2026-09-27T04:01:28.254836+00:00","coordinate_source":"GeoNames PPL 聚落地名点（WGS84；可能为旧位置或近似中心）","coordinate_precision":"approximate","coordinates":[116.45356,29.50893],"source_feature_type":"PPL"}],"potential_duplicate":false,"potential_duplicate_ids":[],"township_assignment":"OSM乡界多边形空间归属；并非法定隶属核验","deduplication_note":null}},{"type":"Feature","id":"geonames-12561824","geometry":{"type":"Point","coordinates":[116.50532,29.54814]},"properties":{"id":"geonames-12561824","name":"漂水村","township_name":"大港镇","source_url":"https://www.geonames.org/12561824/","source_id":"12561824","source_type":"geonames","source_updated_at":"2023-09-07","retrieved_at":"2026-09-27T04:01:28.254836+00:00","coordinate_source":"GeoNames PPL 聚落地名点（WGS84；可能为旧位置或近似中心）","coordinate_precision":"approximate","settlement_level":"unknown","kind":"settlement","verification_status":"publicly_listed","population":null,"elderly_ratio":null,"aliases":["Piaoshuicun","piao shui cun"],"sources":[{"id":"geonames-12561824","source_id":"12561824","source_type":"geonames","name":"漂水村","url":"https://www.geonames.org/12561824/","license":"CC BY 4.0; GeoNames","source_updated_at":"2023-09-07","retrieved_at":"2026-09-27T04:01:28.254836+00:00","coordinate_source":"GeoNames PPL 聚落地名点（WGS84；可能为旧位置或近似中心）","coordinate_precision":"approximate","coordinates":[116.50532,29.54814],"source_feature_type":"PPL"}],"potential_duplicate":false,"potential_duplicate_ids":[],"township_assignment":"OSM乡界多边形空间归属；并非法定隶属核验","deduplication_note":null}},{"type":"Feature","id":"geonames-7636711","geometry":{"type":"Point","coordinates":[116.48462,29.49491]},"properties":{"id":"geonames-7636711","name":"潘家","township_name":"大港镇","source_url":"https://www.geonames.org/7636711/","source_id":"7636711","source_type":"geonames","source_updated_at":"2023-09-06","retrieved_at":"2026-09-27T04:01:28.254836+00:00","coordinate_source":"GeoNames PPL 聚落地名点（WGS84；可能为旧位置或近似中心）","coordinate_precision":"approximate","settlement_level":"unknown","kind":"settlement","verification_status":"publicly_listed","population":null,"elderly_ratio":null,"aliases":["Panjia","pan jia"],"sources":[{"id":"geonames-7636711","source_id":"7636711","source_type":"geonames","name":"潘家","url":"https://www.geonames.org/7636711/","license":"CC BY 4.0; GeoNames","source_updated_at":"2023-09-06","retrieved_at":"2026-09-27T04:01:28.254836+00:00","coordinate_source":"GeoNames PPL 聚落地名点（WGS84；可能为旧位置或近似中心）","coordinate_precision":"approximate","coordinates":[116.48462,29.49491],"source_feature_type":"PPL"}],"potential_duplicate":false,"potential_duplicate_ids":[],"township_assignment":"OSM乡界多边形空间归属；并非法定隶属核验","deduplication_note":null}},{"type":"Feature","id":"osm-node-3933375564","geometry":{"type":"Point","coordinates":[116.465161,29.481832]},"properties":{"id":"osm-node-3933375564","name":"盐田","township_name":"大港镇","source_url":"https://www.openstreetmap.org/node/3933375564","source_id":"3933375564","source_type":"osm","source_updated_at":"2025-04-05T14:34:07Z","retrieved_at":"2026-09-27T04:06:23.342197+00:00","coordinate_source":"OpenStreetMap 原始聚落节点（WGS84）","coordinate_precision":"mapped_point","settlement_level":"unknown","kind":"settlement","verification_status":"publicly_listed","population":null,"elderly_ratio":null,"aliases":["Yantian","Yantiancun","Yantianxiang","yan tian","yan tian cun","yan tian xiang","盐田乡","盐田村"],"sources":[{"id":"osm-node-3933375564","source_id":"3933375564","source_type":"osm","name":"盐田","url":"https://www.openstreetmap.org/node/3933375564","license":"ODbL 1.0; © OpenStreetMap contributors","source_updated_at":"2025-04-05T14:34:07Z","retrieved_at":"2026-09-27T04:06:23.342197+00:00","coordinate_source":"OpenStreetMap 原始聚落节点（WGS84）","coordinate_precision":"mapped_point","coordinates":[116.465161,29.481832],"source_feature_type":"village"},{"id":"geonames-7636872","source_id":"7636872","source_type":"geonames","name":"盐田村","url":"https://www.geonames.org/7636872/","license":"CC BY 4.0; GeoNames","source_updated_at":"2023-09-06","retrieved_at":"2026-09-27T04:01:28.254836+00:00","coordinate_source":"GeoNames PPL 聚落地名点（WGS84；可能为旧位置或近似中心）","coordinate_precision":"approximate","coordinates":[116.46649,29.48214],"source_feature_type":"PPL"}],"potential_duplicate":false,"potential_duplicate_ids":[],"township_assignment":"OSM乡界多边形空间归属；并非法定隶属核验","deduplication_note":"同乡同名/别名且簇内两两相距不超过150米合并；优先OSM原始点"}},{"type":"Feature","id":"geonames-7635247","geometry":{"type":"Point","coordinates":[116.51515,29.48457]},"properties":{"id":"geonames-7635247","name":"石板桥","township_name":"大港镇","source_url":"https://www.geonames.org/7635247/","source_id":"7635247","source_type":"geonames","source_updated_at":"2023-09-06","retrieved_at":"2026-09-27T04:01:28.254836+00:00","coordinate_source":"GeoNames PPL 聚落地名点（WGS84；可能为旧位置或近似中心）","coordinate_precision":"approximate","settlement_level":"unknown","kind":"settlement","verification_status":"publicly_listed","population":null,"elderly_ratio":null,"aliases":["Shibanqiao","shi ban qiao"],"sources":[{"id":"geonames-7635247","source_id":"7635247","source_type":"geonames","name":"石板桥","url":"https://www.geonames.org/7635247/","license":"CC BY 4.0; GeoNames","source_updated_at":"2023-09-06","retrieved_at":"2026-09-27T04:01:28.254836+00:00","coordinate_source":"GeoNames PPL 聚落地名点（WGS84；可能为旧位置或近似中心）","coordinate_precision":"approximate","coordinates":[116.51515,29.48457],"source_feature_type":"PPL"}],"potential_duplicate":false,"potential_duplicate_ids":[],"township_assignment":"OSM乡界多边形空间归属；并非法定隶属核验","deduplication_note":null}},{"type":"Feature","id":"geonames-7636298","geometry":{"type":"Point","coordinates":[116.48969,29.52141]},"properties":{"id":"geonames-7636298","name":"碾子湾","township_name":"大港镇","source_url":"https://www.geonames.org/7636298/","source_id":"7636298","source_type":"geonames","source_updated_at":"2023-09-06","retrieved_at":"2026-09-27T04:01:28.254836+00:00","coordinate_source":"GeoNames PPL 聚落地名点（WGS84；可能为旧位置或近似中心）","coordinate_precision":"approximate","settlement_level":"unknown","kind":"settlement","verification_status":"publicly_listed","population":null,"elderly_ratio":null,"aliases":["Nianziwan","nian zi wan"],"sources":[{"id":"geonames-7636298","source_id":"7636298","source_type":"geonames","name":"碾子湾","url":"https://www.geonames.org/7636298/","license":"CC BY 4.0; GeoNames","source_updated_at":"2023-09-06","retrieved_at":"2026-09-27T04:01:28.254836+00:00","coordinate_source":"GeoNames PPL 聚落地名点（WGS84；可能为旧位置或近似中心）","coordinate_precision":"approximate","coordinates":[116.48969,29.52141],"source_feature_type":"PPL"}],"potential_duplicate":false,"potential_duplicate_ids":[],"township_assignment":"OSM乡界多边形空间归属；并非法定隶属核验","deduplication_note":null}},{"type":"Feature","id":"geonames-12561872","geometry":{"type":"Point","coordinates":[116.50289,29.51885]},"properties":{"id":"geonames-12561872","name":"繁荣村","township_name":"大港镇","source_url":"https://www.geonames.org/12561872/","source_id":"12561872","source_type":"geonames","source_updated_at":"2023-09-07","retrieved_at":"2026-09-27T04:01:28.254836+00:00","coordinate_source":"GeoNames PPL 聚落地名点（WGS84；可能为旧位置或近似中心）","coordinate_precision":"approximate","settlement_level":"unknown","kind":"settlement","verification_status":"publicly_listed","population":null,"elderly_ratio":null,"aliases":["Fanrongcun","fan rong cun"],"sources":[{"id":"geonames-12561872","source_id":"12561872","source_type":"geonames","name":"繁荣村","url":"https://www.geonames.org/12561872/","license":"CC BY 4.0; GeoNames","source_updated_at":"2023-09-07","retrieved_at":"2026-09-27T04:01:28.254836+00:00","coordinate_source":"GeoNames PPL 聚落地名点（WGS84；可能为旧位置或近似中心）","coordinate_precision":"approximate","coordinates":[116.50289,29.51885],"source_feature_type":"PPL"}],"potential_duplicate":false,"potential_duplicate_ids":[],"township_assignment":"OSM乡界多边形空间归属；并非法定隶属核验","deduplication_note":null}},{"type":"Feature","id":"geonames-7636239","geometry":{"type":"Point","coordinates":[116.46489,29.49854]},"properties":{"id":"geonames-7636239","name":"西塘山","township_name":"大港镇","source_url":"https://www.geonames.org/7636239/","source_id":"7636239","source_type":"geonames","source_updated_at":"2023-09-06","retrieved_at":"2026-09-27T04:01:28.254836+00:00","coordinate_source":"GeoNames PPL 聚落地名点（WGS84；可能为旧位置或近似中心）","coordinate_precision":"approximate","settlement_level":"unknown","kind":"settlement","verification_status":"publicly_listed","population":null,"elderly_ratio":null,"aliases":["Xitangshan","xi tang shan"],"sources":[{"id":"geonames-7636239","source_id":"7636239","source_type":"geonames","name":"西塘山","url":"https://www.geonames.org/7636239/","license":"CC BY 4.0; GeoNames","source_updated_at":"2023-09-06","retrieved_at":"2026-09-27T04:01:28.254836+00:00","coordinate_source":"GeoNames PPL 聚落地名点（WGS84；可能为旧位置或近似中心）","coordinate_precision":"approximate","coordinates":[116.46489,29.49854],"source_feature_type":"PPL"}],"potential_duplicate":false,"potential_duplicate_ids":[],"township_assignment":"OSM乡界多边形空间归属；并非法定隶属核验","deduplication_note":null}},{"type":"Feature","id":"geonames-7636205","geometry":{"type":"Point","coordinates":[116.51448,29.48324]},"properties":{"id":"geonames-7636205","name":"过江","township_name":"大港镇","source_url":"https://www.geonames.org/7636205/","source_id":"7636205","source_type":"geonames","source_updated_at":"2021-09-20","retrieved_at":"2026-09-27T04:01:28.254836+00:00","coordinate_source":"GeoNames PPL 聚落地名点（WGS84；可能为旧位置或近似中心）","coordinate_precision":"approximate","settlement_level":"unknown","kind":"settlement","verification_status":"publicly_listed","population":null,"elderly_ratio":null,"aliases":["Guojiang","guo jiang"],"sources":[{"id":"geonames-7636205","source_id":"7636205","source_type":"geonames","name":"过江","url":"https://www.geonames.org/7636205/","license":"CC BY 4.0; GeoNames","source_updated_at":"2021-09-20","retrieved_at":"2026-09-27T04:01:28.254836+00:00","coordinate_source":"GeoNames PPL 聚落地名点（WGS84；可能为旧位置或近似中心）","coordinate_precision":"approximate","coordinates":[116.51448,29.48324],"source_feature_type":"PPL"}],"potential_duplicate":false,"potential_duplicate_ids":[],"township_assignment":"OSM乡界多边形空间归属；并非法定隶属核验","deduplication_note":null}},{"type":"Feature","id":"osm-node-8948855959","geometry":{"type":"Point","coordinates":[116.470903,29.534499]},"properties":{"id":"osm-node-8948855959","name":"邓仕畈","township_name":"大港镇","source_url":"https://www.openstreetmap.org/node/8948855959","source_id":"8948855959","source_type":"osm","source_updated_at":"2021-07-25T14:48:42Z","retrieved_at":"2026-09-27T04:06:23.342197+00:00","coordinate_source":"OpenStreetMap 原始聚落节点（WGS84）","coordinate_precision":"mapped_point","settlement_level":"unknown","kind":"settlement","verification_status":"publicly_listed","population":null,"elderly_ratio":null,"aliases":["Dengsifan","deng shi fan"],"sources":[{"id":"osm-node-8948855959","source_id":"8948855959","source_type":"osm","name":"邓仕畈","url":"https://www.openstreetmap.org/node/8948855959","license":"ODbL 1.0; © OpenStreetMap contributors","source_updated_at":"2021-07-25T14:48:42Z","retrieved_at":"2026-09-27T04:06:23.342197+00:00","coordinate_source":"OpenStreetMap 原始聚落节点（WGS84）","coordinate_precision":"mapped_point","coordinates":[116.470903,29.534499],"source_feature_type":"village"},{"id":"geonames-7638520","source_id":"7638520","source_type":"geonames","name":"邓仕畈","url":"https://www.geonames.org/7638520/","license":"CC BY 4.0; GeoNames","source_updated_at":"2023-10-06","retrieved_at":"2026-09-27T04:01:28.254836+00:00","coordinate_source":"GeoNames PPL 聚落地名点（WGS84；可能为旧位置或近似中心）","coordinate_precision":"approximate","coordinates":[116.47067,29.53499],"source_feature_type":"PPL"}],"potential_duplicate":false,"potential_duplicate_ids":[],"township_assignment":"OSM乡界多边形空间归属；并非法定隶属核验","deduplication_note":"同乡同名/别名且簇内两两相距不超过150米合并；优先OSM原始点"}},{"type":"Feature","id":"geonames-12561794","geometry":{"type":"Point","coordinates":[116.52089,29.47832]},"properties":{"id":"geonames-12561794","name":"邻波村","township_name":"大港镇","source_url":"https://www.geonames.org/12561794/","source_id":"12561794","source_type":"geonames","source_updated_at":"2023-09-07","retrieved_at":"2026-09-27T04:01:28.254836+00:00","coordinate_source":"GeoNames PPL 聚落地名点（WGS84；可能为旧位置或近似中心）","coordinate_precision":"approximate","settlement_level":"unknown","kind":"settlement","verification_status":"publicly_listed","population":null,"elderly_ratio":null,"aliases":["Linpocun","lin bo cun"],"sources":[{"id":"geonames-12561794","source_id":"12561794","source_type":"geonames","name":"邻波村","url":"https://www.geonames.org/12561794/","license":"CC BY 4.0; GeoNames","source_updated_at":"2023-09-07","retrieved_at":"2026-09-27T04:01:28.254836+00:00","coordinate_source":"GeoNames PPL 聚落地名点（WGS84；可能为旧位置或近似中心）","coordinate_precision":"approximate","coordinates":[116.52089,29.47832],"source_feature_type":"PPL"}],"potential_duplicate":false,"potential_duplicate_ids":[],"township_assignment":"OSM乡界多边形空间归属；并非法定隶属核验","deduplication_note":null}},{"type":"Feature","id":"geonames-12561790","geometry":{"type":"Point","coordinates":[116.44196,29.47733]},"properties":{"id":"geonames-12561790","name":"里泗村","township_name":"大港镇","source_url":"https://www.geonames.org/12561790/","source_id":"12561790","source_type":"geonames","source_updated_at":"2023-09-07","retrieved_at":"2026-09-27T04:01:28.254836+00:00","coordinate_source":"GeoNames PPL 聚落地名点（WGS84；可能为旧位置或近似中心）","coordinate_precision":"approximate","settlement_level":"unknown","kind":"settlement","verification_status":"publicly_listed","population":null,"elderly_ratio":null,"aliases":["Lisicun","li si cun"],"sources":[{"id":"geonames-12561790","source_id":"12561790","source_type":"geonames","name":"里泗村","url":"https://www.geonames.org/12561790/","license":"CC BY 4.0; GeoNames","source_updated_at":"2023-09-07","retrieved_at":"2026-09-27T04:01:28.254836+00:00","coordinate_source":"GeoNames PPL 聚落地名点（WGS84；可能为旧位置或近似中心）","coordinate_precision":"approximate","coordinates":[116.44196,29.47733],"source_feature_type":"PPL"}],"potential_duplicate":false,"potential_duplicate_ids":[],"township_assignment":"OSM乡界多边形空间归属；并非法定隶属核验","deduplication_note":null}},{"type":"Feature","id":"osm-node-8948874957","geometry":{"type":"Point","coordinates":[116.5148345,29.5159923]},"properties":{"id":"osm-node-8948874957","name":"金鸡石","township_name":"大港镇","source_url":"https://www.openstreetmap.org/node/8948874957","source_id":"8948874957","source_type":"osm","source_updated_at":"2021-07-25T14:48:42Z","retrieved_at":"2026-09-27T04:06:23.342197+00:00","coordinate_source":"OpenStreetMap 原始聚落节点（WGS84）","coordinate_precision":"mapped_point","settlement_level":"unknown","kind":"settlement","verification_status":"publicly_listed","population":null,"elderly_ratio":null,"aliases":["Jinjishi","jin ji shi"],"sources":[{"id":"osm-node-8948874957","source_id":"8948874957","source_type":"osm","name":"金鸡石","url":"https://www.openstreetmap.org/node/8948874957","license":"ODbL 1.0; © OpenStreetMap contributors","source_updated_at":"2021-07-25T14:48:42Z","retrieved_at":"2026-09-27T04:06:23.342197+00:00","coordinate_source":"OpenStreetMap 原始聚落节点（WGS84）","coordinate_precision":"mapped_point","coordinates":[116.5148345,29.5159923],"source_feature_type":"village"},{"id":"geonames-7636113","source_id":"7636113","source_type":"geonames","name":"金鸡石","url":"https://www.geonames.org/7636113/","license":"CC BY 4.0; GeoNames","source_updated_at":"2021-09-20","retrieved_at":"2026-09-27T04:01:28.254836+00:00","coordinate_source":"GeoNames PPL 聚落地名点（WGS84；可能为旧位置或近似中心）","coordinate_precision":"approximate","coordinates":[116.51371,29.51521],"source_feature_type":"PPL"}],"potential_duplicate":false,"potential_duplicate_ids":[],"township_assignment":"OSM乡界多边形空间归属；并非法定隶属核验","deduplication_note":"同乡同名/别名且簇内两两相距不超过150米合并；优先OSM原始点"}},{"type":"Feature","id":"geonames-7636553","geometry":{"type":"Point","coordinates":[116.48422,29.60408]},"properties":{"id":"geonames-7636553","name":"高塘村","township_name":"大港镇","source_url":"https://www.geonames.org/7636553/","source_id":"7636553","source_type":"geonames","source_updated_at":"2023-09-06","retrieved_at":"2026-09-27T04:01:28.254836+00:00","coordinate_source":"GeoNames PPL 聚落地名点（WGS84；可能为旧位置或近似中心）","coordinate_precision":"approximate","settlement_level":"unknown","kind":"settlement","verification_status":"publicly_listed","population":null,"elderly_ratio":null,"aliases":["Gaotang","Gaotangcun","gao tang","gao tang cun","高塘"],"sources":[{"id":"geonames-7636553","source_id":"7636553","source_type":"geonames","name":"高塘村","url":"https://www.geonames.org/7636553/","license":"CC BY 4.0; GeoNames","source_updated_at":"2023-09-06","retrieved_at":"2026-09-27T04:01:28.254836+00:00","coordinate_source":"GeoNames PPL 聚落地名点（WGS84；可能为旧位置或近似中心）","coordinate_precision":"approximate","coordinates":[116.48422,29.60408],"source_feature_type":"PPL"}],"potential_duplicate":false,"potential_duplicate_ids":[],"township_assignment":"OSM乡界多边形空间归属；并非法定隶属核验","deduplication_note":null}},{"type":"Feature","id":"geonames-7636716","geometry":{"type":"Point","coordinates":[116.22304,29.43227]},"properties":{"id":"geonames-7636716","name":"中涂村","township_name":"左里镇","source_url":"https://www.geonames.org/7636716/","source_id":"7636716","source_type":"geonames","source_updated_at":"2023-09-06","retrieved_at":"2026-09-27T04:01:28.254836+00:00","coordinate_source":"GeoNames PPL 聚落地名点（WGS84；可能为旧位置或近似中心）","coordinate_precision":"approximate","settlement_level":"unknown","kind":"settlement","verification_status":"publicly_listed","population":null,"elderly_ratio":null,"aliases":["Zhongtu","Zhongtucun","zhong tu","zhong tu cun","中涂"],"sources":[{"id":"geonames-7636716","source_id":"7636716","source_type":"geonames","name":"中涂村","url":"https://www.geonames.org/7636716/","license":"CC BY 4.0; GeoNames","source_updated_at":"2023-09-06","retrieved_at":"2026-09-27T04:01:28.254836+00:00","coordinate_source":"GeoNames PPL 聚落地名点（WGS84；可能为旧位置或近似中心）","coordinate_precision":"approximate","coordinates":[116.22304,29.43227],"source_feature_type":"PPL"}],"potential_duplicate":false,"potential_duplicate_ids":[],"township_assignment":"OSM乡界多边形空间归属；并非法定隶属核验","deduplication_note":null}},{"type":"Feature","id":"geonames-7636815","geometry":{"type":"Point","coordinates":[116.19673,29.39273]},"properties":{"id":"geonames-7636815","name":"付桥村","township_name":"左里镇","source_url":"https://www.geonames.org/7636815/","source_id":"7636815","source_type":"geonames","source_updated_at":"2023-09-06","retrieved_at":"2026-09-27T04:01:28.254836+00:00","coordinate_source":"GeoNames PPL 聚落地名点（WGS84；可能为旧位置或近似中心）","coordinate_precision":"approximate","settlement_level":"unknown","kind":"settlement","verification_status":"publicly_listed","population":null,"elderly_ratio":null,"aliases":["Fuqiao","Fuqiaocun","fu qiao","fu qiao cun","傅桥"],"sources":[{"id":"geonames-7636815","source_id":"7636815","source_type":"geonames","name":"付桥村","url":"https://www.geonames.org/7636815/","license":"CC BY 4.0; GeoNames","source_updated_at":"2023-09-06","retrieved_at":"2026-09-27T04:01:28.254836+00:00","coordinate_source":"GeoNames PPL 聚落地名点（WGS84；可能为旧位置或近似中心）","coordinate_precision":"approximate","coordinates":[116.19673,29.39273],"source_feature_type":"PPL"}],"potential_duplicate":false,"potential_duplicate_ids":[],"township_assignment":"OSM乡界多边形空间归属；并非法定隶属核验","deduplication_note":null}},{"type":"Feature","id":"geonames-7636065","geometry":{"type":"Point","coordinates":[116.16415,29.40702]},"properties":{"id":"geonames-7636065","name":"双明村","township_name":"左里镇","source_url":"https://www.geonames.org/7636065/","source_id":"7636065","source_type":"geonames","source_updated_at":"2023-09-06","retrieved_at":"2026-09-27T04:01:28.254836+00:00","coordinate_source":"GeoNames PPL 聚落地名点（WGS84；可能为旧位置或近似中心）","coordinate_precision":"approximate","settlement_level":"unknown","kind":"settlement","verification_status":"publicly_listed","population":null,"elderly_ratio":null,"aliases":["Shuangming","Shuangmingcun","shuang ming","shuang ming cun","双明"],"sources":[{"id":"geonames-7636065","source_id":"7636065","source_type":"geonames","name":"双明村","url":"https://www.geonames.org/7636065/","license":"CC BY 4.0; GeoNames","source_updated_at":"2023-09-06","retrieved_at":"2026-09-27T04:01:28.254836+00:00","coordinate_source":"GeoNames PPL 聚落地名点（WGS84；可能为旧位置或近似中心）","coordinate_precision":"approximate","coordinates":[116.16415,29.40702],"source_feature_type":"PPL"}],"potential_duplicate":false,"potential_duplicate_ids":[],"township_assignment":"OSM乡界多边形空间归属；并非法定隶属核验","deduplication_note":null}},{"type":"Feature","id":"geonames-12561893","geometry":{"type":"Point","coordinates":[116.19008,29.42508]},"properties":{"id":"geonames-12561893","name":"周茂村","township_name":"左里镇","source_url":"https://www.geonames.org/12561893/","source_id":"12561893","source_type":"geonames","source_updated_at":"2023-09-07","retrieved_at":"2026-09-27T04:01:28.254836+00:00","coordinate_source":"GeoNames PPL 聚落地名点（WGS84；可能为旧位置或近似中心）","coordinate_precision":"approximate","settlement_level":"unknown","kind":"settlement","verification_status":"publicly_listed","population":null,"elderly_ratio":null,"aliases":["Zhoumaocun","zhou mao cun"],"sources":[{"id":"geonames-12561893","source_id":"12561893","source_type":"geonames","name":"周茂村","url":"https://www.geonames.org/12561893/","license":"CC BY 4.0; GeoNames","source_updated_at":"2023-09-07","retrieved_at":"2026-09-27T04:01:28.254836+00:00","coordinate_source":"GeoNames PPL 聚落地名点（WGS84；可能为旧位置或近似中心）","coordinate_precision":"approximate","coordinates":[116.19008,29.42508],"source_feature_type":"PPL"}],"potential_duplicate":false,"potential_duplicate_ids":[],"township_assignment":"OSM乡界多边形空间归属；并非法定隶属核验","deduplication_note":null}},{"type":"Feature","id":"geonames-12561800","geometry":{"type":"Point","coordinates":[116.18439,29.38844]},"properties":{"id":"geonames-12561800","name":"城山村","township_name":"左里镇","source_url":"https://www.geonames.org/12561800/","source_id":"12561800","source_type":"geonames","source_updated_at":"2023-09-07","retrieved_at":"2026-09-27T04:01:28.254836+00:00","coordinate_source":"GeoNames PPL 聚落地名点（WGS84；可能为旧位置或近似中心）","coordinate_precision":"approximate","settlement_level":"unknown","kind":"settlement","verification_status":"publicly_listed","population":null,"elderly_ratio":null,"aliases":["Chengshancun","cheng shan cun"],"sources":[{"id":"geonames-12561800","source_id":"12561800","source_type":"geonames","name":"城山村","url":"https://www.geonames.org/12561800/","license":"CC BY 4.0; GeoNames","source_updated_at":"2023-09-07","retrieved_at":"2026-09-27T04:01:28.254836+00:00","coordinate_source":"GeoNames PPL 聚落地名点（WGS84；可能为旧位置或近似中心）","coordinate_precision":"approximate","coordinates":[116.18439,29.38844],"source_feature_type":"PPL"}],"potential_duplicate":false,"potential_duplicate_ids":[],"township_assignment":"OSM乡界多边形空间归属；并非法定隶属核验","deduplication_note":null}},{"type":"Feature","id":"geonames-7636211","geometry":{"type":"Point","coordinates":[116.16354,29.37077]},"properties":{"id":"geonames-7636211","name":"应家","township_name":"左里镇","source_url":"https://www.geonames.org/7636211/","source_id":"7636211","source_type":"geonames","source_updated_at":"2021-09-20","retrieved_at":"2026-09-27T04:01:28.254836+00:00","coordinate_source":"GeoNames PPL 聚落地名点（WGS84；可能为旧位置或近似中心）","coordinate_precision":"approximate","settlement_level":"unknown","kind":"settlement","verification_status":"publicly_listed","population":null,"elderly_ratio":null,"aliases":["Yingjia","ying jia"],"sources":[{"id":"geonames-7636211","source_id":"7636211","source_type":"geonames","name":"应家","url":"https://www.geonames.org/7636211/","license":"CC BY 4.0; GeoNames","source_updated_at":"2021-09-20","retrieved_at":"2026-09-27T04:01:28.254836+00:00","coordinate_source":"GeoNames PPL 聚落地名点（WGS84；可能为旧位置或近似中心）","coordinate_precision":"approximate","coordinates":[116.16354,29.37077],"source_feature_type":"PPL"}],"potential_duplicate":false,"potential_duplicate_ids":[],"township_assignment":"OSM乡界多边形空间归属；并非法定隶属核验","deduplication_note":null}},{"type":"Feature","id":"geonames-7635889","geometry":{"type":"Point","coordinates":[116.21335,29.41443]},"properties":{"id":"geonames-7635889","name":"张家湖","township_name":"左里镇","source_url":"https://www.geonames.org/7635889/","source_id":"7635889","source_type":"geonames","source_updated_at":"2023-09-06","retrieved_at":"2026-09-27T04:01:28.254836+00:00","coordinate_source":"GeoNames PPL 聚落地名点（WGS84；可能为旧位置或近似中心）","coordinate_precision":"approximate","settlement_level":"unknown","kind":"settlement","verification_status":"publicly_listed","population":null,"elderly_ratio":null,"aliases":["Zhangjiahu","zhang jia hu"],"sources":[{"id":"geonames-7635889","source_id":"7635889","source_type":"geonames","name":"张家湖","url":"https://www.geonames.org/7635889/","license":"CC BY 4.0; GeoNames","source_updated_at":"2023-09-06","retrieved_at":"2026-09-27T04:01:28.254836+00:00","coordinate_source":"GeoNames PPL 聚落地名点（WGS84；可能为旧位置或近似中心）","coordinate_precision":"approximate","coordinates":[116.21335,29.41443],"source_feature_type":"PPL"}],"potential_duplicate":false,"potential_duplicate_ids":[],"township_assignment":"OSM乡界多边形空间归属；并非法定隶属核验","deduplication_note":null}},{"type":"Feature","id":"geonames-12561841","geometry":{"type":"Point","coordinates":[116.20814,29.41063]},"properties":{"id":"geonames-12561841","name":"新湖村","township_name":"左里镇","source_url":"https://www.geonames.org/12561841/","source_id":"12561841","source_type":"geonames","source_updated_at":"2023-09-07","retrieved_at":"2026-09-27T04:01:28.254836+00:00","coordinate_source":"GeoNames PPL 聚落地名点（WGS84；可能为旧位置或近似中心）","coordinate_precision":"approximate","settlement_level":"unknown","kind":"settlement","verification_status":"publicly_listed","population":null,"elderly_ratio":null,"aliases":["Xinhucun","xin hu cun"],"sources":[{"id":"geonames-12561841","source_id":"12561841","source_type":"geonames","name":"新湖村","url":"https://www.geonames.org/12561841/","license":"CC BY 4.0; GeoNames","source_updated_at":"2023-09-07","retrieved_at":"2026-09-27T04:01:28.254836+00:00","coordinate_source":"GeoNames PPL 聚落地名点（WGS84；可能为旧位置或近似中心）","coordinate_precision":"approximate","coordinates":[116.20814,29.41063],"source_feature_type":"PPL"}],"potential_duplicate":false,"potential_duplicate_ids":[],"township_assignment":"OSM乡界多边形空间归属；并非法定隶属核验","deduplication_note":null}},{"type":"Feature","id":"osm-node-8951845073","geometry":{"type":"Point","coordinates":[116.1669485,29.4255564]},"properties":{"id":"osm-node-8951845073","name":"新溪","township_name":"左里镇","source_url":"https://www.openstreetmap.org/node/8951845073","source_id":"8951845073","source_type":"osm","source_updated_at":"2021-07-26T16:34:47Z","retrieved_at":"2026-09-27T04:06:23.342197+00:00","coordinate_source":"OpenStreetMap 原始聚落节点（WGS84）","coordinate_precision":"mapped_point","settlement_level":"unknown","kind":"settlement","verification_status":"publicly_listed","population":null,"elderly_ratio":null,"aliases":["Xinxi","Xinxicun","xin xi","xin xi cun","新溪村"],"sources":[{"id":"osm-node-8951845073","source_id":"8951845073","source_type":"osm","name":"新溪","url":"https://www.openstreetmap.org/node/8951845073","license":"ODbL 1.0; © OpenStreetMap contributors","source_updated_at":"2021-07-26T16:34:47Z","retrieved_at":"2026-09-27T04:06:23.342197+00:00","coordinate_source":"OpenStreetMap 原始聚落节点（WGS84）","coordinate_precision":"mapped_point","coordinates":[116.1669485,29.4255564],"source_feature_type":"village"},{"id":"geonames-7636499","source_id":"7636499","source_type":"geonames","name":"新溪村","url":"https://www.geonames.org/7636499/","license":"CC BY 4.0; GeoNames","source_updated_at":"2023-09-06","retrieved_at":"2026-09-27T04:01:28.254836+00:00","coordinate_source":"GeoNames PPL 聚落地名点（WGS84；可能为旧位置或近似中心）","coordinate_precision":"approximate","coordinates":[116.16723,29.42568],"source_feature_type":"PPL"}],"potential_duplicate":false,"potential_duplicate_ids":[],"township_assignment":"OSM乡界多边形空间归属；并非法定隶属核验","deduplication_note":"同乡同名/别名且簇内两两相距不超过150米合并；优先OSM原始点"}},{"type":"Feature","id":"geonames-12561750","geometry":{"type":"Point","coordinates":[116.18172,29.40351]},"properties":{"id":"geonames-12561750","name":"旧山村","township_name":"左里镇","source_url":"https://www.geonames.org/12561750/","source_id":"12561750","source_type":"geonames","source_updated_at":"2023-09-07","retrieved_at":"2026-09-27T04:01:28.254836+00:00","coordinate_source":"GeoNames PPL 聚落地名点（WGS84；可能为旧位置或近似中心）","coordinate_precision":"approximate","settlement_level":"unknown","kind":"settlement","verification_status":"publicly_listed","population":null,"elderly_ratio":null,"aliases":["Jiushancun","jiu shan cun"],"sources":[{"id":"geonames-12561750","source_id":"12561750","source_type":"geonames","name":"旧山村","url":"https://www.geonames.org/12561750/","license":"CC BY 4.0; GeoNames","source_updated_at":"2023-09-07","retrieved_at":"2026-09-27T04:01:28.254836+00:00","coordinate_source":"GeoNames PPL 聚落地名点（WGS84；可能为旧位置或近似中心）","coordinate_precision":"approximate","coordinates":[116.18172,29.40351],"source_feature_type":"PPL"}],"potential_duplicate":false,"potential_duplicate_ids":[],"township_assignment":"OSM乡界多边形空间归属；并非法定隶属核验","deduplication_note":null}},{"type":"Feature","id":"geonames-12561759","geometry":{"type":"Point","coordinates":[116.20995,29.4285]},"properties":{"id":"geonames-12561759","name":"林山村","township_name":"左里镇","source_url":"https://www.geonames.org/12561759/","source_id":"12561759","source_type":"geonames","source_updated_at":"2023-09-07","retrieved_at":"2026-09-27T04:01:28.254836+00:00","coordinate_source":"GeoNames PPL 聚落地名点（WGS84；可能为旧位置或近似中心）","coordinate_precision":"approximate","settlement_level":"unknown","kind":"settlement","verification_status":"publicly_listed","population":null,"elderly_ratio":null,"aliases":["Linshancun","lin shan cun"],"sources":[{"id":"geonames-12561759","source_id":"12561759","source_type":"geonames","name":"林山村","url":"https://www.geonames.org/12561759/","license":"CC BY 4.0; GeoNames","source_updated_at":"2023-09-07","retrieved_at":"2026-09-27T04:01:28.254836+00:00","coordinate_source":"GeoNames PPL 聚落地名点（WGS84；可能为旧位置或近似中心）","coordinate_precision":"approximate","coordinates":[116.20995,29.4285],"source_feature_type":"PPL"}],"potential_duplicate":false,"potential_duplicate_ids":[],"township_assignment":"OSM乡界多边形空间归属；并非法定隶属核验","deduplication_note":null}},{"type":"Feature","id":"geonames-12561883","geometry":{"type":"Point","coordinates":[116.16566,29.38264]},"properties":{"id":"geonames-12561883","name":"永华村","township_name":"左里镇","source_url":"https://www.geonames.org/12561883/","source_id":"12561883","source_type":"geonames","source_updated_at":"2023-09-07","retrieved_at":"2026-09-27T04:01:28.254836+00:00","coordinate_source":"GeoNames PPL 聚落地名点（WGS84；可能为旧位置或近似中心）","coordinate_precision":"approximate","settlement_level":"unknown","kind":"settlement","verification_status":"publicly_listed","population":null,"elderly_ratio":null,"aliases":["Yonghuacun","yong hua cun"],"sources":[{"id":"geonames-12561883","source_id":"12561883","source_type":"geonames","name":"永华村","url":"https://www.geonames.org/12561883/","license":"CC BY 4.0; GeoNames","source_updated_at":"2023-09-07","retrieved_at":"2026-09-27T04:01:28.254836+00:00","coordinate_source":"GeoNames PPL 聚落地名点（WGS84；可能为旧位置或近似中心）","coordinate_precision":"approximate","coordinates":[116.16566,29.38264],"source_feature_type":"PPL"}],"potential_duplicate":false,"potential_duplicate_ids":[],"township_assignment":"OSM乡界多边形空间归属；并非法定隶属核验","deduplication_note":null}},{"type":"Feature","id":"geonames-7635887","geometry":{"type":"Point","coordinates":[116.1757,29.39062]},"properties":{"id":"geonames-7635887","name":"江家湾","township_name":"左里镇","source_url":"https://www.geonames.org/7635887/","source_id":"7635887","source_type":"geonames","source_updated_at":"2023-09-06","retrieved_at":"2026-09-27T04:01:28.254836+00:00","coordinate_source":"GeoNames PPL 聚落地名点（WGS84；可能为旧位置或近似中心）","coordinate_precision":"approximate","settlement_level":"unknown","kind":"settlement","verification_status":"publicly_listed","population":null,"elderly_ratio":null,"aliases":["Jiangjiawan","jiang jia wan"],"sources":[{"id":"geonames-7635887","source_id":"7635887","source_type":"geonames","name":"江家湾","url":"https://www.geonames.org/7635887/","license":"CC BY 4.0; GeoNames","source_updated_at":"2023-09-06","retrieved_at":"2026-09-27T04:01:28.254836+00:00","coordinate_source":"GeoNames PPL 聚落地名点（WGS84；可能为旧位置或近似中心）","coordinate_precision":"approximate","coordinates":[116.1757,29.39062],"source_feature_type":"PPL"}],"potential_duplicate":false,"potential_duplicate_ids":[],"township_assignment":"OSM乡界多边形空间归属；并非法定隶属核验","deduplication_note":null}},{"type":"Feature","id":"osm-node-8951845064","geometry":{"type":"Point","coordinates":[116.17871,29.441789]},"properties":{"id":"osm-node-8951845064","name":"清辉","township_name":"左里镇","source_url":"https://www.openstreetmap.org/node/8951845064","source_id":"8951845064","source_type":"osm","source_updated_at":"2021-07-26T16:34:47Z","retrieved_at":"2026-09-27T04:06:23.342197+00:00","coordinate_source":"OpenStreetMap 原始聚落节点（WGS84）","coordinate_precision":"mapped_point","settlement_level":"unknown","kind":"settlement","verification_status":"publicly_listed","population":null,"elderly_ratio":null,"aliases":["Qinghui","Qinghuicun","qing hui","qing hui cun","清辉村"],"sources":[{"id":"osm-node-8951845064","source_id":"8951845064","source_type":"osm","name":"清辉","url":"https://www.openstreetmap.org/node/8951845064","license":"ODbL 1.0; © OpenStreetMap contributors","source_updated_at":"2021-07-26T16:34:47Z","retrieved_at":"2026-09-27T04:06:23.342197+00:00","coordinate_source":"OpenStreetMap 原始聚落节点（WGS84）","coordinate_precision":"mapped_point","coordinates":[116.17871,29.441789],"source_feature_type":"village"},{"id":"geonames-7635888","source_id":"7635888","source_type":"geonames","name":"清辉村","url":"https://www.geonames.org/7635888/","license":"CC BY 4.0; GeoNames","source_updated_at":"2023-09-06","retrieved_at":"2026-09-27T04:01:28.254836+00:00","coordinate_source":"GeoNames PPL 聚落地名点（WGS84；可能为旧位置或近似中心）","coordinate_precision":"approximate","coordinates":[116.17746,29.44185],"source_feature_type":"PPL"}],"potential_duplicate":false,"potential_duplicate_ids":[],"township_assignment":"OSM乡界多边形空间归属；并非法定隶属核验","deduplication_note":"同乡同名/别名且簇内两两相距不超过150米合并；优先OSM原始点"}},{"type":"Feature","id":"geonames-12561758","geometry":{"type":"Point","coordinates":[116.23172,29.432]},"properties":{"id":"geonames-12561758","name":"源树村","township_name":"左里镇","source_url":"https://www.geonames.org/12561758/","source_id":"12561758","source_type":"geonames","source_updated_at":"2023-09-07","retrieved_at":"2026-09-27T04:01:28.254836+00:00","coordinate_source":"GeoNames PPL 聚落地名点（WGS84；可能为旧位置或近似中心）","coordinate_precision":"approximate","settlement_level":"unknown","kind":"settlement","verification_status":"publicly_listed","population":null,"elderly_ratio":null,"aliases":["Yuanshucun","yuan shu cun"],"sources":[{"id":"geonames-12561758","source_id":"12561758","source_type":"geonames","name":"源树村","url":"https://www.geonames.org/12561758/","license":"CC BY 4.0; GeoNames","source_updated_at":"2023-09-07","retrieved_at":"2026-09-27T04:01:28.254836+00:00","coordinate_source":"GeoNames PPL 聚落地名点（WGS84；可能为旧位置或近似中心）","coordinate_precision":"approximate","coordinates":[116.23172,29.432],"source_feature_type":"PPL"}],"potential_duplicate":false,"potential_duplicate_ids":[],"township_assignment":"OSM乡界多边形空间归属；并非法定隶属核验","deduplication_note":null}},{"type":"Feature","id":"geonames-12561846","geometry":{"type":"Point","coordinates":[116.16739,29.43699]},"properties":{"id":"geonames-12561846","name":"白辉村","township_name":"左里镇","source_url":"https://www.geonames.org/12561846/","source_id":"12561846","source_type":"geonames","source_updated_at":"2023-09-07","retrieved_at":"2026-09-27T04:01:28.254836+00:00","coordinate_source":"GeoNames PPL 聚落地名点（WGS84；可能为旧位置或近似中心）","coordinate_precision":"approximate","settlement_level":"unknown","kind":"settlement","verification_status":"publicly_listed","population":null,"elderly_ratio":null,"aliases":["Baihuicun","bai hui cun"],"sources":[{"id":"geonames-12561846","source_id":"12561846","source_type":"geonames","name":"白辉村","url":"https://www.geonames.org/12561846/","license":"CC BY 4.0; GeoNames","source_updated_at":"2023-09-07","retrieved_at":"2026-09-27T04:01:28.254836+00:00","coordinate_source":"GeoNames PPL 聚落地名点（WGS84；可能为旧位置或近似中心）","coordinate_precision":"approximate","coordinates":[116.16739,29.43699],"source_feature_type":"PPL"}],"potential_duplicate":false,"potential_duplicate_ids":[],"township_assignment":"OSM乡界多边形空间归属；并非法定隶属核验","deduplication_note":null}},{"type":"Feature","id":"geonames-7636696","geometry":{"type":"Point","coordinates":[116.2759,29.46104]},"properties":{"id":"geonames-7636696","name":"云步村","township_name":"徐埠镇","source_url":"https://www.geonames.org/7636696/","source_id":"7636696","source_type":"geonames","source_updated_at":"2023-09-06","retrieved_at":"2026-09-27T04:01:28.254836+00:00","coordinate_source":"GeoNames PPL 聚落地名点（WGS84；可能为旧位置或近似中心）","coordinate_precision":"approximate","settlement_level":"unknown","kind":"settlement","verification_status":"publicly_listed","population":null,"elderly_ratio":null,"aliases":["Yunbu","Yunbucun","yun bu","yun bu cun","云步"],"sources":[{"id":"geonames-7636696","source_id":"7636696","source_type":"geonames","name":"云步村","url":"https://www.geonames.org/7636696/","license":"CC BY 4.0; GeoNames","source_updated_at":"2023-09-06","retrieved_at":"2026-09-27T04:01:28.254836+00:00","coordinate_source":"GeoNames PPL 聚落地名点（WGS84；可能为旧位置或近似中心）","coordinate_precision":"approximate","coordinates":[116.2759,29.46104],"source_feature_type":"PPL"}],"potential_duplicate":false,"potential_duplicate_ids":[],"township_assignment":"OSM乡界多边形空间归属；并非法定隶属核验","deduplication_note":null}},{"type":"Feature","id":"geonames-7636542","geometry":{"type":"Point","coordinates":[116.33017,29.44597]},"properties":{"id":"geonames-7636542","name":"合力村","township_name":"徐埠镇","source_url":"https://www.geonames.org/7636542/","source_id":"7636542","source_type":"geonames","source_updated_at":"2023-09-06","retrieved_at":"2026-09-27T04:01:28.254836+00:00","coordinate_source":"GeoNames PPL 聚落地名点（WGS84；可能为旧位置或近似中心）","coordinate_precision":"approximate","settlement_level":"unknown","kind":"settlement","verification_status":"publicly_listed","population":null,"elderly_ratio":null,"aliases":["Heli","Helicun","he li","he li cun","合力"],"sources":[{"id":"geonames-7636542","source_id":"7636542","source_type":"geonames","name":"合力村","url":"https://www.geonames.org/7636542/","license":"CC BY 4.0; GeoNames","source_updated_at":"2023-09-06","retrieved_at":"2026-09-27T04:01:28.254836+00:00","coordinate_source":"GeoNames PPL 聚落地名点（WGS84；可能为旧位置或近似中心）","coordinate_precision":"approximate","coordinates":[116.33017,29.44597],"source_feature_type":"PPL"}],"potential_duplicate":false,"potential_duplicate_ids":[],"township_assignment":"OSM乡界多边形空间归属；并非法定隶属核验","deduplication_note":null}},{"type":"Feature","id":"geonames-7635891","geometry":{"type":"Point","coordinates":[116.29081,29.45122]},"properties":{"id":"geonames-7635891","name":"向家咀","township_name":"徐埠镇","source_url":"https://www.geonames.org/7635891/","source_id":"7635891","source_type":"geonames","source_updated_at":"2021-09-20","retrieved_at":"2026-09-27T04:01:28.254836+00:00","coordinate_source":"GeoNames PPL 聚落地名点（WGS84；可能为旧位置或近似中心）","coordinate_precision":"approximate","settlement_level":"unknown","kind":"settlement","verification_status":"publicly_listed","population":null,"elderly_ratio":null,"aliases":["Xiangjiazui","xiang jia ju"],"sources":[{"id":"geonames-7635891","source_id":"7635891","source_type":"geonames","name":"向家咀","url":"https://www.geonames.org/7635891/","license":"CC BY 4.0; GeoNames","source_updated_at":"2021-09-20","retrieved_at":"2026-09-27T04:01:28.254836+00:00","coordinate_source":"GeoNames PPL 聚落地名点（WGS84；可能为旧位置或近似中心）","coordinate_precision":"approximate","coordinates":[116.29081,29.45122],"source_feature_type":"PPL"}],"potential_duplicate":false,"potential_duplicate_ids":[],"township_assignment":"OSM乡界多边形空间归属；并非法定隶属核验","deduplication_note":null}},{"type":"Feature","id":"geonames-7636036","geometry":{"type":"Point","coordinates":[116.28039,29.42357]},"properties":{"id":"geonames-7636036","name":"坪背脑","township_name":"徐埠镇","source_url":"https://www.geonames.org/7636036/","source_id":"7636036","source_type":"geonames","source_updated_at":"2021-09-20","retrieved_at":"2026-09-27T04:01:28.254836+00:00","coordinate_source":"GeoNames PPL 聚落地名点（WGS84；可能为旧位置或近似中心）","coordinate_precision":"approximate","settlement_level":"unknown","kind":"settlement","verification_status":"publicly_listed","population":null,"elderly_ratio":null,"aliases":["Pingbeinao","ping bei nao"],"sources":[{"id":"geonames-7636036","source_id":"7636036","source_type":"geonames","name":"坪背脑","url":"https://www.geonames.org/7636036/","license":"CC BY 4.0; GeoNames","source_updated_at":"2021-09-20","retrieved_at":"2026-09-27T04:01:28.254836+00:00","coordinate_source":"GeoNames PPL 聚落地名点（WGS84；可能为旧位置或近似中心）","coordinate_precision":"approximate","coordinates":[116.28039,29.42357],"source_feature_type":"PPL"}],"potential_duplicate":false,"potential_duplicate_ids":[],"township_assignment":"OSM乡界多边形空间归属；并非法定隶属核验","deduplication_note":null}},{"type":"Feature","id":"geonames-12561869","geometry":{"type":"Point","coordinates":[116.28179,29.46883]},"properties":{"id":"geonames-12561869","name":"子云村","township_name":"徐埠镇","source_url":"https://www.geonames.org/12561869/","source_id":"12561869","source_type":"geonames","source_updated_at":"2023-09-07","retrieved_at":"2026-09-27T04:01:28.254836+00:00","coordinate_source":"GeoNames PPL 聚落地名点（WGS84；可能为旧位置或近似中心）","coordinate_precision":"approximate","settlement_level":"unknown","kind":"settlement","verification_status":"publicly_listed","population":null,"elderly_ratio":null,"aliases":["Ziyuncun","zi yun cun"],"sources":[{"id":"geonames-12561869","source_id":"12561869","source_type":"geonames","name":"子云村","url":"https://www.geonames.org/12561869/","license":"CC BY 4.0; GeoNames","source_updated_at":"2023-09-07","retrieved_at":"2026-09-27T04:01:28.254836+00:00","coordinate_source":"GeoNames PPL 聚落地名点（WGS84；可能为旧位置或近似中心）","coordinate_precision":"approximate","coordinates":[116.28179,29.46883],"source_feature_type":"PPL"}],"potential_duplicate":false,"potential_duplicate_ids":[],"township_assignment":"OSM乡界多边形空间归属；并非法定隶属核验","deduplication_note":null}},{"type":"Feature","id":"geonames-12561895","geometry":{"type":"Point","coordinates":[116.32151,29.45701]},"properties":{"id":"geonames-12561895","name":"山峰村","township_name":"徐埠镇","source_url":"https://www.geonames.org/12561895/","source_id":"12561895","source_type":"geonames","source_updated_at":"2023-09-07","retrieved_at":"2026-09-27T04:01:28.254836+00:00","coordinate_source":"GeoNames PPL 聚落地名点（WGS84；可能为旧位置或近似中心）","coordinate_precision":"approximate","settlement_level":"unknown","kind":"settlement","verification_status":"publicly_listed","population":null,"elderly_ratio":null,"aliases":["Shanfengcun","shan feng cun"],"sources":[{"id":"geonames-12561895","source_id":"12561895","source_type":"geonames","name":"山峰村","url":"https://www.geonames.org/12561895/","license":"CC BY 4.0; GeoNames","source_updated_at":"2023-09-07","retrieved_at":"2026-09-27T04:01:28.254836+00:00","coordinate_source":"GeoNames PPL 聚落地名点（WGS84；可能为旧位置或近似中心）","coordinate_precision":"approximate","coordinates":[116.32151,29.45701],"source_feature_type":"PPL"}],"potential_duplicate":false,"potential_duplicate_ids":[],"township_assignment":"OSM乡界多边形空间归属；并非法定隶属核验","deduplication_note":null}},{"type":"Feature","id":"geonames-12561896","geometry":{"type":"Point","coordinates":[116.29624,29.45427]},"properties":{"id":"geonames-12561896","name":"平塘村","township_name":"徐埠镇","source_url":"https://www.geonames.org/12561896/","source_id":"12561896","source_type":"geonames","source_updated_at":"2023-09-07","retrieved_at":"2026-09-27T04:01:28.254836+00:00","coordinate_source":"GeoNames PPL 聚落地名点（WGS84；可能为旧位置或近似中心）","coordinate_precision":"approximate","settlement_level":"unknown","kind":"settlement","verification_status":"publicly_listed","population":null,"elderly_ratio":null,"aliases":["Pingtangcun","ping tang cun"],"sources":[{"id":"geonames-12561896","source_id":"12561896","source_type":"geonames","name":"平塘村","url":"https://www.geonames.org/12561896/","license":"CC BY 4.0; GeoNames","source_updated_at":"2023-09-07","retrieved_at":"2026-09-27T04:01:28.254836+00:00","coordinate_source":"GeoNames PPL 聚落地名点（WGS84；可能为旧位置或近似中心）","coordinate_precision":"approximate","coordinates":[116.29624,29.45427],"source_feature_type":"PPL"}],"potential_duplicate":false,"potential_duplicate_ids":[],"township_assignment":"OSM乡界多边形空间归属；并非法定隶属核验","deduplication_note":null}},{"type":"Feature","id":"geonames-12561807","geometry":{"type":"Point","coordinates":[116.2943,29.42579]},"properties":{"id":"geonames-12561807","name":"杨岭村","township_name":"徐埠镇","source_url":"https://www.geonames.org/12561807/","source_id":"12561807","source_type":"geonames","source_updated_at":"2023-09-07","retrieved_at":"2026-09-27T04:01:28.254836+00:00","coordinate_source":"GeoNames PPL 聚落地名点（WGS84；可能为旧位置或近似中心）","coordinate_precision":"approximate","settlement_level":"unknown","kind":"settlement","verification_status":"publicly_listed","population":null,"elderly_ratio":null,"aliases":["Yanglingcun","yang ling cun"],"sources":[{"id":"geonames-12561807","source_id":"12561807","source_type":"geonames","name":"杨岭村","url":"https://www.geonames.org/12561807/","license":"CC BY 4.0; GeoNames","source_updated_at":"2023-09-07","retrieved_at":"2026-09-27T04:01:28.254836+00:00","coordinate_source":"GeoNames PPL 聚落地名点（WGS84；可能为旧位置或近似中心）","coordinate_precision":"approximate","coordinates":[116.2943,29.42579],"source_feature_type":"PPL"}],"potential_duplicate":false,"potential_duplicate_ids":[],"township_assignment":"OSM乡界多边形空间归属；并非法定隶属核验","deduplication_note":null}},{"type":"Feature","id":"geonames-7636212","geometry":{"type":"Point","coordinates":[116.2612,29.43233]},"properties":{"id":"geonames-7636212","name":"港下","township_name":"徐埠镇","source_url":"https://www.geonames.org/7636212/","source_id":"7636212","source_type":"geonames","source_updated_at":"2021-09-20","retrieved_at":"2026-09-27T04:01:28.254836+00:00","coordinate_source":"GeoNames PPL 聚落地名点（WGS84；可能为旧位置或近似中心）","coordinate_precision":"approximate","settlement_level":"unknown","kind":"settlement","verification_status":"publicly_listed","population":null,"elderly_ratio":null,"aliases":["Gangxia","gang xia"],"sources":[{"id":"geonames-7636212","source_id":"7636212","source_type":"geonames","name":"港下","url":"https://www.geonames.org/7636212/","license":"CC BY 4.0; GeoNames","source_updated_at":"2021-09-20","retrieved_at":"2026-09-27T04:01:28.254836+00:00","coordinate_source":"GeoNames PPL 聚落地名点（WGS84；可能为旧位置或近似中心）","coordinate_precision":"approximate","coordinates":[116.2612,29.43233],"source_feature_type":"PPL"}],"potential_duplicate":false,"potential_duplicate_ids":[],"township_assignment":"OSM乡界多边形空间归属；并非法定隶属核验","deduplication_note":null}},{"type":"Feature","id":"geonames-12561760","geometry":{"type":"Point","coordinates":[116.3041,29.44962]},"properties":{"id":"geonames-12561760","name":"港南村","township_name":"徐埠镇","source_url":"https://www.geonames.org/12561760/","source_id":"12561760","source_type":"geonames","source_updated_at":"2023-09-07","retrieved_at":"2026-09-27T04:01:28.254836+00:00","coordinate_source":"GeoNames PPL 聚落地名点（WGS84；可能为旧位置或近似中心）","coordinate_precision":"approximate","settlement_level":"unknown","kind":"settlement","verification_status":"publicly_listed","population":null,"elderly_ratio":null,"aliases":["Gangnancun","gang nan cun"],"sources":[{"id":"geonames-12561760","source_id":"12561760","source_type":"geonames","name":"港南村","url":"https://www.geonames.org/12561760/","license":"CC BY 4.0; GeoNames","source_updated_at":"2023-09-07","retrieved_at":"2026-09-27T04:01:28.254836+00:00","coordinate_source":"GeoNames PPL 聚落地名点（WGS84；可能为旧位置或近似中心）","coordinate_precision":"approximate","coordinates":[116.3041,29.44962],"source_feature_type":"PPL"}],"potential_duplicate":false,"potential_duplicate_ids":[],"township_assignment":"OSM乡界多边形空间归属；并非法定隶属核验","deduplication_note":null}},{"type":"Feature","id":"geonames-7636111","geometry":{"type":"Point","coordinates":[116.32603,29.47647]},"properties":{"id":"geonames-7636111","name":"王家","township_name":"徐埠镇","source_url":"https://www.geonames.org/7636111/","source_id":"7636111","source_type":"geonames","source_updated_at":"2021-09-20","retrieved_at":"2026-09-27T04:01:28.254836+00:00","coordinate_source":"GeoNames PPL 聚落地名点（WGS84；可能为旧位置或近似中心）","coordinate_precision":"approximate","settlement_level":"unknown","kind":"settlement","verification_status":"publicly_listed","population":null,"elderly_ratio":null,"aliases":["Wangjia","wang jia"],"sources":[{"id":"geonames-7636111","source_id":"7636111","source_type":"geonames","name":"王家","url":"https://www.geonames.org/7636111/","license":"CC BY 4.0; GeoNames","source_updated_at":"2021-09-20","retrieved_at":"2026-09-27T04:01:28.254836+00:00","coordinate_source":"GeoNames PPL 聚落地名点（WGS84；可能为旧位置或近似中心）","coordinate_precision":"approximate","coordinates":[116.32603,29.47647],"source_feature_type":"PPL"}],"potential_duplicate":false,"potential_duplicate_ids":[],"township_assignment":"OSM乡界多边形空间归属；并非法定隶属核验","deduplication_note":null}},{"type":"Feature","id":"geonames-12561886","geometry":{"type":"Point","coordinates":[116.33056,29.41538]},"properties":{"id":"geonames-12561886","name":"白果村","township_name":"徐埠镇","source_url":"https://www.geonames.org/12561886/","source_id":"12561886","source_type":"geonames","source_updated_at":"2023-09-07","retrieved_at":"2026-09-27T04:01:28.254836+00:00","coordinate_source":"GeoNames PPL 聚落地名点（WGS84；可能为旧位置或近似中心）","coordinate_precision":"approximate","settlement_level":"unknown","kind":"settlement","verification_status":"publicly_listed","population":null,"elderly_ratio":null,"aliases":["Baiguocun","bai guo cun"],"sources":[{"id":"geonames-12561886","source_id":"12561886","source_type":"geonames","name":"白果村","url":"https://www.geonames.org/12561886/","license":"CC BY 4.0; GeoNames","source_updated_at":"2023-09-07","retrieved_at":"2026-09-27T04:01:28.254836+00:00","coordinate_source":"GeoNames PPL 聚落地名点（WGS84；可能为旧位置或近似中心）","coordinate_precision":"approximate","coordinates":[116.33056,29.41538],"source_feature_type":"PPL"}],"potential_duplicate":false,"potential_duplicate_ids":[],"township_assignment":"OSM乡界多边形空间归属；并非法定隶属核验","deduplication_note":null}},{"type":"Feature","id":"geonames-7636511","geometry":{"type":"Point","coordinates":[116.27788,29.47401]},"properties":{"id":"geonames-7636511","name":"细长垄","township_name":"徐埠镇","source_url":"https://www.geonames.org/7636511/","source_id":"7636511","source_type":"geonames","source_updated_at":"2023-09-06","retrieved_at":"2026-09-27T04:01:28.254836+00:00","coordinate_source":"GeoNames PPL 聚落地名点（WGS84；可能为旧位置或近似中心）","coordinate_precision":"approximate","settlement_level":"unknown","kind":"settlement","verification_status":"publicly_listed","population":null,"elderly_ratio":null,"aliases":["Xichanglong","xi zhang long"],"sources":[{"id":"geonames-7636511","source_id":"7636511","source_type":"geonames","name":"细长垄","url":"https://www.geonames.org/7636511/","license":"CC BY 4.0; GeoNames","source_updated_at":"2023-09-06","retrieved_at":"2026-09-27T04:01:28.254836+00:00","coordinate_source":"GeoNames PPL 聚落地名点（WGS84；可能为旧位置或近似中心）","coordinate_precision":"approximate","coordinates":[116.27788,29.47401],"source_feature_type":"PPL"}],"potential_duplicate":false,"potential_duplicate_ids":[],"township_assignment":"OSM乡界多边形空间归属；并非法定隶属核验","deduplication_note":null}},{"type":"Feature","id":"geonames-7636392","geometry":{"type":"Point","coordinates":[116.2722,29.4446]},"properties":{"id":"geonames-7636392","name":"老屋场","township_name":"徐埠镇","source_url":"https://www.geonames.org/7636392/","source_id":"7636392","source_type":"geonames","source_updated_at":"2023-09-06","retrieved_at":"2026-09-27T04:01:28.254836+00:00","coordinate_source":"GeoNames PPL 聚落地名点（WGS84；可能为旧位置或近似中心）","coordinate_precision":"approximate","settlement_level":"unknown","kind":"settlement","verification_status":"publicly_listed","population":null,"elderly_ratio":null,"aliases":["Laowuchang","lao wu chang"],"sources":[{"id":"geonames-7636392","source_id":"7636392","source_type":"geonames","name":"老屋场","url":"https://www.geonames.org/7636392/","license":"CC BY 4.0; GeoNames","source_updated_at":"2023-09-06","retrieved_at":"2026-09-27T04:01:28.254836+00:00","coordinate_source":"GeoNames PPL 聚落地名点（WGS84；可能为旧位置或近似中心）","coordinate_precision":"approximate","coordinates":[116.2722,29.4446],"source_feature_type":"PPL"}],"potential_duplicate":false,"potential_duplicate_ids":[],"township_assignment":"OSM乡界多边形空间归属；并非法定隶属核验","deduplication_note":null}},{"type":"Feature","id":"geonames-12561814","geometry":{"type":"Point","coordinates":[116.33598,29.51383]},"properties":{"id":"geonames-12561814","name":"苍山村","township_name":"徐埠镇","source_url":"https://www.geonames.org/12561814/","source_id":"12561814","source_type":"geonames","source_updated_at":"2023-09-07","retrieved_at":"2026-09-27T04:01:28.254836+00:00","coordinate_source":"GeoNames PPL 聚落地名点（WGS84；可能为旧位置或近似中心）","coordinate_precision":"approximate","settlement_level":"unknown","kind":"settlement","verification_status":"publicly_listed","population":null,"elderly_ratio":null,"aliases":["Cangshancun","cang shan cun"],"sources":[{"id":"geonames-12561814","source_id":"12561814","source_type":"geonames","name":"苍山村","url":"https://www.geonames.org/12561814/","license":"CC BY 4.0; GeoNames","source_updated_at":"2023-09-07","retrieved_at":"2026-09-27T04:01:28.254836+00:00","coordinate_source":"GeoNames PPL 聚落地名点（WGS84；可能为旧位置或近似中心）","coordinate_precision":"approximate","coordinates":[116.33598,29.51383],"source_feature_type":"PPL"}],"potential_duplicate":false,"potential_duplicate_ids":[],"township_assignment":"OSM乡界多边形空间归属；并非法定隶属核验","deduplication_note":null}},{"type":"Feature","id":"geonames-12561806","geometry":{"type":"Point","coordinates":[116.28412,29.43239]},"properties":{"id":"geonames-12561806","name":"莲花村","township_name":"徐埠镇","source_url":"https://www.geonames.org/12561806/","source_id":"12561806","source_type":"geonames","source_updated_at":"2023-09-07","retrieved_at":"2026-09-27T04:01:28.254836+00:00","coordinate_source":"GeoNames PPL 聚落地名点（WGS84；可能为旧位置或近似中心）","coordinate_precision":"approximate","settlement_level":"unknown","kind":"settlement","verification_status":"publicly_listed","population":null,"elderly_ratio":null,"aliases":["Lianhuacun","lian hua cun"],"sources":[{"id":"geonames-12561806","source_id":"12561806","source_type":"geonames","name":"莲花村","url":"https://www.geonames.org/12561806/","license":"CC BY 4.0; GeoNames","source_updated_at":"2023-09-07","retrieved_at":"2026-09-27T04:01:28.254836+00:00","coordinate_source":"GeoNames PPL 聚落地名点（WGS84；可能为旧位置或近似中心）","coordinate_precision":"approximate","coordinates":[116.28412,29.43239],"source_feature_type":"PPL"}],"potential_duplicate":false,"potential_duplicate_ids":[],"township_assignment":"OSM乡界多边形空间归属；并非法定隶属核验","deduplication_note":null}},{"type":"Feature","id":"geonames-7635867","geometry":{"type":"Point","coordinates":[116.3399,29.46417]},"properties":{"id":"geonames-7635867","name":"袁康村","township_name":"徐埠镇","source_url":"https://www.geonames.org/7635867/","source_id":"7635867","source_type":"geonames","source_updated_at":"2023-09-06","retrieved_at":"2026-09-27T04:01:28.254836+00:00","coordinate_source":"GeoNames PPL 聚落地名点（WGS84；可能为旧位置或近似中心）","coordinate_precision":"approximate","settlement_level":"unknown","kind":"settlement","verification_status":"publicly_listed","population":null,"elderly_ratio":null,"aliases":["Yuankang","Yuankangcun","yuan kang","yuan kang cun","袁康"],"sources":[{"id":"geonames-7635867","source_id":"7635867","source_type":"geonames","name":"袁康村","url":"https://www.geonames.org/7635867/","license":"CC BY 4.0; GeoNames","source_updated_at":"2023-09-06","retrieved_at":"2026-09-27T04:01:28.254836+00:00","coordinate_source":"GeoNames PPL 聚落地名点（WGS84；可能为旧位置或近似中心）","coordinate_precision":"approximate","coordinates":[116.3399,29.46417],"source_feature_type":"PPL"}],"potential_duplicate":false,"potential_duplicate_ids":[],"township_assignment":"OSM乡界多边形空间归属；并非法定隶属核验","deduplication_note":null}},{"type":"Feature","id":"osm-node-8950305226","geometry":{"type":"Point","coordinates":[116.3415579,29.4248838]},"properties":{"id":"osm-node-8950305226","name":"长官舍","township_name":"徐埠镇","source_url":"https://www.openstreetmap.org/node/8950305226","source_id":"8950305226","source_type":"osm","source_updated_at":"2021-07-26T05:51:23Z","retrieved_at":"2026-09-27T04:06:23.342197+00:00","coordinate_source":"OpenStreetMap 原始聚落节点（WGS84）","coordinate_precision":"mapped_point","settlement_level":"unknown","kind":"settlement","verification_status":"publicly_listed","population":null,"elderly_ratio":null,"aliases":["Changguanshe","zhang guan she"],"sources":[{"id":"osm-node-8950305226","source_id":"8950305226","source_type":"osm","name":"长官舍","url":"https://www.openstreetmap.org/node/8950305226","license":"ODbL 1.0; © OpenStreetMap contributors","source_updated_at":"2021-07-26T05:51:23Z","retrieved_at":"2026-09-27T04:06:23.342197+00:00","coordinate_source":"OpenStreetMap 原始聚落节点（WGS84）","coordinate_precision":"mapped_point","coordinates":[116.3415579,29.4248838],"source_feature_type":"village"},{"id":"geonames-7635892","source_id":"7635892","source_type":"geonames","name":"长官舍","url":"https://www.geonames.org/7635892/","license":"CC BY 4.0; GeoNames","source_updated_at":"2023-09-06","retrieved_at":"2026-09-27T04:01:28.254836+00:00","coordinate_source":"GeoNames PPL 聚落地名点（WGS84；可能为旧位置或近似中心）","coordinate_precision":"approximate","coordinates":[116.34153,29.42464],"source_feature_type":"PPL"}],"potential_duplicate":false,"potential_duplicate_ids":[],"township_assignment":"OSM乡界多边形空间归属；并非法定隶属核验","deduplication_note":"同乡同名/别名且簇内两两相距不超过150米合并；优先OSM原始点"}},{"type":"Feature","id":"geonames-7636557","geometry":{"type":"Point","coordinates":[116.3294,29.40674]},"properties":{"id":"geonames-7636557","name":"陈符山","township_name":"徐埠镇","source_url":"https://www.geonames.org/7636557/","source_id":"7636557","source_type":"geonames","source_updated_at":"2023-09-06","retrieved_at":"2026-09-27T04:01:28.254836+00:00","coordinate_source":"GeoNames PPL 聚落地名点（WGS84；可能为旧位置或近似中心）","coordinate_precision":"approximate","settlement_level":"unknown","kind":"settlement","verification_status":"publicly_listed","population":null,"elderly_ratio":null,"aliases":["Chenfushan","chen fu shan"],"sources":[{"id":"geonames-7636557","source_id":"7636557","source_type":"geonames","name":"陈符山","url":"https://www.geonames.org/7636557/","license":"CC BY 4.0; GeoNames","source_updated_at":"2023-09-06","retrieved_at":"2026-09-27T04:01:28.254836+00:00","coordinate_source":"GeoNames PPL 聚落地名点（WGS84；可能为旧位置或近似中心）","coordinate_precision":"approximate","coordinates":[116.3294,29.40674],"source_feature_type":"PPL"}],"potential_duplicate":false,"potential_duplicate_ids":[],"township_assignment":"OSM乡界多边形空间归属；并非法定隶属核验","deduplication_note":null}},{"type":"Feature","id":"geonames-12561894","geometry":{"type":"Point","coordinates":[116.32828,29.47713]},"properties":{"id":"geonames-12561894","name":"韩田村","township_name":"徐埠镇","source_url":"https://www.geonames.org/12561894/","source_id":"12561894","source_type":"geonames","source_updated_at":"2023-09-07","retrieved_at":"2026-09-27T04:01:28.254836+00:00","coordinate_source":"GeoNames PPL 聚落地名点（WGS84；可能为旧位置或近似中心）","coordinate_precision":"approximate","settlement_level":"unknown","kind":"settlement","verification_status":"publicly_listed","population":null,"elderly_ratio":null,"aliases":["Hantiancun","han tian cun"],"sources":[{"id":"geonames-12561894","source_id":"12561894","source_type":"geonames","name":"韩田村","url":"https://www.geonames.org/12561894/","license":"CC BY 4.0; GeoNames","source_updated_at":"2023-09-07","retrieved_at":"2026-09-27T04:01:28.254836+00:00","coordinate_source":"GeoNames PPL 聚落地名点（WGS84；可能为旧位置或近似中心）","coordinate_precision":"approximate","coordinates":[116.32828,29.47713],"source_feature_type":"PPL"}],"potential_duplicate":false,"potential_duplicate_ids":[],"township_assignment":"OSM乡界多边形空间归属；并非法定隶属核验","deduplication_note":null}},{"type":"Feature","id":"geonames-7636268","geometry":{"type":"Point","coordinates":[116.32501,29.50594]},"properties":{"id":"geonames-7636268","name":"马矶村","township_name":"徐埠镇","source_url":"https://www.geonames.org/7636268/","source_id":"7636268","source_type":"geonames","source_updated_at":"2023-09-06","retrieved_at":"2026-09-27T04:01:28.254836+00:00","coordinate_source":"GeoNames PPL 聚落地名点（WGS84；可能为旧位置或近似中心）","coordinate_precision":"approximate","settlement_level":"unknown","kind":"settlement","verification_status":"publicly_listed","population":null,"elderly_ratio":null,"aliases":["Maji","Majicun","ma ji","ma ji cun","马矶"],"sources":[{"id":"geonames-7636268","source_id":"7636268","source_type":"geonames","name":"马矶村","url":"https://www.geonames.org/7636268/","license":"CC BY 4.0; GeoNames","source_updated_at":"2023-09-06","retrieved_at":"2026-09-27T04:01:28.254836+00:00","coordinate_source":"GeoNames PPL 聚落地名点（WGS84；可能为旧位置或近似中心）","coordinate_precision":"approximate","coordinates":[116.32501,29.50594],"source_feature_type":"PPL"}],"potential_duplicate":false,"potential_duplicate_ids":[],"township_assignment":"OSM乡界多边形空间归属；并非法定隶属核验","deduplication_note":null}},{"type":"Feature","id":"geonames-7636812","geometry":{"type":"Point","coordinates":[116.29478,29.46448]},"properties":{"id":"geonames-7636812","name":"高桥头边","township_name":"徐埠镇","source_url":"https://www.geonames.org/7636812/","source_id":"7636812","source_type":"geonames","source_updated_at":"2023-09-06","retrieved_at":"2026-09-27T04:01:28.254836+00:00","coordinate_source":"GeoNames PPL 聚落地名点（WGS84；可能为旧位置或近似中心）","coordinate_precision":"approximate","settlement_level":"unknown","kind":"settlement","verification_status":"publicly_listed","population":null,"elderly_ratio":null,"aliases":["Gaoqiao Toubian","gao qiao tou bian"],"sources":[{"id":"geonames-7636812","source_id":"7636812","source_type":"geonames","name":"高桥头边","url":"https://www.geonames.org/7636812/","license":"CC BY 4.0; GeoNames","source_updated_at":"2023-09-06","retrieved_at":"2026-09-27T04:01:28.254836+00:00","coordinate_source":"GeoNames PPL 聚落地名点（WGS84；可能为旧位置或近似中心）","coordinate_precision":"approximate","coordinates":[116.29478,29.46448],"source_feature_type":"PPL"}],"potential_duplicate":false,"potential_duplicate_ids":[],"township_assignment":"OSM乡界多边形空间归属；并非法定隶属核验","deduplication_note":null}},{"type":"Feature","id":"geonames-12561848","geometry":{"type":"Point","coordinates":[116.32887,29.42078]},"properties":{"id":"geonames-12561848","name":"高桥村","township_name":"徐埠镇","source_url":"https://www.geonames.org/12561848/","source_id":"12561848","source_type":"geonames","source_updated_at":"2023-09-07","retrieved_at":"2026-09-27T04:01:28.254836+00:00","coordinate_source":"GeoNames PPL 聚落地名点（WGS84；可能为旧位置或近似中心）","coordinate_precision":"approximate","settlement_level":"unknown","kind":"settlement","verification_status":"publicly_listed","population":null,"elderly_ratio":null,"aliases":["Gaoqiaocun","gao qiao cun"],"sources":[{"id":"geonames-12561848","source_id":"12561848","source_type":"geonames","name":"高桥村","url":"https://www.geonames.org/12561848/","license":"CC BY 4.0; GeoNames","source_updated_at":"2023-09-07","retrieved_at":"2026-09-27T04:01:28.254836+00:00","coordinate_source":"GeoNames PPL 聚落地名点（WGS84；可能为旧位置或近似中心）","coordinate_precision":"approximate","coordinates":[116.32887,29.42078],"source_feature_type":"PPL"}],"potential_duplicate":false,"potential_duplicate_ids":[],"township_assignment":"OSM乡界多边形空间归属；并非法定隶属核验","deduplication_note":null}},{"type":"Feature","id":"osm-node-8956503274","geometry":{"type":"Point","coordinates":[116.255525,29.496146]},"properties":{"id":"osm-node-8956503274","name":"云山","township_name":"春桥乡","source_url":"https://www.openstreetmap.org/node/8956503274","source_id":"8956503274","source_type":"osm","source_updated_at":"2021-07-28T08:55:55Z","retrieved_at":"2026-09-27T04:06:23.342197+00:00","coordinate_source":"OpenStreetMap 原始聚落节点（WGS84）","coordinate_precision":"mapped_point","settlement_level":"unknown","kind":"settlement","verification_status":"publicly_listed","population":null,"elderly_ratio":null,"aliases":["Yunshan"],"sources":[{"id":"osm-node-8956503274","source_id":"8956503274","source_type":"osm","name":"云山","url":"https://www.openstreetmap.org/node/8956503274","license":"ODbL 1.0; © OpenStreetMap contributors","source_updated_at":"2021-07-28T08:55:55Z","retrieved_at":"2026-09-27T04:06:23.342197+00:00","coordinate_source":"OpenStreetMap 原始聚落节点（WGS84）","coordinate_precision":"mapped_point","coordinates":[116.255525,29.496146],"source_feature_type":"village"}],"potential_duplicate":true,"potential_duplicate_ids":["geonames-7636464"],"township_assignment":"OSM乡界多边形空间归属；并非法定隶属核验","deduplication_note":null}},{"type":"Feature","id":"geonames-7636464","geometry":{"type":"Point","coordinates":[116.2566,29.49727]},"properties":{"id":"geonames-7636464","name":"云山村","township_name":"春桥乡","source_url":"https://www.geonames.org/7636464/","source_id":"7636464","source_type":"geonames","source_updated_at":"2023-09-06","retrieved_at":"2026-09-27T04:01:28.254836+00:00","coordinate_source":"GeoNames PPL 聚落地名点（WGS84；可能为旧位置或近似中心）","coordinate_precision":"approximate","settlement_level":"unknown","kind":"settlement","verification_status":"publicly_listed","population":null,"elderly_ratio":null,"aliases":["Yunshan","Yunshancun","yun shan","yun shan cun","云山"],"sources":[{"id":"geonames-7636464","source_id":"7636464","source_type":"geonames","name":"云山村","url":"https://www.geonames.org/7636464/","license":"CC BY 4.0; GeoNames","source_updated_at":"2023-09-06","retrieved_at":"2026-09-27T04:01:28.254836+00:00","coordinate_source":"GeoNames PPL 聚落地名点（WGS84；可能为旧位置或近似中心）","coordinate_precision":"approximate","coordinates":[116.2566,29.49727],"source_feature_type":"PPL"}],"potential_duplicate":true,"potential_duplicate_ids":["osm-node-8956503274"],"township_assignment":"OSM乡界多边形空间归属；并非法定隶属核验","deduplication_note":null}},{"type":"Feature","id":"geonames-7636681","geometry":{"type":"Point","coordinates":[116.30583,29.51782]},"properties":{"id":"geonames-7636681","name":"余蒲塘","township_name":"春桥乡","source_url":"https://www.geonames.org/7636681/","source_id":"7636681","source_type":"geonames","source_updated_at":"2023-09-06","retrieved_at":"2026-09-27T04:01:28.254836+00:00","coordinate_source":"GeoNames PPL 聚落地名点（WGS84；可能为旧位置或近似中心）","coordinate_precision":"approximate","settlement_level":"unknown","kind":"settlement","verification_status":"publicly_listed","population":null,"elderly_ratio":null,"aliases":["Yuputang","yu pu tang"],"sources":[{"id":"geonames-7636681","source_id":"7636681","source_type":"geonames","name":"余蒲塘","url":"https://www.geonames.org/7636681/","license":"CC BY 4.0; GeoNames","source_updated_at":"2023-09-06","retrieved_at":"2026-09-27T04:01:28.254836+00:00","coordinate_source":"GeoNames PPL 聚落地名点（WGS84；可能为旧位置或近似中心）","coordinate_precision":"approximate","coordinates":[116.30583,29.51782],"source_feature_type":"PPL"}],"potential_duplicate":false,"potential_duplicate_ids":[],"township_assignment":"OSM乡界多边形空间归属；并非法定隶属核验","deduplication_note":null}},{"type":"Feature","id":"geonames-12561855","geometry":{"type":"Point","coordinates":[116.28854,29.56168]},"properties":{"id":"geonames-12561855","name":"凤山村","township_name":"春桥乡","source_url":"https://www.geonames.org/12561855/","source_id":"12561855","source_type":"geonames","source_updated_at":"2023-09-07","retrieved_at":"2026-09-27T04:01:28.254836+00:00","coordinate_source":"GeoNames PPL 聚落地名点（WGS84；可能为旧位置或近似中心）","coordinate_precision":"approximate","settlement_level":"unknown","kind":"settlement","verification_status":"publicly_listed","population":null,"elderly_ratio":null,"aliases":["Fengshancun","feng shan cun"],"sources":[{"id":"geonames-12561855","source_id":"12561855","source_type":"geonames","name":"凤山村","url":"https://www.geonames.org/12561855/","license":"CC BY 4.0; GeoNames","source_updated_at":"2023-09-07","retrieved_at":"2026-09-27T04:01:28.254836+00:00","coordinate_source":"GeoNames PPL 聚落地名点（WGS84；可能为旧位置或近似中心）","coordinate_precision":"approximate","coordinates":[116.28854,29.56168],"source_feature_type":"PPL"}],"potential_duplicate":false,"potential_duplicate_ids":[],"township_assignment":"OSM乡界多边形空间归属；并非法定隶属核验","deduplication_note":null}},{"type":"Feature","id":"geonames-12561747","geometry":{"type":"Point","coordinates":[116.327,29.5405]},"properties":{"id":"geonames-12561747","name":"十方村","township_name":"春桥乡","source_url":"https://www.geonames.org/12561747/","source_id":"12561747","source_type":"geonames","source_updated_at":"2023-09-07","retrieved_at":"2026-09-27T04:01:28.254836+00:00","coordinate_source":"GeoNames PPL 聚落地名点（WGS84；可能为旧位置或近似中心）","coordinate_precision":"approximate","settlement_level":"unknown","kind":"settlement","verification_status":"publicly_listed","population":null,"elderly_ratio":null,"aliases":["Shifangcun","shi fang cun"],"sources":[{"id":"geonames-12561747","source_id":"12561747","source_type":"geonames","name":"十方村","url":"https://www.geonames.org/12561747/","license":"CC BY 4.0; GeoNames","source_updated_at":"2023-09-07","retrieved_at":"2026-09-27T04:01:28.254836+00:00","coordinate_source":"GeoNames PPL 聚落地名点（WGS84；可能为旧位置或近似中心）","coordinate_precision":"approximate","coordinates":[116.327,29.5405],"source_feature_type":"PPL"}],"potential_duplicate":false,"potential_duplicate_ids":[],"township_assignment":"OSM乡界多边形空间归属；并非法定隶属核验","deduplication_note":null}},{"type":"Feature","id":"osm-node-8956503273","geometry":{"type":"Point","coordinates":[116.280426,29.497116]},"properties":{"id":"osm-node-8956503273","name":"向康","township_name":"春桥乡","source_url":"https://www.openstreetmap.org/node/8956503273","source_id":"8956503273","source_type":"osm","source_updated_at":"2021-07-28T08:55:55Z","retrieved_at":"2026-09-27T04:06:23.342197+00:00","coordinate_source":"OpenStreetMap 原始聚落节点（WGS84）","coordinate_precision":"mapped_point","settlement_level":"unknown","kind":"settlement","verification_status":"publicly_listed","population":null,"elderly_ratio":null,"aliases":["Xiangkang","Xiangkangcun","xiang kang","xiang kang cun","向康村"],"sources":[{"id":"osm-node-8956503273","source_id":"8956503273","source_type":"osm","name":"向康","url":"https://www.openstreetmap.org/node/8956503273","license":"ODbL 1.0; © OpenStreetMap contributors","source_updated_at":"2021-07-28T08:55:55Z","retrieved_at":"2026-09-27T04:06:23.342197+00:00","coordinate_source":"OpenStreetMap 原始聚落节点（WGS84）","coordinate_precision":"mapped_point","coordinates":[116.280426,29.497116],"source_feature_type":"village"},{"id":"geonames-7636390","source_id":"7636390","source_type":"geonames","name":"向康村","url":"https://www.geonames.org/7636390/","license":"CC BY 4.0; GeoNames","source_updated_at":"2023-09-06","retrieved_at":"2026-09-27T04:01:28.254836+00:00","coordinate_source":"GeoNames PPL 聚落地名点（WGS84；可能为旧位置或近似中心）","coordinate_precision":"approximate","coordinates":[116.2807,29.49769],"source_feature_type":"PPL"}],"potential_duplicate":false,"potential_duplicate_ids":[],"township_assignment":"OSM乡界多边形空间归属；并非法定隶属核验","deduplication_note":"同乡同名/别名且簇内两两相距不超过150米合并；优先OSM原始点"}},{"type":"Feature","id":"geonames-7635976","geometry":{"type":"Point","coordinates":[116.32702,29.55757]},"properties":{"id":"geonames-7635976","name":"堰上村","township_name":"春桥乡","source_url":"https://www.geonames.org/7635976/","source_id":"7635976","source_type":"geonames","source_updated_at":"2023-09-06","retrieved_at":"2026-09-27T04:01:28.254836+00:00","coordinate_source":"GeoNames PPL 聚落地名点（WGS84；可能为旧位置或近似中心）","coordinate_precision":"approximate","settlement_level":"unknown","kind":"settlement","verification_status":"publicly_listed","population":null,"elderly_ratio":null,"aliases":["Yanshang","Yanshangcun","yan shang","yan shang cun","堰上"],"sources":[{"id":"geonames-7635976","source_id":"7635976","source_type":"geonames","name":"堰上村","url":"https://www.geonames.org/7635976/","license":"CC BY 4.0; GeoNames","source_updated_at":"2023-09-06","retrieved_at":"2026-09-27T04:01:28.254836+00:00","coordinate_source":"GeoNames PPL 聚落地名点（WGS84；可能为旧位置或近似中心）","coordinate_precision":"approximate","coordinates":[116.32702,29.55757],"source_feature_type":"PPL"}],"potential_duplicate":false,"potential_duplicate_ids":[],"township_assignment":"OSM乡界多边形空间归属；并非法定隶属核验","deduplication_note":null}},{"type":"Feature","id":"geonames-12561904","geometry":{"type":"Point","coordinates":[116.29769,29.50445]},"properties":{"id":"geonames-12561904","name":"官桥村","township_name":"春桥乡","source_url":"https://www.geonames.org/12561904/","source_id":"12561904","source_type":"geonames","source_updated_at":"2023-09-07","retrieved_at":"2026-09-27T04:01:28.254836+00:00","coordinate_source":"GeoNames PPL 聚落地名点（WGS84；可能为旧位置或近似中心）","coordinate_precision":"approximate","settlement_level":"unknown","kind":"settlement","verification_status":"publicly_listed","population":null,"elderly_ratio":null,"aliases":["Guanqiaocun","guan qiao cun"],"sources":[{"id":"geonames-12561904","source_id":"12561904","source_type":"geonames","name":"官桥村","url":"https://www.geonames.org/12561904/","license":"CC BY 4.0; GeoNames","source_updated_at":"2023-09-07","retrieved_at":"2026-09-27T04:01:28.254836+00:00","coordinate_source":"GeoNames PPL 聚落地名点（WGS84；可能为旧位置或近似中心）","coordinate_precision":"approximate","coordinates":[116.29769,29.50445],"source_feature_type":"PPL"}],"potential_duplicate":false,"potential_duplicate_ids":[],"township_assignment":"OSM乡界多边形空间归属；并非法定隶属核验","deduplication_note":null}},{"type":"Feature","id":"geonames-7636772","geometry":{"type":"Point","coordinates":[116.32971,29.52864]},"properties":{"id":"geonames-7636772","name":"彭继岗","township_name":"春桥乡","source_url":"https://www.geonames.org/7636772/","source_id":"7636772","source_type":"geonames","source_updated_at":"2023-09-06","retrieved_at":"2026-09-27T04:01:28.254836+00:00","coordinate_source":"GeoNames PPL 聚落地名点（WGS84；可能为旧位置或近似中心）","coordinate_precision":"approximate","settlement_level":"unknown","kind":"settlement","verification_status":"publicly_listed","population":null,"elderly_ratio":null,"aliases":["Pengjigang","peng ji gang"],"sources":[{"id":"geonames-7636772","source_id":"7636772","source_type":"geonames","name":"彭继岗","url":"https://www.geonames.org/7636772/","license":"CC BY 4.0; GeoNames","source_updated_at":"2023-09-06","retrieved_at":"2026-09-27T04:01:28.254836+00:00","coordinate_source":"GeoNames PPL 聚落地名点（WGS84；可能为旧位置或近似中心）","coordinate_precision":"approximate","coordinates":[116.32971,29.52864],"source_feature_type":"PPL"}],"potential_duplicate":false,"potential_duplicate_ids":[],"township_assignment":"OSM乡界多边形空间归属；并非法定隶属核验","deduplication_note":null}},{"type":"Feature","id":"geonames-12561903","geometry":{"type":"Point","coordinates":[116.30587,29.5355]},"properties":{"id":"geonames-12561903","name":"春桥村","township_name":"春桥乡","source_url":"https://www.geonames.org/12561903/","source_id":"12561903","source_type":"geonames","source_updated_at":"2023-09-07","retrieved_at":"2026-09-27T04:01:28.254836+00:00","coordinate_source":"GeoNames PPL 聚落地名点（WGS84；可能为旧位置或近似中心）","coordinate_precision":"approximate","settlement_level":"unknown","kind":"settlement","verification_status":"publicly_listed","population":null,"elderly_ratio":null,"aliases":["Chunqiaocun","chun qiao cun"],"sources":[{"id":"geonames-12561903","source_id":"12561903","source_type":"geonames","name":"春桥村","url":"https://www.geonames.org/12561903/","license":"CC BY 4.0; GeoNames","source_updated_at":"2023-09-07","retrieved_at":"2026-09-27T04:01:28.254836+00:00","coordinate_source":"GeoNames PPL 聚落地名点（WGS84；可能为旧位置或近似中心）","coordinate_precision":"approximate","coordinates":[116.30587,29.5355],"source_feature_type":"PPL"}],"potential_duplicate":false,"potential_duplicate_ids":[],"township_assignment":"OSM乡界多边形空间归属；并非法定隶属核验","deduplication_note":null}},{"type":"Feature","id":"geonames-7636809","geometry":{"type":"Point","coordinates":[116.30182,29.57515]},"properties":{"id":"geonames-7636809","name":"杨家庙下","township_name":"春桥乡","source_url":"https://www.geonames.org/7636809/","source_id":"7636809","source_type":"geonames","source_updated_at":"2023-09-06","retrieved_at":"2026-09-27T04:01:28.254836+00:00","coordinate_source":"GeoNames PPL 聚落地名点（WGS84；可能为旧位置或近似中心）","coordinate_precision":"approximate","settlement_level":"unknown","kind":"settlement","verification_status":"publicly_listed","population":null,"elderly_ratio":null,"aliases":["Yangjia Miaoxia","yang jia miao xia"],"sources":[{"id":"geonames-7636809","source_id":"7636809","source_type":"geonames","name":"杨家庙下","url":"https://www.geonames.org/7636809/","license":"CC BY 4.0; GeoNames","source_updated_at":"2023-09-06","retrieved_at":"2026-09-27T04:01:28.254836+00:00","coordinate_source":"GeoNames PPL 聚落地名点（WGS84；可能为旧位置或近似中心）","coordinate_precision":"approximate","coordinates":[116.30182,29.57515],"source_feature_type":"PPL"}],"potential_duplicate":false,"potential_duplicate_ids":[],"township_assignment":"OSM乡界多边形空间归属；并非法定隶属核验","deduplication_note":null}},{"type":"Feature","id":"geonames-7636267","geometry":{"type":"Point","coordinates":[116.28663,29.55736]},"properties":{"id":"geonames-7636267","name":"石邦湾","township_name":"春桥乡","source_url":"https://www.geonames.org/7636267/","source_id":"7636267","source_type":"geonames","source_updated_at":"2023-09-06","retrieved_at":"2026-09-27T04:01:28.254836+00:00","coordinate_source":"GeoNames PPL 聚落地名点（WGS84；可能为旧位置或近似中心）","coordinate_precision":"approximate","settlement_level":"unknown","kind":"settlement","verification_status":"publicly_listed","population":null,"elderly_ratio":null,"aliases":["Shibanwan","shi bang wan"],"sources":[{"id":"geonames-7636267","source_id":"7636267","source_type":"geonames","name":"石邦湾","url":"https://www.geonames.org/7636267/","license":"CC BY 4.0; GeoNames","source_updated_at":"2023-09-06","retrieved_at":"2026-09-27T04:01:28.254836+00:00","coordinate_source":"GeoNames PPL 聚落地名点（WGS84；可能为旧位置或近似中心）","coordinate_precision":"approximate","coordinates":[116.28663,29.55736],"source_feature_type":"PPL"}],"potential_duplicate":false,"potential_duplicate_ids":[],"township_assignment":"OSM乡界多边形空间归属；并非法定隶属核验","deduplication_note":null}},{"type":"Feature","id":"geonames-12561839","geometry":{"type":"Point","coordinates":[116.27852,29.50306]},"properties":{"id":"geonames-12561839","name":"老山村","township_name":"春桥乡","source_url":"https://www.geonames.org/12561839/","source_id":"12561839","source_type":"geonames","source_updated_at":"2023-09-07","retrieved_at":"2026-09-27T04:01:28.254836+00:00","coordinate_source":"GeoNames PPL 聚落地名点（WGS84；可能为旧位置或近似中心）","coordinate_precision":"approximate","settlement_level":"unknown","kind":"settlement","verification_status":"publicly_listed","population":null,"elderly_ratio":null,"aliases":["Laoshancun","lao shan cun"],"sources":[{"id":"geonames-12561839","source_id":"12561839","source_type":"geonames","name":"老山村","url":"https://www.geonames.org/12561839/","license":"CC BY 4.0; GeoNames","source_updated_at":"2023-09-07","retrieved_at":"2026-09-27T04:01:28.254836+00:00","coordinate_source":"GeoNames PPL 聚落地名点（WGS84；可能为旧位置或近似中心）","coordinate_precision":"approximate","coordinates":[116.27852,29.50306],"source_feature_type":"PPL"}],"potential_duplicate":false,"potential_duplicate_ids":[],"township_assignment":"OSM乡界多边形空间归属；并非法定隶属核验","deduplication_note":null}},{"type":"Feature","id":"geonames-7636894","geometry":{"type":"Point","coordinates":[116.23958,29.30686]},"properties":{"id":"geonames-7636894","name":"七角","township_name":"汪墩乡","source_url":"https://www.geonames.org/7636894/","source_id":"7636894","source_type":"geonames","source_updated_at":"2021-09-20","retrieved_at":"2026-09-27T04:01:28.254836+00:00","coordinate_source":"GeoNames PPL 聚落地名点（WGS84；可能为旧位置或近似中心）","coordinate_precision":"approximate","settlement_level":"unknown","kind":"settlement","verification_status":"publicly_listed","population":null,"elderly_ratio":null,"aliases":["Qijiao","Qijiaoxiang","qi jiao","qi jiao xiang","七角乡"],"sources":[{"id":"geonames-7636894","source_id":"7636894","source_type":"geonames","name":"七角","url":"https://www.geonames.org/7636894/","license":"CC BY 4.0; GeoNames","source_updated_at":"2021-09-20","retrieved_at":"2026-09-27T04:01:28.254836+00:00","coordinate_source":"GeoNames PPL 聚落地名点（WGS84；可能为旧位置或近似中心）","coordinate_precision":"approximate","coordinates":[116.23958,29.30686],"source_feature_type":"PPL"}],"potential_duplicate":true,"potential_duplicate_ids":["osm-node-5428703167"],"township_assignment":"OSM乡界多边形空间归属；并非法定隶属核验","deduplication_note":null}},{"type":"Feature","id":"osm-node-5428703167","geometry":{"type":"Point","coordinates":[116.2414026,29.3073763]},"properties":{"id":"osm-node-5428703167","name":"七角村","township_name":"汪墩乡","source_url":"https://www.openstreetmap.org/node/5428703167","source_id":"5428703167","source_type":"osm","source_updated_at":"2018-02-22T10:22:21Z","retrieved_at":"2026-09-27T04:06:23.342197+00:00","coordinate_source":"OpenStreetMap 原始聚落节点（WGS84）","coordinate_precision":"mapped_point","settlement_level":"unknown","kind":"settlement","verification_status":"publicly_listed","population":null,"elderly_ratio":null,"aliases":["Qijiaocun","qi jiao cun"],"sources":[{"id":"osm-node-5428703167","source_id":"5428703167","source_type":"osm","name":"七角村","url":"https://www.openstreetmap.org/node/5428703167","license":"ODbL 1.0; © OpenStreetMap contributors","source_updated_at":"2018-02-22T10:22:21Z","retrieved_at":"2026-09-27T04:06:23.342197+00:00","coordinate_source":"OpenStreetMap 原始聚落节点（WGS84）","coordinate_precision":"mapped_point","coordinates":[116.2414026,29.3073763],"source_feature_type":"village"},{"id":"geonames-12561858","source_id":"12561858","source_type":"geonames","name":"七角村","url":"https://www.geonames.org/12561858/","license":"CC BY 4.0; GeoNames","source_updated_at":"2023-09-07","retrieved_at":"2026-09-27T04:01:28.254836+00:00","coordinate_source":"GeoNames PPL 聚落地名点（WGS84；可能为旧位置或近似中心）","coordinate_precision":"approximate","coordinates":[116.24148,29.30714],"source_feature_type":"PPL"}],"potential_duplicate":true,"potential_duplicate_ids":["geonames-7636894"],"township_assignment":"OSM乡界多边形空间归属；并非法定隶属核验","deduplication_note":"同乡同名/别名且簇内两两相距不超过150米合并；优先OSM原始点"}},{"type":"Feature","id":"osm-node-8951850044","geometry":{"type":"Point","coordinates":[116.249326,29.389112]},"properties":{"id":"osm-node-8951850044","name":"下坑","township_name":"汪墩乡","source_url":"https://www.openstreetmap.org/node/8951850044","source_id":"8951850044","source_type":"osm","source_updated_at":"2021-07-26T16:34:51Z","retrieved_at":"2026-09-27T04:06:23.342197+00:00","coordinate_source":"OpenStreetMap 原始聚落节点（WGS84）","coordinate_precision":"mapped_point","settlement_level":"unknown","kind":"settlement","verification_status":"publicly_listed","population":null,"elderly_ratio":null,"aliases":["Xiakeng","xia keng"],"sources":[{"id":"osm-node-8951850044","source_id":"8951850044","source_type":"osm","name":"下坑","url":"https://www.openstreetmap.org/node/8951850044","license":"ODbL 1.0; © OpenStreetMap contributors","source_updated_at":"2021-07-26T16:34:51Z","retrieved_at":"2026-09-27T04:06:23.342197+00:00","coordinate_source":"OpenStreetMap 原始聚落节点（WGS84）","coordinate_precision":"mapped_point","coordinates":[116.249326,29.389112],"source_feature_type":"village"},{"id":"geonames-7636035","source_id":"7636035","source_type":"geonames","name":"下坑","url":"https://www.geonames.org/7636035/","license":"CC BY 4.0; GeoNames","source_updated_at":"2021-09-20","retrieved_at":"2026-09-27T04:01:28.254836+00:00","coordinate_source":"GeoNames PPL 聚落地名点（WGS84；可能为旧位置或近似中心）","coordinate_precision":"approximate","coordinates":[116.24933,29.38911],"source_feature_type":"PPL"}],"potential_duplicate":false,"potential_duplicate_ids":[],"township_assignment":"OSM乡界多边形空间归属；并非法定隶属核验","deduplication_note":"同乡同名/别名且簇内两两相距不超过150米合并；优先OSM原始点"}},{"type":"Feature","id":"osm-node-5428703164","geometry":{"type":"Point","coordinates":[116.2218332,29.3428654]},"properties":{"id":"osm-node-5428703164","name":"伯昌村","township_name":"汪墩乡","source_url":"https://www.openstreetmap.org/node/5428703164","source_id":"5428703164","source_type":"osm","source_updated_at":"2018-02-22T10:22:20Z","retrieved_at":"2026-09-27T04:06:23.342197+00:00","coordinate_source":"OpenStreetMap 原始聚落节点（WGS84）","coordinate_precision":"mapped_point","settlement_level":"unknown","kind":"settlement","verification_status":"publicly_listed","population":null,"elderly_ratio":null,"aliases":["Bochang","Bochangcun","bo chang","bo chang cun","伯昌"],"sources":[{"id":"osm-node-5428703164","source_id":"5428703164","source_type":"osm","name":"伯昌村","url":"https://www.openstreetmap.org/node/5428703164","license":"ODbL 1.0; © OpenStreetMap contributors","source_updated_at":"2018-02-22T10:22:20Z","retrieved_at":"2026-09-27T04:06:23.342197+00:00","coordinate_source":"OpenStreetMap 原始聚落节点（WGS84）","coordinate_precision":"mapped_point","coordinates":[116.2218332,29.3428654],"source_feature_type":"village"},{"id":"geonames-7636777","source_id":"7636777","source_type":"geonames","name":"伯昌村","url":"https://www.geonames.org/7636777/","license":"CC BY 4.0; GeoNames","source_updated_at":"2023-09-06","retrieved_at":"2026-09-27T04:01:28.254836+00:00","coordinate_source":"GeoNames PPL 聚落地名点（WGS84；可能为旧位置或近似中心）","coordinate_precision":"approximate","coordinates":[116.22159,29.34295],"source_feature_type":"PPL"}],"potential_duplicate":false,"potential_duplicate_ids":[],"township_assignment":"OSM乡界多边形空间归属；并非法定隶属核验","deduplication_note":"同乡同名/别名且簇内两两相距不超过150米合并；优先OSM原始点"}},{"type":"Feature","id":"geonames-7636615","geometry":{"type":"Point","coordinates":[116.20534,29.32798]},"properties":{"id":"geonames-7636615","name":"冯家桥","township_name":"汪墩乡","source_url":"https://www.geonames.org/7636615/","source_id":"7636615","source_type":"geonames","source_updated_at":"2021-09-20","retrieved_at":"2026-09-27T04:01:28.254836+00:00","coordinate_source":"GeoNames PPL 聚落地名点（WGS84；可能为旧位置或近似中心）","coordinate_precision":"approximate","settlement_level":"unknown","kind":"settlement","verification_status":"publicly_listed","population":null,"elderly_ratio":null,"aliases":["Fengjiaqiao","feng jia qiao"],"sources":[{"id":"geonames-7636615","source_id":"7636615","source_type":"geonames","name":"冯家桥","url":"https://www.geonames.org/7636615/","license":"CC BY 4.0; GeoNames","source_updated_at":"2021-09-20","retrieved_at":"2026-09-27T04:01:28.254836+00:00","coordinate_source":"GeoNames PPL 聚落地名点（WGS84；可能为旧位置或近似中心）","coordinate_precision":"approximate","coordinates":[116.20534,29.32798],"source_feature_type":"PPL"}],"potential_duplicate":false,"potential_duplicate_ids":[],"township_assignment":"OSM乡界多边形空间归属；并非法定隶属核验","deduplication_note":null}},{"type":"Feature","id":"geonames-7635907","geometry":{"type":"Point","coordinates":[116.21194,29.31775]},"properties":{"id":"geonames-7635907","name":"北乐垄村","township_name":"汪墩乡","source_url":"https://www.geonames.org/7635907/","source_id":"7635907","source_type":"geonames","source_updated_at":"2023-09-06","retrieved_at":"2026-09-27T04:01:28.254836+00:00","coordinate_source":"GeoNames PPL 聚落地名点（WGS84；可能为旧位置或近似中心）","coordinate_precision":"approximate","settlement_level":"unknown","kind":"settlement","verification_status":"publicly_listed","population":null,"elderly_ratio":null,"aliases":["Beilelong","Beilelongcun","bei le long","bei le long cun","北乐垄"],"sources":[{"id":"geonames-7635907","source_id":"7635907","source_type":"geonames","name":"北乐垄村","url":"https://www.geonames.org/7635907/","license":"CC BY 4.0; GeoNames","source_updated_at":"2023-09-06","retrieved_at":"2026-09-27T04:01:28.254836+00:00","coordinate_source":"GeoNames PPL 聚落地名点（WGS84；可能为旧位置或近似中心）","coordinate_precision":"approximate","coordinates":[116.21194,29.31775],"source_feature_type":"PPL"}],"potential_duplicate":false,"potential_duplicate_ids":[],"township_assignment":"OSM乡界多边形空间归属；并非法定隶属核验","deduplication_note":null}},{"type":"Feature","id":"osm-node-5428703168","geometry":{"type":"Point","coordinates":[116.2482261,29.3172928]},"properties":{"id":"osm-node-5428703168","name":"古岭村","township_name":"汪墩乡","source_url":"https://www.openstreetmap.org/node/5428703168","source_id":"5428703168","source_type":"osm","source_updated_at":"2018-02-22T10:22:21Z","retrieved_at":"2026-09-27T04:06:23.342197+00:00","coordinate_source":"OpenStreetMap 原始聚落节点（WGS84）","coordinate_precision":"mapped_point","settlement_level":"unknown","kind":"settlement","verification_status":"publicly_listed","population":null,"elderly_ratio":null,"aliases":["Gulingcun","gu ling cun"],"sources":[{"id":"osm-node-5428703168","source_id":"5428703168","source_type":"osm","name":"古岭村","url":"https://www.openstreetmap.org/node/5428703168","license":"ODbL 1.0; © OpenStreetMap contributors","source_updated_at":"2018-02-22T10:22:21Z","retrieved_at":"2026-09-27T04:06:23.342197+00:00","coordinate_source":"OpenStreetMap 原始聚落节点（WGS84）","coordinate_precision":"mapped_point","coordinates":[116.2482261,29.3172928],"source_feature_type":"village"},{"id":"geonames-12561808","source_id":"12561808","source_type":"geonames","name":"古岭村","url":"https://www.geonames.org/12561808/","license":"CC BY 4.0; GeoNames","source_updated_at":"2023-09-07","retrieved_at":"2026-09-27T04:01:28.254836+00:00","coordinate_source":"GeoNames PPL 聚落地名点（WGS84；可能为旧位置或近似中心）","coordinate_precision":"approximate","coordinates":[116.24779,29.31738],"source_feature_type":"PPL"}],"potential_duplicate":false,"potential_duplicate_ids":[],"township_assignment":"OSM乡界多边形空间归属；并非法定隶属核验","deduplication_note":"同乡同名/别名且簇内两两相距不超过150米合并；优先OSM原始点"}},{"type":"Feature","id":"geonames-7636081","geometry":{"type":"Point","coordinates":[116.29178,29.37973]},"properties":{"id":"geonames-7636081","name":"古楼村","township_name":"汪墩乡","source_url":"https://www.geonames.org/7636081/","source_id":"7636081","source_type":"geonames","source_updated_at":"2023-09-06","retrieved_at":"2026-09-27T04:01:28.254836+00:00","coordinate_source":"GeoNames PPL 聚落地名点（WGS84；可能为旧位置或近似中心）","coordinate_precision":"approximate","settlement_level":"unknown","kind":"settlement","verification_status":"publicly_listed","population":null,"elderly_ratio":null,"aliases":["Gulou","Guloucun","gu lou","gu lou cun","古楼"],"sources":[{"id":"geonames-7636081","source_id":"7636081","source_type":"geonames","name":"古楼村","url":"https://www.geonames.org/7636081/","license":"CC BY 4.0; GeoNames","source_updated_at":"2023-09-06","retrieved_at":"2026-09-27T04:01:28.254836+00:00","coordinate_source":"GeoNames PPL 聚落地名点（WGS84；可能为旧位置或近似中心）","coordinate_precision":"approximate","coordinates":[116.29178,29.37973],"source_feature_type":"PPL"}],"potential_duplicate":false,"potential_duplicate_ids":[],"township_assignment":"OSM乡界多边形空间归属；并非法定隶属核验","deduplication_note":null}},{"type":"Feature","id":"osm-node-8951850043","geometry":{"type":"Point","coordinates":[116.2535397,29.4204234]},"properties":{"id":"osm-node-8951850043","name":"后山陆","township_name":"汪墩乡","source_url":"https://www.openstreetmap.org/node/8951850043","source_id":"8951850043","source_type":"osm","source_updated_at":"2021-07-26T16:34:51Z","retrieved_at":"2026-09-27T04:06:23.342197+00:00","coordinate_source":"OpenStreetMap 原始聚落节点（WGS84）","coordinate_precision":"mapped_point","settlement_level":"unknown","kind":"settlement","verification_status":"publicly_listed","population":null,"elderly_ratio":null,"aliases":["Houshanlu","hou shan lu"],"sources":[{"id":"osm-node-8951850043","source_id":"8951850043","source_type":"osm","name":"后山陆","url":"https://www.openstreetmap.org/node/8951850043","license":"ODbL 1.0; © OpenStreetMap contributors","source_updated_at":"2021-07-26T16:34:51Z","retrieved_at":"2026-09-27T04:06:23.342197+00:00","coordinate_source":"OpenStreetMap 原始聚落节点（WGS84）","coordinate_precision":"mapped_point","coordinates":[116.2535397,29.4204234],"source_feature_type":"village"},{"id":"geonames-7636467","source_id":"7636467","source_type":"geonames","name":"后山陆","url":"https://www.geonames.org/7636467/","license":"CC BY 4.0; GeoNames","source_updated_at":"2023-09-06","retrieved_at":"2026-09-27T04:01:28.254836+00:00","coordinate_source":"GeoNames PPL 聚落地名点（WGS84；可能为旧位置或近似中心）","coordinate_precision":"approximate","coordinates":[116.25362,29.42037],"source_feature_type":"PPL"}],"potential_duplicate":false,"potential_duplicate_ids":[],"township_assignment":"OSM乡界多边形空间归属；并非法定隶属核验","deduplication_note":"同乡同名/别名且簇内两两相距不超过150米合并；优先OSM原始点"}},{"type":"Feature","id":"osm-node-8951610166","geometry":{"type":"Point","coordinates":[116.260511,29.32905]},"properties":{"id":"osm-node-8951610166","name":"哲桥","township_name":"汪墩乡","source_url":"https://www.openstreetmap.org/node/8951610166","source_id":"8951610166","source_type":"osm","source_updated_at":"2021-07-26T14:45:26Z","retrieved_at":"2026-09-27T04:06:23.342197+00:00","coordinate_source":"OpenStreetMap 原始聚落节点（WGS84）","coordinate_precision":"mapped_point","settlement_level":"unknown","kind":"settlement","verification_status":"publicly_listed","population":null,"elderly_ratio":null,"aliases":["Zheqiao","zhe qiao"],"sources":[{"id":"osm-node-8951610166","source_id":"8951610166","source_type":"osm","name":"哲桥","url":"https://www.openstreetmap.org/node/8951610166","license":"ODbL 1.0; © OpenStreetMap contributors","source_updated_at":"2021-07-26T14:45:26Z","retrieved_at":"2026-09-27T04:06:23.342197+00:00","coordinate_source":"OpenStreetMap 原始聚落节点（WGS84）","coordinate_precision":"mapped_point","coordinates":[116.260511,29.32905],"source_feature_type":"village"},{"id":"geonames-1784574","source_id":"1784574","source_type":"geonames","name":"哲桥","url":"https://www.geonames.org/1784574/","license":"CC BY 4.0; GeoNames","source_updated_at":"2021-09-20","retrieved_at":"2026-09-27T04:01:28.254836+00:00","coordinate_source":"GeoNames PPL 聚落地名点（WGS84；可能为旧位置或近似中心）","coordinate_precision":"approximate","coordinates":[116.26051,29.32905],"source_feature_type":"PPL"}],"potential_duplicate":false,"potential_duplicate_ids":[],"township_assignment":"OSM乡界多边形空间归属；并非法定隶属核验","deduplication_note":"同乡同名/别名且簇内两两相距不超过150米合并；优先OSM原始点"}},{"type":"Feature","id":"osm-node-5428706695","geometry":{"type":"Point","coordinates":[116.262635,29.3329607]},"properties":{"id":"osm-node-5428706695","name":"喆桥街","township_name":"汪墩乡","source_url":"https://www.openstreetmap.org/node/5428706695","source_id":"5428706695","source_type":"osm","source_updated_at":"2018-02-22T10:25:32Z","retrieved_at":"2026-09-27T04:06:23.342197+00:00","coordinate_source":"OpenStreetMap 原始聚落节点（WGS84）","coordinate_precision":"mapped_point","settlement_level":"unknown","kind":"settlement","verification_status":"publicly_listed","population":null,"elderly_ratio":null,"aliases":[],"sources":[{"id":"osm-node-5428706695","source_id":"5428706695","source_type":"osm","name":"喆桥街","url":"https://www.openstreetmap.org/node/5428706695","license":"ODbL 1.0; © OpenStreetMap contributors","source_updated_at":"2018-02-22T10:25:32Z","retrieved_at":"2026-09-27T04:06:23.342197+00:00","coordinate_source":"OpenStreetMap 原始聚落节点（WGS84）","coordinate_precision":"mapped_point","coordinates":[116.262635,29.3329607],"source_feature_type":"hamlet"}],"potential_duplicate":false,"potential_duplicate_ids":[],"township_assignment":"OSM乡界多边形空间归属；并非法定隶属核验","deduplication_note":null}},{"type":"Feature","id":"geonames-12561809","geometry":{"type":"Point","coordinates":[116.26938,29.32528]},"properties":{"id":"geonames-12561809","name":"土安村","township_name":"汪墩乡","source_url":"https://www.geonames.org/12561809/","source_id":"12561809","source_type":"geonames","source_updated_at":"2023-09-07","retrieved_at":"2026-09-27T04:01:28.254836+00:00","coordinate_source":"GeoNames PPL 聚落地名点（WGS84；可能为旧位置或近似中心）","coordinate_precision":"approximate","settlement_level":"unknown","kind":"settlement","verification_status":"publicly_listed","population":null,"elderly_ratio":null,"aliases":["Tu'ancun","tu an cun"],"sources":[{"id":"geonames-12561809","source_id":"12561809","source_type":"geonames","name":"土安村","url":"https://www.geonames.org/12561809/","license":"CC BY 4.0; GeoNames","source_updated_at":"2023-09-07","retrieved_at":"2026-09-27T04:01:28.254836+00:00","coordinate_source":"GeoNames PPL 聚落地名点（WGS84；可能为旧位置或近似中心）","coordinate_precision":"approximate","coordinates":[116.26938,29.32528],"source_feature_type":"PPL"}],"potential_duplicate":false,"potential_duplicate_ids":[],"township_assignment":"OSM乡界多边形空间归属；并非法定隶属核验","deduplication_note":null}},{"type":"Feature","id":"geonames-12561751","geometry":{"type":"Point","coordinates":[116.23228,29.3939]},"properties":{"id":"geonames-12561751","name":"大桥村","township_name":"汪墩乡","source_url":"https://www.geonames.org/12561751/","source_id":"12561751","source_type":"geonames","source_updated_at":"2023-09-07","retrieved_at":"2026-09-27T04:01:28.254836+00:00","coordinate_source":"GeoNames PPL 聚落地名点（WGS84；可能为旧位置或近似中心）","coordinate_precision":"approximate","settlement_level":"unknown","kind":"settlement","verification_status":"publicly_listed","population":null,"elderly_ratio":null,"aliases":["Daqiaocun","da qiao cun"],"sources":[{"id":"geonames-12561751","source_id":"12561751","source_type":"geonames","name":"大桥村","url":"https://www.geonames.org/12561751/","license":"CC BY 4.0; GeoNames","source_updated_at":"2023-09-07","retrieved_at":"2026-09-27T04:01:28.254836+00:00","coordinate_source":"GeoNames PPL 聚落地名点（WGS84；可能为旧位置或近似中心）","coordinate_precision":"approximate","coordinates":[116.23228,29.3939],"source_feature_type":"PPL"}],"potential_duplicate":false,"potential_duplicate_ids":[],"township_assignment":"OSM乡界多边形空间归属；并非法定隶属核验","deduplication_note":null}},{"type":"Feature","id":"geonames-7636721","geometry":{"type":"Point","coordinates":[116.23918,29.31968]},"properties":{"id":"geonames-7636721","name":"大黄标村","township_name":"汪墩乡","source_url":"https://www.geonames.org/7636721/","source_id":"7636721","source_type":"geonames","source_updated_at":"2023-09-06","retrieved_at":"2026-09-27T04:01:28.254836+00:00","coordinate_source":"GeoNames PPL 聚落地名点（WGS84；可能为旧位置或近似中心）","coordinate_precision":"approximate","settlement_level":"unknown","kind":"settlement","verification_status":"publicly_listed","population":null,"elderly_ratio":null,"aliases":["Dahuangbiao","Dahuangbiaocun","da huang biao","da huang biao cun","大黄标"],"sources":[{"id":"geonames-7636721","source_id":"7636721","source_type":"geonames","name":"大黄标村","url":"https://www.geonames.org/7636721/","license":"CC BY 4.0; GeoNames","source_updated_at":"2023-09-06","retrieved_at":"2026-09-27T04:01:28.254836+00:00","coordinate_source":"GeoNames PPL 聚落地名点（WGS84；可能为旧位置或近似中心）","coordinate_precision":"approximate","coordinates":[116.23918,29.31968],"source_feature_type":"PPL"}],"potential_duplicate":false,"potential_duplicate_ids":[],"township_assignment":"OSM乡界多边形空间归属；并非法定隶属核验","deduplication_note":null}},{"type":"Feature","id":"geonames-12561801","geometry":{"type":"Point","coordinates":[116.24265,29.34761]},"properties":{"id":"geonames-12561801","name":"庆胜村","township_name":"汪墩乡","source_url":"https://www.geonames.org/12561801/","source_id":"12561801","source_type":"geonames","source_updated_at":"2023-09-07","retrieved_at":"2026-09-27T04:01:28.254836+00:00","coordinate_source":"GeoNames PPL 聚落地名点（WGS84；可能为旧位置或近似中心）","coordinate_precision":"approximate","settlement_level":"unknown","kind":"settlement","verification_status":"publicly_listed","population":null,"elderly_ratio":null,"aliases":["Qingshengcun","qing sheng cun"],"sources":[{"id":"geonames-12561801","source_id":"12561801","source_type":"geonames","name":"庆胜村","url":"https://www.geonames.org/12561801/","license":"CC BY 4.0; GeoNames","source_updated_at":"2023-09-07","retrieved_at":"2026-09-27T04:01:28.254836+00:00","coordinate_source":"GeoNames PPL 聚落地名点（WGS84；可能为旧位置或近似中心）","coordinate_precision":"approximate","coordinates":[116.24265,29.34761],"source_feature_type":"PPL"}],"potential_duplicate":false,"potential_duplicate_ids":[],"township_assignment":"OSM乡界多边形空间归属；并非法定隶属核验","deduplication_note":null}},{"type":"Feature","id":"geonames-12561889","geometry":{"type":"Point","coordinates":[116.27504,29.3633]},"properties":{"id":"geonames-12561889","name":"排门村","township_name":"汪墩乡","source_url":"https://www.geonames.org/12561889/","source_id":"12561889","source_type":"geonames","source_updated_at":"2023-09-07","retrieved_at":"2026-09-27T04:01:28.254836+00:00","coordinate_source":"GeoNames PPL 聚落地名点（WGS84；可能为旧位置或近似中心）","coordinate_precision":"approximate","settlement_level":"unknown","kind":"settlement","verification_status":"publicly_listed","population":null,"elderly_ratio":null,"aliases":["Paimencun","pai men cun"],"sources":[{"id":"geonames-12561889","source_id":"12561889","source_type":"geonames","name":"排门村","url":"https://www.geonames.org/12561889/","license":"CC BY 4.0; GeoNames","source_updated_at":"2023-09-07","retrieved_at":"2026-09-27T04:01:28.254836+00:00","coordinate_source":"GeoNames PPL 聚落地名点（WGS84；可能为旧位置或近似中心）","coordinate_precision":"approximate","coordinates":[116.27504,29.3633],"source_feature_type":"PPL"}],"potential_duplicate":false,"potential_duplicate_ids":[],"township_assignment":"OSM乡界多边形空间归属；并非法定隶属核验","deduplication_note":null}},{"type":"Feature","id":"osm-node-5428703171","geometry":{"type":"Point","coordinates":[116.2344289,29.4201426]},"properties":{"id":"osm-node-5428703171","name":"新妙","township_name":"汪墩乡","source_url":"https://www.openstreetmap.org/node/5428703171","source_id":"5428703171","source_type":"osm","source_updated_at":"2025-04-05T14:37:31Z","retrieved_at":"2026-09-27T04:06:23.342197+00:00","coordinate_source":"OpenStreetMap 原始聚落节点（WGS84）","coordinate_precision":"mapped_point","settlement_level":"unknown","kind":"settlement","verification_status":"publicly_listed","population":null,"elderly_ratio":null,"aliases":["Xinmiao","Xinmiaocun","xin miao cun","新妙乡","新妙村"],"sources":[{"id":"osm-node-5428703171","source_id":"5428703171","source_type":"osm","name":"新妙","url":"https://www.openstreetmap.org/node/5428703171","license":"ODbL 1.0; © OpenStreetMap contributors","source_updated_at":"2025-04-05T14:37:31Z","retrieved_at":"2026-09-27T04:06:23.342197+00:00","coordinate_source":"OpenStreetMap 原始聚落节点（WGS84）","coordinate_precision":"mapped_point","coordinates":[116.2344289,29.4201426],"source_feature_type":"village"},{"id":"geonames-12561777","source_id":"12561777","source_type":"geonames","name":"新妙村","url":"https://www.geonames.org/12561777/","license":"CC BY 4.0; GeoNames","source_updated_at":"2023-09-07","retrieved_at":"2026-09-27T04:01:28.254836+00:00","coordinate_source":"GeoNames PPL 聚落地名点（WGS84；可能为旧位置或近似中心）","coordinate_precision":"approximate","coordinates":[116.23431,29.4206],"source_feature_type":"PPL"}],"potential_duplicate":false,"potential_duplicate_ids":[],"township_assignment":"OSM乡界多边形空间归属；并非法定隶属核验","deduplication_note":"同乡同名/别名且簇内两两相距不超过150米合并；优先OSM原始点"}},{"type":"Feature","id":"geonames-7635909","geometry":{"type":"Point","coordinates":[116.29392,29.34691]},"properties":{"id":"geonames-7635909","name":"新桥村","township_name":"汪墩乡","source_url":"https://www.geonames.org/7635909/","source_id":"7635909","source_type":"geonames","source_updated_at":"2023-09-06","retrieved_at":"2026-09-27T04:01:28.254836+00:00","coordinate_source":"GeoNames PPL 聚落地名点（WGS84；可能为旧位置或近似中心）","coordinate_precision":"approximate","settlement_level":"unknown","kind":"settlement","verification_status":"publicly_listed","population":null,"elderly_ratio":null,"aliases":["Xinqiao","Xinqiaocun","xin qiao","xin qiao cun","新桥"],"sources":[{"id":"geonames-7635909","source_id":"7635909","source_type":"geonames","name":"新桥村","url":"https://www.geonames.org/7635909/","license":"CC BY 4.0; GeoNames","source_updated_at":"2023-09-06","retrieved_at":"2026-09-27T04:01:28.254836+00:00","coordinate_source":"GeoNames PPL 聚落地名点（WGS84；可能为旧位置或近似中心）","coordinate_precision":"approximate","coordinates":[116.29392,29.34691],"source_feature_type":"PPL"}],"potential_duplicate":true,"potential_duplicate_ids":["osm-node-5428706693"],"township_assignment":"OSM乡界多边形空间归属；并非法定隶属核验","deduplication_note":null}},{"type":"Feature","id":"osm-node-5428706693","geometry":{"type":"Point","coordinates":[116.295197,29.3406021]},"properties":{"id":"osm-node-5428706693","name":"新桥村","township_name":"汪墩乡","source_url":"https://www.openstreetmap.org/node/5428706693","source_id":"5428706693","source_type":"osm","source_updated_at":"2018-02-22T10:25:32Z","retrieved_at":"2026-09-27T04:06:23.342197+00:00","coordinate_source":"OpenStreetMap 原始聚落节点（WGS84）","coordinate_precision":"mapped_point","settlement_level":"unknown","kind":"settlement","verification_status":"publicly_listed","population":null,"elderly_ratio":null,"aliases":[],"sources":[{"id":"osm-node-5428706693","source_id":"5428706693","source_type":"osm","name":"新桥村","url":"https://www.openstreetmap.org/node/5428706693","license":"ODbL 1.0; © OpenStreetMap contributors","source_updated_at":"2018-02-22T10:25:32Z","retrieved_at":"2026-09-27T04:06:23.342197+00:00","coordinate_source":"OpenStreetMap 原始聚落节点（WGS84）","coordinate_precision":"mapped_point","coordinates":[116.295197,29.3406021],"source_feature_type":"village"}],"potential_duplicate":true,"potential_duplicate_ids":["geonames-7635909"],"township_assignment":"OSM乡界多边形空间归属；并非法定隶属核验","deduplication_note":null}},{"type":"Feature","id":"geonames-12561890","geometry":{"type":"Point","coordinates":[116.29943,29.35039]},"properties":{"id":"geonames-12561890","name":"杨储村","township_name":"汪墩乡","source_url":"https://www.geonames.org/12561890/","source_id":"12561890","source_type":"geonames","source_updated_at":"2023-09-07","retrieved_at":"2026-09-27T04:01:28.254836+00:00","coordinate_source":"GeoNames PPL 聚落地名点（WGS84；可能为旧位置或近似中心）","coordinate_precision":"approximate","settlement_level":"unknown","kind":"settlement","verification_status":"publicly_listed","population":null,"elderly_ratio":null,"aliases":["Yangchucun","yang chu cun"],"sources":[{"id":"geonames-12561890","source_id":"12561890","source_type":"geonames","name":"杨储村","url":"https://www.geonames.org/12561890/","license":"CC BY 4.0; GeoNames","source_updated_at":"2023-09-07","retrieved_at":"2026-09-27T04:01:28.254836+00:00","coordinate_source":"GeoNames PPL 聚落地名点（WGS84；可能为旧位置或近似中心）","coordinate_precision":"approximate","coordinates":[116.29943,29.35039],"source_feature_type":"PPL"}],"potential_duplicate":false,"potential_duplicate_ids":[],"township_assignment":"OSM乡界多边形空间归属；并非法定隶属核验","deduplication_note":null}},{"type":"Feature","id":"geonames-12561887","geometry":{"type":"Point","coordinates":[116.27841,29.39608]},"properties":{"id":"geonames-12561887","name":"杨坞村","township_name":"汪墩乡","source_url":"https://www.geonames.org/12561887/","source_id":"12561887","source_type":"geonames","source_updated_at":"2023-09-07","retrieved_at":"2026-09-27T04:01:28.254836+00:00","coordinate_source":"GeoNames PPL 聚落地名点（WGS84；可能为旧位置或近似中心）","coordinate_precision":"approximate","settlement_level":"unknown","kind":"settlement","verification_status":"publicly_listed","population":null,"elderly_ratio":null,"aliases":["Yangwucun","yang wu cun"],"sources":[{"id":"geonames-12561887","source_id":"12561887","source_type":"geonames","name":"杨坞村","url":"https://www.geonames.org/12561887/","license":"CC BY 4.0; GeoNames","source_updated_at":"2023-09-07","retrieved_at":"2026-09-27T04:01:28.254836+00:00","coordinate_source":"GeoNames PPL 聚落地名点（WGS84；可能为旧位置或近似中心）","coordinate_precision":"approximate","coordinates":[116.27841,29.39608],"source_feature_type":"PPL"}],"potential_duplicate":false,"potential_duplicate_ids":[],"township_assignment":"OSM乡界多边形空间归属；并非法定隶属核验","deduplication_note":null}},{"type":"Feature","id":"geonames-12561740","geometry":{"type":"Point","coordinates":[116.31575,29.38201]},"properties":{"id":"geonames-12561740","name":"林丰村","township_name":"汪墩乡","source_url":"https://www.geonames.org/12561740/","source_id":"12561740","source_type":"geonames","source_updated_at":"2023-09-07","retrieved_at":"2026-09-27T04:01:28.254836+00:00","coordinate_source":"GeoNames PPL 聚落地名点（WGS84；可能为旧位置或近似中心）","coordinate_precision":"approximate","settlement_level":"unknown","kind":"settlement","verification_status":"publicly_listed","population":null,"elderly_ratio":null,"aliases":["Linfengcun","lin feng cun"],"sources":[{"id":"geonames-12561740","source_id":"12561740","source_type":"geonames","name":"林丰村","url":"https://www.geonames.org/12561740/","license":"CC BY 4.0; GeoNames","source_updated_at":"2023-09-07","retrieved_at":"2026-09-27T04:01:28.254836+00:00","coordinate_source":"GeoNames PPL 聚落地名点（WGS84；可能为旧位置或近似中心）","coordinate_precision":"approximate","coordinates":[116.31575,29.38201],"source_feature_type":"PPL"}],"potential_duplicate":false,"potential_duplicate_ids":[],"township_assignment":"OSM乡界多边形空间归属；并非法定隶属核验","deduplication_note":null}},{"type":"Feature","id":"geonames-7636504","geometry":{"type":"Point","coordinates":[116.23265,29.29709]},"properties":{"id":"geonames-7636504","name":"榨里蒋村","township_name":"汪墩乡","source_url":"https://www.geonames.org/7636504/","source_id":"7636504","source_type":"geonames","source_updated_at":"2023-09-06","retrieved_at":"2026-09-27T04:01:28.254836+00:00","coordinate_source":"GeoNames PPL 聚落地名点（WGS84；可能为旧位置或近似中心）","coordinate_precision":"approximate","settlement_level":"unknown","kind":"settlement","verification_status":"publicly_listed","population":null,"elderly_ratio":null,"aliases":["Zhalijiang","Zhalijiangcun","zha li jiang","zha li jiang cun","榨里蒋"],"sources":[{"id":"geonames-7636504","source_id":"7636504","source_type":"geonames","name":"榨里蒋村","url":"https://www.geonames.org/7636504/","license":"CC BY 4.0; GeoNames","source_updated_at":"2023-09-06","retrieved_at":"2026-09-27T04:01:28.254836+00:00","coordinate_source":"GeoNames PPL 聚落地名点（WGS84；可能为旧位置或近似中心）","coordinate_precision":"approximate","coordinates":[116.23265,29.29709],"source_feature_type":"PPL"}],"potential_duplicate":false,"potential_duplicate_ids":[],"township_assignment":"OSM乡界多边形空间归属；并非法定隶属核验","deduplication_note":null}},{"type":"Feature","id":"geonames-7635906","geometry":{"type":"Point","coordinates":[116.24718,29.34418]},"properties":{"id":"geonames-7635906","name":"段海里村","township_name":"汪墩乡","source_url":"https://www.geonames.org/7635906/","source_id":"7635906","source_type":"geonames","source_updated_at":"2023-09-06","retrieved_at":"2026-09-27T04:01:28.254836+00:00","coordinate_source":"GeoNames PPL 聚落地名点（WGS84；可能为旧位置或近似中心）","coordinate_precision":"approximate","settlement_level":"unknown","kind":"settlement","verification_status":"publicly_listed","population":null,"elderly_ratio":null,"aliases":["Duanhaili","Duanhailicun","duan hai li","duan hai li cun","段海里"],"sources":[{"id":"geonames-7635906","source_id":"7635906","source_type":"geonames","name":"段海里村","url":"https://www.geonames.org/7635906/","license":"CC BY 4.0; GeoNames","source_updated_at":"2023-09-06","retrieved_at":"2026-09-27T04:01:28.254836+00:00","coordinate_source":"GeoNames PPL 聚落地名点（WGS84；可能为旧位置或近似中心）","coordinate_precision":"approximate","coordinates":[116.24718,29.34418],"source_feature_type":"PPL"}],"potential_duplicate":false,"potential_duplicate_ids":[],"township_assignment":"OSM乡界多边形空间归属；并非法定隶属核验","deduplication_note":null}},{"type":"Feature","id":"osm-node-3933375563","geometry":{"type":"Point","coordinates":[116.264822,29.3713528]},"properties":{"id":"osm-node-3933375563","name":"汪墩","township_name":"汪墩乡","source_url":"https://www.openstreetmap.org/node/3933375563","source_id":"3933375563","source_type":"osm","source_updated_at":"2025-04-05T14:34:07Z","retrieved_at":"2026-09-27T04:06:23.342197+00:00","coordinate_source":"OpenStreetMap 原始聚落节点（WGS84）","coordinate_precision":"mapped_point","settlement_level":"unknown","kind":"settlement","verification_status":"publicly_listed","population":null,"elderly_ratio":null,"aliases":["Wangdun"],"sources":[{"id":"osm-node-3933375563","source_id":"3933375563","source_type":"osm","name":"汪墩","url":"https://www.openstreetmap.org/node/3933375563","license":"ODbL 1.0; © OpenStreetMap contributors","source_updated_at":"2025-04-05T14:34:07Z","retrieved_at":"2026-09-27T04:06:23.342197+00:00","coordinate_source":"OpenStreetMap 原始聚落节点（WGS84）","coordinate_precision":"mapped_point","coordinates":[116.264822,29.3713528],"source_feature_type":"village"}],"potential_duplicate":false,"potential_duplicate_ids":[],"township_assignment":"OSM乡界多边形空间归属；并非法定隶属核验","deduplication_note":null}},{"type":"Feature","id":"osm-node-5428706694","geometry":{"type":"Point","coordinates":[116.266036,29.3730503]},"properties":{"id":"osm-node-5428706694","name":"汪墩街","township_name":"汪墩乡","source_url":"https://www.openstreetmap.org/node/5428706694","source_id":"5428706694","source_type":"osm","source_updated_at":"2018-02-22T10:25:32Z","retrieved_at":"2026-09-27T04:06:23.342197+00:00","coordinate_source":"OpenStreetMap 原始聚落节点（WGS84）","coordinate_precision":"mapped_point","settlement_level":"unknown","kind":"settlement","verification_status":"publicly_listed","population":null,"elderly_ratio":null,"aliases":[],"sources":[{"id":"osm-node-5428706694","source_id":"5428706694","source_type":"osm","name":"汪墩街","url":"https://www.openstreetmap.org/node/5428706694","license":"ODbL 1.0; © OpenStreetMap contributors","source_updated_at":"2018-02-22T10:25:32Z","retrieved_at":"2026-09-27T04:06:23.342197+00:00","coordinate_source":"OpenStreetMap 原始聚落节点（WGS84）","coordinate_precision":"mapped_point","coordinates":[116.266036,29.3730503],"source_feature_type":"hamlet"}],"potential_duplicate":false,"potential_duplicate_ids":[],"township_assignment":"OSM乡界多边形空间归属；并非法定隶属核验","deduplication_note":null}},{"type":"Feature","id":"geonames-7636050","geometry":{"type":"Point","coordinates":[116.23377,29.41833]},"properties":{"id":"geonames-7636050","name":"洋罗","township_name":"汪墩乡","source_url":"https://www.geonames.org/7636050/","source_id":"7636050","source_type":"geonames","source_updated_at":"2021-09-20","retrieved_at":"2026-09-27T04:01:28.254836+00:00","coordinate_source":"GeoNames PPL 聚落地名点（WGS84；可能为旧位置或近似中心）","coordinate_precision":"approximate","settlement_level":"unknown","kind":"settlement","verification_status":"publicly_listed","population":null,"elderly_ratio":null,"aliases":["Yangluo","yang luo"],"sources":[{"id":"geonames-7636050","source_id":"7636050","source_type":"geonames","name":"洋罗","url":"https://www.geonames.org/7636050/","license":"CC BY 4.0; GeoNames","source_updated_at":"2021-09-20","retrieved_at":"2026-09-27T04:01:28.254836+00:00","coordinate_source":"GeoNames PPL 聚落地名点（WGS84；可能为旧位置或近似中心）","coordinate_precision":"approximate","coordinates":[116.23377,29.41833],"source_feature_type":"PPL"}],"potential_duplicate":false,"potential_duplicate_ids":[],"township_assignment":"OSM乡界多边形空间归属；并非法定隶属核验","deduplication_note":null}},{"type":"Feature","id":"geonames-7636227","geometry":{"type":"Point","coordinates":[116.22536,29.33309]},"properties":{"id":"geonames-7636227","name":"深坑","township_name":"汪墩乡","source_url":"https://www.geonames.org/7636227/","source_id":"7636227","source_type":"geonames","source_updated_at":"2021-09-20","retrieved_at":"2026-09-27T04:01:28.254836+00:00","coordinate_source":"GeoNames PPL 聚落地名点（WGS84；可能为旧位置或近似中心）","coordinate_precision":"approximate","settlement_level":"unknown","kind":"settlement","verification_status":"publicly_listed","population":null,"elderly_ratio":null,"aliases":["Shenkeng","shen keng"],"sources":[{"id":"geonames-7636227","source_id":"7636227","source_type":"geonames","name":"深坑","url":"https://www.geonames.org/7636227/","license":"CC BY 4.0; GeoNames","source_updated_at":"2021-09-20","retrieved_at":"2026-09-27T04:01:28.254836+00:00","coordinate_source":"GeoNames PPL 聚落地名点（WGS84；可能为旧位置或近似中心）","coordinate_precision":"approximate","coordinates":[116.22536,29.33309],"source_feature_type":"PPL"}],"potential_duplicate":false,"potential_duplicate_ids":[],"township_assignment":"OSM乡界多边形空间归属；并非法定隶属核验","deduplication_note":null}},{"type":"Feature","id":"osm-node-5428703166","geometry":{"type":"Point","coordinates":[116.2310171,29.324795]},"properties":{"id":"osm-node-5428703166","name":"清水村","township_name":"汪墩乡","source_url":"https://www.openstreetmap.org/node/5428703166","source_id":"5428703166","source_type":"osm","source_updated_at":"2018-02-22T10:22:21Z","retrieved_at":"2026-09-27T04:06:23.342197+00:00","coordinate_source":"OpenStreetMap 原始聚落节点（WGS84）","coordinate_precision":"mapped_point","settlement_level":"unknown","kind":"settlement","verification_status":"publicly_listed","population":null,"elderly_ratio":null,"aliases":["Qingshuicun","qing shui cun"],"sources":[{"id":"osm-node-5428703166","source_id":"5428703166","source_type":"osm","name":"清水村","url":"https://www.openstreetmap.org/node/5428703166","license":"ODbL 1.0; © OpenStreetMap contributors","source_updated_at":"2018-02-22T10:22:21Z","retrieved_at":"2026-09-27T04:06:23.342197+00:00","coordinate_source":"OpenStreetMap 原始聚落节点（WGS84）","coordinate_precision":"mapped_point","coordinates":[116.2310171,29.324795],"source_feature_type":"village"},{"id":"geonames-12561744","source_id":"12561744","source_type":"geonames","name":"清水村","url":"https://www.geonames.org/12561744/","license":"CC BY 4.0; GeoNames","source_updated_at":"2023-09-07","retrieved_at":"2026-09-27T04:01:28.254836+00:00","coordinate_source":"GeoNames PPL 聚落地名点（WGS84；可能为旧位置或近似中心）","coordinate_precision":"approximate","coordinates":[116.23131,29.32449],"source_feature_type":"PPL"}],"potential_duplicate":false,"potential_duplicate_ids":[],"township_assignment":"OSM乡界多边形空间归属；并非法定隶属核验","deduplication_note":"同乡同名/别名且簇内两两相距不超过150米合并；优先OSM原始点"}},{"type":"Feature","id":"geonames-7636093","geometry":{"type":"Point","coordinates":[116.24385,29.36277]},"properties":{"id":"geonames-7636093","name":"王坊","township_name":"汪墩乡","source_url":"https://www.geonames.org/7636093/","source_id":"7636093","source_type":"geonames","source_updated_at":"2021-09-20","retrieved_at":"2026-09-27T04:01:28.254836+00:00","coordinate_source":"GeoNames PPL 聚落地名点（WGS84；可能为旧位置或近似中心）","coordinate_precision":"approximate","settlement_level":"unknown","kind":"settlement","verification_status":"publicly_listed","population":null,"elderly_ratio":null,"aliases":["Wangfang","wang fang"],"sources":[{"id":"geonames-7636093","source_id":"7636093","source_type":"geonames","name":"王坊","url":"https://www.geonames.org/7636093/","license":"CC BY 4.0; GeoNames","source_updated_at":"2021-09-20","retrieved_at":"2026-09-27T04:01:28.254836+00:00","coordinate_source":"GeoNames PPL 聚落地名点（WGS84；可能为旧位置或近似中心）","coordinate_precision":"approximate","coordinates":[116.24385,29.36277],"source_feature_type":"PPL"}],"potential_duplicate":false,"potential_duplicate_ids":[],"township_assignment":"OSM乡界多边形空间归属；并非法定隶属核验","deduplication_note":null}},{"type":"Feature","id":"osm-node-5428703173","geometry":{"type":"Point","coordinates":[116.2330449,29.421535]},"properties":{"id":"osm-node-5428703173","name":"石嘴桥","township_name":"汪墩乡","source_url":"https://www.openstreetmap.org/node/5428703173","source_id":"5428703173","source_type":"osm","source_updated_at":"2018-02-22T10:22:21Z","retrieved_at":"2026-09-27T04:06:23.342197+00:00","coordinate_source":"OpenStreetMap 原始聚落节点（WGS84）","coordinate_precision":"mapped_point","settlement_level":"unknown","kind":"settlement","verification_status":"publicly_listed","population":null,"elderly_ratio":null,"aliases":[],"sources":[{"id":"osm-node-5428703173","source_id":"5428703173","source_type":"osm","name":"石嘴桥","url":"https://www.openstreetmap.org/node/5428703173","license":"ODbL 1.0; © OpenStreetMap contributors","source_updated_at":"2018-02-22T10:22:21Z","retrieved_at":"2026-09-27T04:06:23.342197+00:00","coordinate_source":"OpenStreetMap 原始聚落节点（WGS84）","coordinate_precision":"mapped_point","coordinates":[116.2330449,29.421535],"source_feature_type":"hamlet"}],"potential_duplicate":false,"potential_duplicate_ids":[],"township_assignment":"OSM乡界多边形空间归属；并非法定隶属核验","deduplication_note":null}},{"type":"Feature","id":"osm-node-5428703170","geometry":{"type":"Point","coordinates":[116.2482583,29.4219182]},"properties":{"id":"osm-node-5428703170","name":"紫滕","township_name":"汪墩乡","source_url":"https://www.openstreetmap.org/node/5428703170","source_id":"5428703170","source_type":"osm","source_updated_at":"2018-02-22T10:22:21Z","retrieved_at":"2026-09-27T04:06:23.342197+00:00","coordinate_source":"OpenStreetMap 原始聚落节点（WGS84）","coordinate_precision":"mapped_point","settlement_level":"unknown","kind":"settlement","verification_status":"publicly_listed","population":null,"elderly_ratio":null,"aliases":[],"sources":[{"id":"osm-node-5428703170","source_id":"5428703170","source_type":"osm","name":"紫滕","url":"https://www.openstreetmap.org/node/5428703170","license":"ODbL 1.0; © OpenStreetMap contributors","source_updated_at":"2018-02-22T10:22:21Z","retrieved_at":"2026-09-27T04:06:23.342197+00:00","coordinate_source":"OpenStreetMap 原始聚落节点（WGS84）","coordinate_precision":"mapped_point","coordinates":[116.2482583,29.4219182],"source_feature_type":"hamlet"}],"potential_duplicate":false,"potential_duplicate_ids":[],"township_assignment":"OSM乡界多边形空间归属；并非法定隶属核验","deduplication_note":null}},{"type":"Feature","id":"geonames-12561795","geometry":{"type":"Point","coordinates":[116.21149,29.32816]},"properties":{"id":"geonames-12561795","name":"红桥村","township_name":"汪墩乡","source_url":"https://www.geonames.org/12561795/","source_id":"12561795","source_type":"geonames","source_updated_at":"2023-09-07","retrieved_at":"2026-09-27T04:01:28.254836+00:00","coordinate_source":"GeoNames PPL 聚落地名点（WGS84；可能为旧位置或近似中心）","coordinate_precision":"approximate","settlement_level":"unknown","kind":"settlement","verification_status":"publicly_listed","population":null,"elderly_ratio":null,"aliases":["Hongqiaocun","hong qiao cun"],"sources":[{"id":"geonames-12561795","source_id":"12561795","source_type":"geonames","name":"红桥村","url":"https://www.geonames.org/12561795/","license":"CC BY 4.0; GeoNames","source_updated_at":"2023-09-07","retrieved_at":"2026-09-27T04:01:28.254836+00:00","coordinate_source":"GeoNames PPL 聚落地名点（WGS84；可能为旧位置或近似中心）","coordinate_precision":"approximate","coordinates":[116.21149,29.32816],"source_feature_type":"PPL"}],"potential_duplicate":true,"potential_duplicate_ids":["osm-node-5428703162"],"township_assignment":"OSM乡界多边形空间归属；并非法定隶属核验","deduplication_note":null}},{"type":"Feature","id":"osm-node-5428703162","geometry":{"type":"Point","coordinates":[116.2145913,29.327807]},"properties":{"id":"osm-node-5428703162","name":"红桥村","township_name":"汪墩乡","source_url":"https://www.openstreetmap.org/node/5428703162","source_id":"5428703162","source_type":"osm","source_updated_at":"2018-02-22T10:22:20Z","retrieved_at":"2026-09-27T04:06:23.342197+00:00","coordinate_source":"OpenStreetMap 原始聚落节点（WGS84）","coordinate_precision":"mapped_point","settlement_level":"unknown","kind":"settlement","verification_status":"publicly_listed","population":null,"elderly_ratio":null,"aliases":[],"sources":[{"id":"osm-node-5428703162","source_id":"5428703162","source_type":"osm","name":"红桥村","url":"https://www.openstreetmap.org/node/5428703162","license":"ODbL 1.0; © OpenStreetMap contributors","source_updated_at":"2018-02-22T10:22:20Z","retrieved_at":"2026-09-27T04:06:23.342197+00:00","coordinate_source":"OpenStreetMap 原始聚落节点（WGS84）","coordinate_precision":"mapped_point","coordinates":[116.2145913,29.327807],"source_feature_type":"village"}],"potential_duplicate":true,"potential_duplicate_ids":["geonames-12561795"],"township_assignment":"OSM乡界多边形空间归属；并非法定隶属核验","deduplication_note":null}},{"type":"Feature","id":"geonames-7636470","geometry":{"type":"Point","coordinates":[116.2149,29.35807]},"properties":{"id":"geonames-7636470","name":"细桥村","township_name":"汪墩乡","source_url":"https://www.geonames.org/7636470/","source_id":"7636470","source_type":"geonames","source_updated_at":"2023-09-06","retrieved_at":"2026-09-27T04:01:28.254836+00:00","coordinate_source":"GeoNames PPL 聚落地名点（WGS84；可能为旧位置或近似中心）","coordinate_precision":"approximate","settlement_level":"unknown","kind":"settlement","verification_status":"publicly_listed","population":null,"elderly_ratio":null,"aliases":["Xiqiao","Xiqiaocun","xi qiao","xi qiao cun","细桥"],"sources":[{"id":"geonames-7636470","source_id":"7636470","source_type":"geonames","name":"细桥村","url":"https://www.geonames.org/7636470/","license":"CC BY 4.0; GeoNames","source_updated_at":"2023-09-06","retrieved_at":"2026-09-27T04:01:28.254836+00:00","coordinate_source":"GeoNames PPL 聚落地名点（WGS84；可能为旧位置或近似中心）","coordinate_precision":"approximate","coordinates":[116.2149,29.35807],"source_feature_type":"PPL"}],"potential_duplicate":true,"potential_duplicate_ids":["osm-node-5428703163"],"township_assignment":"OSM乡界多边形空间归属；并非法定隶属核验","deduplication_note":null}},{"type":"Feature","id":"osm-node-5428703163","geometry":{"type":"Point","coordinates":[116.2167799,29.3575288]},"properties":{"id":"osm-node-5428703163","name":"细桥村","township_name":"汪墩乡","source_url":"https://www.openstreetmap.org/node/5428703163","source_id":"5428703163","source_type":"osm","source_updated_at":"2018-02-22T10:22:20Z","retrieved_at":"2026-09-27T04:06:23.342197+00:00","coordinate_source":"OpenStreetMap 原始聚落节点（WGS84）","coordinate_precision":"mapped_point","settlement_level":"unknown","kind":"settlement","verification_status":"publicly_listed","population":null,"elderly_ratio":null,"aliases":[],"sources":[{"id":"osm-node-5428703163","source_id":"5428703163","source_type":"osm","name":"细桥村","url":"https://www.openstreetmap.org/node/5428703163","license":"ODbL 1.0; © OpenStreetMap contributors","source_updated_at":"2018-02-22T10:22:20Z","retrieved_at":"2026-09-27T04:06:23.342197+00:00","coordinate_source":"OpenStreetMap 原始聚落节点（WGS84）","coordinate_precision":"mapped_point","coordinates":[116.2167799,29.3575288],"source_feature_type":"village"}],"potential_duplicate":true,"potential_duplicate_ids":["geonames-7636470"],"township_assignment":"OSM乡界多边形空间归属；并非法定隶属核验","deduplication_note":null}},{"type":"Feature","id":"geonames-7635893","geometry":{"type":"Point","coordinates":[116.29145,29.40066]},"properties":{"id":"geonames-7635893","name":"老屋刘","township_name":"汪墩乡","source_url":"https://www.geonames.org/7635893/","source_id":"7635893","source_type":"geonames","source_updated_at":"2023-09-06","retrieved_at":"2026-09-27T04:01:28.254836+00:00","coordinate_source":"GeoNames PPL 聚落地名点（WGS84；可能为旧位置或近似中心）","coordinate_precision":"approximate","settlement_level":"unknown","kind":"settlement","verification_status":"publicly_listed","population":null,"elderly_ratio":null,"aliases":["Laowuliu","lao wu liu"],"sources":[{"id":"geonames-7635893","source_id":"7635893","source_type":"geonames","name":"老屋刘","url":"https://www.geonames.org/7635893/","license":"CC BY 4.0; GeoNames","source_updated_at":"2023-09-06","retrieved_at":"2026-09-27T04:01:28.254836+00:00","coordinate_source":"GeoNames PPL 聚落地名点（WGS84；可能为旧位置或近似中心）","coordinate_precision":"approximate","coordinates":[116.29145,29.40066],"source_feature_type":"PPL"}],"potential_duplicate":false,"potential_duplicate_ids":[],"township_assignment":"OSM乡界多边形空间归属；并非法定隶属核验","deduplication_note":null}},{"type":"Feature","id":"osm-node-4246713420","geometry":{"type":"Point","coordinates":[116.2635278,29.4033001]},"properties":{"id":"osm-node-4246713420","name":"茅垄","township_name":"汪墩乡","source_url":"https://www.openstreetmap.org/node/4246713420","source_id":"4246713420","source_type":"osm","source_updated_at":"2021-07-26T16:34:57Z","retrieved_at":"2026-09-27T04:06:23.342197+00:00","coordinate_source":"OpenStreetMap 原始聚落节点（WGS84）","coordinate_precision":"mapped_point","settlement_level":"unknown","kind":"settlement","verification_status":"publicly_listed","population":null,"elderly_ratio":null,"aliases":["Maolong","Maolongcun","mao long","mao long cun","茅垅村"],"sources":[{"id":"osm-node-4246713420","source_id":"4246713420","source_type":"osm","name":"茅垄","url":"https://www.openstreetmap.org/node/4246713420","license":"ODbL 1.0; © OpenStreetMap contributors","source_updated_at":"2021-07-26T16:34:57Z","retrieved_at":"2026-09-27T04:06:23.342197+00:00","coordinate_source":"OpenStreetMap 原始聚落节点（WGS84）","coordinate_precision":"mapped_point","coordinates":[116.2635278,29.4033001],"source_feature_type":"village"},{"id":"geonames-7635890","source_id":"7635890","source_type":"geonames","name":"茅垅村","url":"https://www.geonames.org/7635890/","license":"CC BY 4.0; GeoNames","source_updated_at":"2023-09-06","retrieved_at":"2026-09-27T04:01:28.254836+00:00","coordinate_source":"GeoNames PPL 聚落地名点（WGS84；可能为旧位置或近似中心）","coordinate_precision":"approximate","coordinates":[116.26382,29.40336],"source_feature_type":"PPL"}],"potential_duplicate":false,"potential_duplicate_ids":[],"township_assignment":"OSM乡界多边形空间归属；并非法定隶属核验","deduplication_note":"同乡同名/别名且簇内两两相距不超过150米合并；优先OSM原始点"}},{"type":"Feature","id":"geonames-7636429","geometry":{"type":"Point","coordinates":[116.30886,29.3633]},"properties":{"id":"geonames-7636429","name":"茶铺村","township_name":"汪墩乡","source_url":"https://www.geonames.org/7636429/","source_id":"7636429","source_type":"geonames","source_updated_at":"2023-09-06","retrieved_at":"2026-09-27T04:01:28.254836+00:00","coordinate_source":"GeoNames PPL 聚落地名点（WGS84；可能为旧位置或近似中心）","coordinate_precision":"approximate","settlement_level":"unknown","kind":"settlement","verification_status":"publicly_listed","population":null,"elderly_ratio":null,"aliases":["Chapu","Chapucun","cha pu","cha pu cun","茶铺"],"sources":[{"id":"geonames-7636429","source_id":"7636429","source_type":"geonames","name":"茶铺村","url":"https://www.geonames.org/7636429/","license":"CC BY 4.0; GeoNames","source_updated_at":"2023-09-06","retrieved_at":"2026-09-27T04:01:28.254836+00:00","coordinate_source":"GeoNames PPL 聚落地名点（WGS84；可能为旧位置或近似中心）","coordinate_precision":"approximate","coordinates":[116.30886,29.3633],"source_feature_type":"PPL"}],"potential_duplicate":false,"potential_duplicate_ids":[],"township_assignment":"OSM乡界多边形空间归属；并非法定隶属核验","deduplication_note":null}},{"type":"Feature","id":"geonames-12561888","geometry":{"type":"Point","coordinates":[116.27925,29.37702]},"properties":{"id":"geonames-12561888","name":"蒲塘村","township_name":"汪墩乡","source_url":"https://www.geonames.org/12561888/","source_id":"12561888","source_type":"geonames","source_updated_at":"2023-09-07","retrieved_at":"2026-09-27T04:01:28.254836+00:00","coordinate_source":"GeoNames PPL 聚落地名点（WGS84；可能为旧位置或近似中心）","coordinate_precision":"approximate","settlement_level":"unknown","kind":"settlement","verification_status":"publicly_listed","population":null,"elderly_ratio":null,"aliases":["Putangcun","pu tang cun"],"sources":[{"id":"geonames-12561888","source_id":"12561888","source_type":"geonames","name":"蒲塘村","url":"https://www.geonames.org/12561888/","license":"CC BY 4.0; GeoNames","source_updated_at":"2023-09-07","retrieved_at":"2026-09-27T04:01:28.254836+00:00","coordinate_source":"GeoNames PPL 聚落地名点（WGS84；可能为旧位置或近似中心）","coordinate_precision":"approximate","coordinates":[116.27925,29.37702],"source_feature_type":"PPL"}],"potential_duplicate":false,"potential_duplicate_ids":[],"township_assignment":"OSM乡界多边形空间归属；并非法定隶属核验","deduplication_note":null}},{"type":"Feature","id":"geonames-7636599","geometry":{"type":"Point","coordinates":[116.29067,29.3304]},"properties":{"id":"geonames-7636599","name":"蛇形地张家","township_name":"汪墩乡","source_url":"https://www.geonames.org/7636599/","source_id":"7636599","source_type":"geonames","source_updated_at":"2023-09-06","retrieved_at":"2026-09-27T04:01:28.254836+00:00","coordinate_source":"GeoNames PPL 聚落地名点（WGS84；可能为旧位置或近似中心）","coordinate_precision":"approximate","settlement_level":"unknown","kind":"settlement","verification_status":"publicly_listed","population":null,"elderly_ratio":null,"aliases":["Shexingdi Zhangjia","she xing de zhang jia"],"sources":[{"id":"geonames-7636599","source_id":"7636599","source_type":"geonames","name":"蛇形地张家","url":"https://www.geonames.org/7636599/","license":"CC BY 4.0; GeoNames","source_updated_at":"2023-09-06","retrieved_at":"2026-09-27T04:01:28.254836+00:00","coordinate_source":"GeoNames PPL 聚落地名点（WGS84；可能为旧位置或近似中心）","coordinate_precision":"approximate","coordinates":[116.29067,29.3304],"source_feature_type":"PPL"}],"potential_duplicate":false,"potential_duplicate_ids":[],"township_assignment":"OSM乡界多边形空间归属；并非法定隶属核验","deduplication_note":null}},{"type":"Feature","id":"geonames-7636362","geometry":{"type":"Point","coordinates":[116.22133,29.32845]},"properties":{"id":"geonames-7636362","name":"詹辉辰","township_name":"汪墩乡","source_url":"https://www.geonames.org/7636362/","source_id":"7636362","source_type":"geonames","source_updated_at":"2023-09-06","retrieved_at":"2026-09-27T04:01:28.254836+00:00","coordinate_source":"GeoNames PPL 聚落地名点（WGS84；可能为旧位置或近似中心）","coordinate_precision":"approximate","settlement_level":"unknown","kind":"settlement","verification_status":"publicly_listed","population":null,"elderly_ratio":null,"aliases":["Zhanhuichen","zhan hui chen"],"sources":[{"id":"geonames-7636362","source_id":"7636362","source_type":"geonames","name":"詹辉辰","url":"https://www.geonames.org/7636362/","license":"CC BY 4.0; GeoNames","source_updated_at":"2023-09-06","retrieved_at":"2026-09-27T04:01:28.254836+00:00","coordinate_source":"GeoNames PPL 聚落地名点（WGS84；可能为旧位置或近似中心）","coordinate_precision":"approximate","coordinates":[116.22133,29.32845],"source_feature_type":"PPL"}],"potential_duplicate":false,"potential_duplicate_ids":[],"township_assignment":"OSM乡界多边形空间归属；并非法定隶属核验","deduplication_note":null}},{"type":"Feature","id":"osm-node-5428703165","geometry":{"type":"Point","coordinates":[116.2269187,29.3332133]},"properties":{"id":"osm-node-5428703165","name":"辉辰","township_name":"汪墩乡","source_url":"https://www.openstreetmap.org/node/5428703165","source_id":"5428703165","source_type":"osm","source_updated_at":"2018-02-22T10:22:21Z","retrieved_at":"2026-09-27T04:06:23.342197+00:00","coordinate_source":"OpenStreetMap 原始聚落节点（WGS84）","coordinate_precision":"mapped_point","settlement_level":"unknown","kind":"settlement","verification_status":"publicly_listed","population":null,"elderly_ratio":null,"aliases":[],"sources":[{"id":"osm-node-5428703165","source_id":"5428703165","source_type":"osm","name":"辉辰","url":"https://www.openstreetmap.org/node/5428703165","license":"ODbL 1.0; © OpenStreetMap contributors","source_updated_at":"2018-02-22T10:22:21Z","retrieved_at":"2026-09-27T04:06:23.342197+00:00","coordinate_source":"OpenStreetMap 原始聚落节点（WGS84）","coordinate_precision":"mapped_point","coordinates":[116.2269187,29.3332133],"source_feature_type":"hamlet"}],"potential_duplicate":false,"potential_duplicate_ids":[],"township_assignment":"OSM乡界多边形空间归属；并非法定隶属核验","deduplication_note":null}},{"type":"Feature","id":"geonames-7636747","geometry":{"type":"Point","coordinates":[116.31304,29.39197]},"properties":{"id":"geonames-7636747","name":"鄢家山","township_name":"汪墩乡","source_url":"https://www.geonames.org/7636747/","source_id":"7636747","source_type":"geonames","source_updated_at":"2021-09-20","retrieved_at":"2026-09-27T04:01:28.254836+00:00","coordinate_source":"GeoNames PPL 聚落地名点（WGS84；可能为旧位置或近似中心）","coordinate_precision":"approximate","settlement_level":"unknown","kind":"settlement","verification_status":"publicly_listed","population":null,"elderly_ratio":null,"aliases":["Yanjiashan","yan jia shan"],"sources":[{"id":"geonames-7636747","source_id":"7636747","source_type":"geonames","name":"鄢家山","url":"https://www.geonames.org/7636747/","license":"CC BY 4.0; GeoNames","source_updated_at":"2021-09-20","retrieved_at":"2026-09-27T04:01:28.254836+00:00","coordinate_source":"GeoNames PPL 聚落地名点（WGS84；可能为旧位置或近似中心）","coordinate_precision":"approximate","coordinates":[116.31304,29.39197],"source_feature_type":"PPL"}],"potential_duplicate":false,"potential_duplicate_ids":[],"township_assignment":"OSM乡界多边形空间归属；并非法定隶属核验","deduplication_note":null}},{"type":"Feature","id":"geonames-12561802","geometry":{"type":"Point","coordinates":[116.2531,29.35674]},"properties":{"id":"geonames-12561802","name":"酒坊村","township_name":"汪墩乡","source_url":"https://www.geonames.org/12561802/","source_id":"12561802","source_type":"geonames","source_updated_at":"2023-09-07","retrieved_at":"2026-09-27T04:01:28.254836+00:00","coordinate_source":"GeoNames PPL 聚落地名点（WGS84；可能为旧位置或近似中心）","coordinate_precision":"approximate","settlement_level":"unknown","kind":"settlement","verification_status":"publicly_listed","population":null,"elderly_ratio":null,"aliases":["Jiufangcun","jiu fang cun"],"sources":[{"id":"geonames-12561802","source_id":"12561802","source_type":"geonames","name":"酒坊村","url":"https://www.geonames.org/12561802/","license":"CC BY 4.0; GeoNames","source_updated_at":"2023-09-07","retrieved_at":"2026-09-27T04:01:28.254836+00:00","coordinate_source":"GeoNames PPL 聚落地名点（WGS84；可能为旧位置或近似中心）","coordinate_precision":"approximate","coordinates":[116.2531,29.35674],"source_feature_type":"PPL"}],"potential_duplicate":false,"potential_duplicate_ids":[],"township_assignment":"OSM乡界多边形空间归属；并非法定隶属核验","deduplication_note":null}},{"type":"Feature","id":"osm-node-5428703172","geometry":{"type":"Point","coordinates":[116.2339032,29.4204323]},"properties":{"id":"osm-node-5428703172","name":"重兴","township_name":"汪墩乡","source_url":"https://www.openstreetmap.org/node/5428703172","source_id":"5428703172","source_type":"osm","source_updated_at":"2018-02-22T10:22:21Z","retrieved_at":"2026-09-27T04:06:23.342197+00:00","coordinate_source":"OpenStreetMap 原始聚落节点（WGS84）","coordinate_precision":"mapped_point","settlement_level":"unknown","kind":"settlement","verification_status":"publicly_listed","population":null,"elderly_ratio":null,"aliases":[],"sources":[{"id":"osm-node-5428703172","source_id":"5428703172","source_type":"osm","name":"重兴","url":"https://www.openstreetmap.org/node/5428703172","license":"ODbL 1.0; © OpenStreetMap contributors","source_updated_at":"2018-02-22T10:22:21Z","retrieved_at":"2026-09-27T04:06:23.342197+00:00","coordinate_source":"OpenStreetMap 原始聚落节点（WGS84）","coordinate_precision":"mapped_point","coordinates":[116.2339032,29.4204323],"source_feature_type":"hamlet"}],"potential_duplicate":false,"potential_duplicate_ids":[],"township_assignment":"OSM乡界多边形空间归属；并非法定隶属核验","deduplication_note":null}},{"type":"Feature","id":"geonames-12561845","geometry":{"type":"Point","coordinates":[116.29007,29.36827]},"properties":{"id":"geonames-12561845","name":"铁炉村","township_name":"汪墩乡","source_url":"https://www.geonames.org/12561845/","source_id":"12561845","source_type":"geonames","source_updated_at":"2023-09-07","retrieved_at":"2026-09-27T04:01:28.254836+00:00","coordinate_source":"GeoNames PPL 聚落地名点（WGS84；可能为旧位置或近似中心）","coordinate_precision":"approximate","settlement_level":"unknown","kind":"settlement","verification_status":"publicly_listed","population":null,"elderly_ratio":null,"aliases":["Tielucun","tie lu cun"],"sources":[{"id":"geonames-12561845","source_id":"12561845","source_type":"geonames","name":"铁炉村","url":"https://www.geonames.org/12561845/","license":"CC BY 4.0; GeoNames","source_updated_at":"2023-09-07","retrieved_at":"2026-09-27T04:01:28.254836+00:00","coordinate_source":"GeoNames PPL 聚落地名点（WGS84；可能为旧位置或近似中心）","coordinate_precision":"approximate","coordinates":[116.29007,29.36827],"source_feature_type":"PPL"}],"potential_duplicate":false,"potential_duplicate_ids":[],"township_assignment":"OSM乡界多边形空间归属；并非法定隶属核验","deduplication_note":null}},{"type":"Feature","id":"geonames-12561822","geometry":{"type":"Point","coordinates":[116.28401,29.34887]},"properties":{"id":"geonames-12561822","name":"阳港村","township_name":"汪墩乡","source_url":"https://www.geonames.org/12561822/","source_id":"12561822","source_type":"geonames","source_updated_at":"2023-09-07","retrieved_at":"2026-09-27T04:01:28.254836+00:00","coordinate_source":"GeoNames PPL 聚落地名点（WGS84；可能为旧位置或近似中心）","coordinate_precision":"approximate","settlement_level":"unknown","kind":"settlement","verification_status":"publicly_listed","population":null,"elderly_ratio":null,"aliases":["Yanggangcun","yang gang cun"],"sources":[{"id":"geonames-12561822","source_id":"12561822","source_type":"geonames","name":"阳港村","url":"https://www.geonames.org/12561822/","license":"CC BY 4.0; GeoNames","source_updated_at":"2023-09-07","retrieved_at":"2026-09-27T04:01:28.254836+00:00","coordinate_source":"GeoNames PPL 聚落地名点（WGS84；可能为旧位置或近似中心）","coordinate_precision":"approximate","coordinates":[116.28401,29.34887],"source_feature_type":"PPL"}],"potential_duplicate":false,"potential_duplicate_ids":[],"township_assignment":"OSM乡界多边形空间归属；并非法定隶属核验","deduplication_note":null}},{"type":"Feature","id":"geonames-12561885","geometry":{"type":"Point","coordinates":[116.24632,29.40847]},"properties":{"id":"geonames-12561885","name":"高垅村","township_name":"汪墩乡","source_url":"https://www.geonames.org/12561885/","source_id":"12561885","source_type":"geonames","source_updated_at":"2023-09-07","retrieved_at":"2026-09-27T04:01:28.254836+00:00","coordinate_source":"GeoNames PPL 聚落地名点（WGS84；可能为旧位置或近似中心）","coordinate_precision":"approximate","settlement_level":"unknown","kind":"settlement","verification_status":"publicly_listed","population":null,"elderly_ratio":null,"aliases":["Gaolongcun","gao long cun"],"sources":[{"id":"geonames-12561885","source_id":"12561885","source_type":"geonames","name":"高垅村","url":"https://www.geonames.org/12561885/","license":"CC BY 4.0; GeoNames","source_updated_at":"2023-09-07","retrieved_at":"2026-09-27T04:01:28.254836+00:00","coordinate_source":"GeoNames PPL 聚落地名点（WGS84；可能为旧位置或近似中心）","coordinate_precision":"approximate","coordinates":[116.24632,29.40847],"source_feature_type":"PPL"}],"potential_duplicate":false,"potential_duplicate_ids":[],"township_assignment":"OSM乡界多边形空间归属；并非法定隶属核验","deduplication_note":null}},{"type":"Feature","id":"osm-node-8951556598","geometry":{"type":"Point","coordinates":[116.2760874,29.3183322]},"properties":{"id":"osm-node-8951556598","name":"黄塘","township_name":"汪墩乡","source_url":"https://www.openstreetmap.org/node/8951556598","source_id":"8951556598","source_type":"osm","source_updated_at":"2021-07-26T14:19:12Z","retrieved_at":"2026-09-27T04:06:23.342197+00:00","coordinate_source":"OpenStreetMap 原始聚落节点（WGS84）","coordinate_precision":"mapped_point","settlement_level":"unknown","kind":"settlement","verification_status":"publicly_listed","population":null,"elderly_ratio":null,"aliases":["Huangtang","Huangtangcun","huang tang","huang tang cun","黄塘村"],"sources":[{"id":"osm-node-8951556598","source_id":"8951556598","source_type":"osm","name":"黄塘","url":"https://www.openstreetmap.org/node/8951556598","license":"ODbL 1.0; © OpenStreetMap contributors","source_updated_at":"2021-07-26T14:19:12Z","retrieved_at":"2026-09-27T04:06:23.342197+00:00","coordinate_source":"OpenStreetMap 原始聚落节点（WGS84）","coordinate_precision":"mapped_point","coordinates":[116.2760874,29.3183322],"source_feature_type":"village"},{"id":"geonames-7636598","source_id":"7636598","source_type":"geonames","name":"黄塘村","url":"https://www.geonames.org/7636598/","license":"CC BY 4.0; GeoNames","source_updated_at":"2023-09-06","retrieved_at":"2026-09-27T04:01:28.254836+00:00","coordinate_source":"GeoNames PPL 聚落地名点（WGS84；可能为旧位置或近似中心）","coordinate_precision":"approximate","coordinates":[116.27573,29.31828],"source_feature_type":"PPL"}],"potential_duplicate":false,"potential_duplicate_ids":[],"township_assignment":"OSM乡界多边形空间归属；并非法定隶属核验","deduplication_note":"同乡同名/别名且簇内两两相距不超过150米合并；优先OSM原始点"}},{"type":"Feature","id":"geonames-7636471","geometry":{"type":"Point","coordinates":[116.24591,29.32412]},"properties":{"id":"geonames-7636471","name":"黄家畈","township_name":"汪墩乡","source_url":"https://www.geonames.org/7636471/","source_id":"7636471","source_type":"geonames","source_updated_at":"2023-09-06","retrieved_at":"2026-09-27T04:01:28.254836+00:00","coordinate_source":"GeoNames PPL 聚落地名点（WGS84；可能为旧位置或近似中心）","coordinate_precision":"approximate","settlement_level":"unknown","kind":"settlement","verification_status":"publicly_listed","population":null,"elderly_ratio":null,"aliases":["Huangjiafan","huang jia fan"],"sources":[{"id":"geonames-7636471","source_id":"7636471","source_type":"geonames","name":"黄家畈","url":"https://www.geonames.org/7636471/","license":"CC BY 4.0; GeoNames","source_updated_at":"2023-09-06","retrieved_at":"2026-09-27T04:01:28.254836+00:00","coordinate_source":"GeoNames PPL 聚落地名点（WGS84；可能为旧位置或近似中心）","coordinate_precision":"approximate","coordinates":[116.24591,29.32412],"source_feature_type":"PPL"}],"potential_duplicate":false,"potential_duplicate_ids":[],"township_assignment":"OSM乡界多边形空间归属；并非法定隶属核验","deduplication_note":null}},{"type":"Feature","id":"geonames-12561834","geometry":{"type":"Point","coordinates":[116.48781,29.34893]},"properties":{"id":"geonames-12561834","name":"八都村","township_name":"狮山乡","source_url":"https://www.geonames.org/12561834/","source_id":"12561834","source_type":"geonames","source_updated_at":"2023-09-07","retrieved_at":"2026-09-27T04:01:28.254836+00:00","coordinate_source":"GeoNames PPL 聚落地名点（WGS84；可能为旧位置或近似中心）","coordinate_precision":"approximate","settlement_level":"unknown","kind":"settlement","verification_status":"publicly_listed","population":null,"elderly_ratio":null,"aliases":["Badoucun","ba dou cun"],"sources":[{"id":"geonames-12561834","source_id":"12561834","source_type":"geonames","name":"八都村","url":"https://www.geonames.org/12561834/","license":"CC BY 4.0; GeoNames","source_updated_at":"2023-09-07","retrieved_at":"2026-09-27T04:01:28.254836+00:00","coordinate_source":"GeoNames PPL 聚落地名点（WGS84；可能为旧位置或近似中心）","coordinate_precision":"approximate","coordinates":[116.48781,29.34893],"source_feature_type":"PPL"}],"potential_duplicate":false,"potential_duplicate_ids":[],"township_assignment":"OSM乡界多边形空间归属；并非法定隶属核验","deduplication_note":null}},{"type":"Feature","id":"geonames-12561868","geometry":{"type":"Point","coordinates":[116.47254,29.33181]},"properties":{"id":"geonames-12561868","name":"斗山","township_name":"狮山乡","source_url":"https://www.geonames.org/12561868/","source_id":"12561868","source_type":"geonames","source_updated_at":"2023-09-07","retrieved_at":"2026-09-27T04:01:28.254836+00:00","coordinate_source":"GeoNames PPL 聚落地名点（WGS84；可能为旧位置或近似中心）","coordinate_precision":"approximate","settlement_level":"unknown","kind":"settlement","verification_status":"publicly_listed","population":null,"elderly_ratio":null,"aliases":["Doushan","dou shan"],"sources":[{"id":"geonames-12561868","source_id":"12561868","source_type":"geonames","name":"斗山","url":"https://www.geonames.org/12561868/","license":"CC BY 4.0; GeoNames","source_updated_at":"2023-09-07","retrieved_at":"2026-09-27T04:01:28.254836+00:00","coordinate_source":"GeoNames PPL 聚落地名点（WGS84；可能为旧位置或近似中心）","coordinate_precision":"approximate","coordinates":[116.47254,29.33181],"source_feature_type":"PPL"}],"potential_duplicate":false,"potential_duplicate_ids":[],"township_assignment":"OSM乡界多边形空间归属；并非法定隶属核验","deduplication_note":null}},{"type":"Feature","id":"geonames-7636780","geometry":{"type":"Point","coordinates":[116.4963,29.29718]},"properties":{"id":"geonames-7636780","name":"朱树下","township_name":"狮山乡","source_url":"https://www.geonames.org/7636780/","source_id":"7636780","source_type":"geonames","source_updated_at":"2023-09-06","retrieved_at":"2026-09-27T04:01:28.254836+00:00","coordinate_source":"GeoNames PPL 聚落地名点（WGS84；可能为旧位置或近似中心）","coordinate_precision":"approximate","settlement_level":"unknown","kind":"settlement","verification_status":"publicly_listed","population":null,"elderly_ratio":null,"aliases":["Zhushuxia","zhu shu xia"],"sources":[{"id":"geonames-7636780","source_id":"7636780","source_type":"geonames","name":"朱树下","url":"https://www.geonames.org/7636780/","license":"CC BY 4.0; GeoNames","source_updated_at":"2023-09-06","retrieved_at":"2026-09-27T04:01:28.254836+00:00","coordinate_source":"GeoNames PPL 聚落地名点（WGS84；可能为旧位置或近似中心）","coordinate_precision":"approximate","coordinates":[116.4963,29.29718],"source_feature_type":"PPL"}],"potential_duplicate":false,"potential_duplicate_ids":[],"township_assignment":"OSM乡界多边形空间归属；并非法定隶属核验","deduplication_note":null}},{"type":"Feature","id":"geonames-7636397","geometry":{"type":"Point","coordinates":[116.49128,29.35303]},"properties":{"id":"geonames-7636397","name":"榨下刘家","township_name":"狮山乡","source_url":"https://www.geonames.org/7636397/","source_id":"7636397","source_type":"geonames","source_updated_at":"2023-09-06","retrieved_at":"2026-09-27T04:01:28.254836+00:00","coordinate_source":"GeoNames PPL 聚落地名点（WGS84；可能为旧位置或近似中心）","coordinate_precision":"approximate","settlement_level":"unknown","kind":"settlement","verification_status":"publicly_listed","population":null,"elderly_ratio":null,"aliases":["Zhaxia Liujia","zha xia liu jia"],"sources":[{"id":"geonames-7636397","source_id":"7636397","source_type":"geonames","name":"榨下刘家","url":"https://www.geonames.org/7636397/","license":"CC BY 4.0; GeoNames","source_updated_at":"2023-09-06","retrieved_at":"2026-09-27T04:01:28.254836+00:00","coordinate_source":"GeoNames PPL 聚落地名点（WGS84；可能为旧位置或近似中心）","coordinate_precision":"approximate","coordinates":[116.49128,29.35303],"source_feature_type":"PPL"}],"potential_duplicate":false,"potential_duplicate_ids":[],"township_assignment":"OSM乡界多边形空间归属；并非法定隶属核验","deduplication_note":null}},{"type":"Feature","id":"geonames-7636698","geometry":{"type":"Point","coordinates":[116.44848,29.34932]},"properties":{"id":"geonames-7636698","name":"横渠","township_name":"狮山乡","source_url":"https://www.geonames.org/7636698/","source_id":"7636698","source_type":"geonames","source_updated_at":"2021-09-20","retrieved_at":"2026-09-27T04:01:28.254836+00:00","coordinate_source":"GeoNames PPL 聚落地名点（WGS84；可能为旧位置或近似中心）","coordinate_precision":"approximate","settlement_level":"unknown","kind":"settlement","verification_status":"publicly_listed","population":null,"elderly_ratio":null,"aliases":["Hengqu","heng qu"],"sources":[{"id":"geonames-7636698","source_id":"7636698","source_type":"geonames","name":"横渠","url":"https://www.geonames.org/7636698/","license":"CC BY 4.0; GeoNames","source_updated_at":"2021-09-20","retrieved_at":"2026-09-27T04:01:28.254836+00:00","coordinate_source":"GeoNames PPL 聚落地名点（WGS84；可能为旧位置或近似中心）","coordinate_precision":"approximate","coordinates":[116.44848,29.34932],"source_feature_type":"PPL"}],"potential_duplicate":false,"potential_duplicate_ids":[],"township_assignment":"OSM乡界多边形空间归属；并非法定隶属核验","deduplication_note":null}},{"type":"Feature","id":"geonames-12561833","geometry":{"type":"Point","coordinates":[116.48469,29.36038]},"properties":{"id":"geonames-12561833","name":"狮山村","township_name":"狮山乡","source_url":"https://www.geonames.org/12561833/","source_id":"12561833","source_type":"geonames","source_updated_at":"2023-09-07","retrieved_at":"2026-09-27T04:01:28.254836+00:00","coordinate_source":"GeoNames PPL 聚落地名点（WGS84；可能为旧位置或近似中心）","coordinate_precision":"approximate","settlement_level":"unknown","kind":"settlement","verification_status":"publicly_listed","population":null,"elderly_ratio":null,"aliases":["Shishancun","shi shan cun"],"sources":[{"id":"geonames-12561833","source_id":"12561833","source_type":"geonames","name":"狮山村","url":"https://www.geonames.org/12561833/","license":"CC BY 4.0; GeoNames","source_updated_at":"2023-09-07","retrieved_at":"2026-09-27T04:01:28.254836+00:00","coordinate_source":"GeoNames PPL 聚落地名点（WGS84；可能为旧位置或近似中心）","coordinate_precision":"approximate","coordinates":[116.48469,29.36038],"source_feature_type":"PPL"}],"potential_duplicate":false,"potential_duplicate_ids":[],"township_assignment":"OSM乡界多边形空间归属；并非法定隶属核验","deduplication_note":null}},{"type":"Feature","id":"geonames-7635987","geometry":{"type":"Point","coordinates":[116.49303,29.30508]},"properties":{"id":"geonames-7635987","name":"狮山林场","township_name":"狮山乡","source_url":"https://www.geonames.org/7635987/","source_id":"7635987","source_type":"geonames","source_updated_at":"2023-09-06","retrieved_at":"2026-09-27T04:01:28.254836+00:00","coordinate_source":"GeoNames PPL 聚落地名点（WGS84；可能为旧位置或近似中心）","coordinate_precision":"approximate","settlement_level":"unknown","kind":"settlement","verification_status":"publicly_listed","population":null,"elderly_ratio":null,"aliases":["Shishan Linchang","shi shan lin chang"],"sources":[{"id":"geonames-7635987","source_id":"7635987","source_type":"geonames","name":"狮山林场","url":"https://www.geonames.org/7635987/","license":"CC BY 4.0; GeoNames","source_updated_at":"2023-09-06","retrieved_at":"2026-09-27T04:01:28.254836+00:00","coordinate_source":"GeoNames PPL 聚落地名点（WGS84；可能为旧位置或近似中心）","coordinate_precision":"approximate","coordinates":[116.49303,29.30508],"source_feature_type":"PPL"}],"potential_duplicate":false,"potential_duplicate_ids":[],"township_assignment":"OSM乡界多边形空间归属；并非法定隶属核验","deduplication_note":null}},{"type":"Feature","id":"geonames-7636406","geometry":{"type":"Point","coordinates":[116.45082,29.33779]},"properties":{"id":"geonames-7636406","name":"珠岭村","township_name":"狮山乡","source_url":"https://www.geonames.org/7636406/","source_id":"7636406","source_type":"geonames","source_updated_at":"2023-09-06","retrieved_at":"2026-09-27T04:01:28.254836+00:00","coordinate_source":"GeoNames PPL 聚落地名点（WGS84；可能为旧位置或近似中心）","coordinate_precision":"approximate","settlement_level":"unknown","kind":"settlement","verification_status":"publicly_listed","population":null,"elderly_ratio":null,"aliases":["Zhuling","Zhulingcun","zhu ling","zhu ling cun","珠岭"],"sources":[{"id":"geonames-7636406","source_id":"7636406","source_type":"geonames","name":"珠岭村","url":"https://www.geonames.org/7636406/","license":"CC BY 4.0; GeoNames","source_updated_at":"2023-09-06","retrieved_at":"2026-09-27T04:01:28.254836+00:00","coordinate_source":"GeoNames PPL 聚落地名点（WGS84；可能为旧位置或近似中心）","coordinate_precision":"approximate","coordinates":[116.45082,29.33779],"source_feature_type":"PPL"}],"potential_duplicate":false,"potential_duplicate_ids":[],"township_assignment":"OSM乡界多边形空间归属；并非法定隶属核验","deduplication_note":null}},{"type":"Feature","id":"geonames-7636617","geometry":{"type":"Point","coordinates":[116.47422,29.31171]},"properties":{"id":"geonames-7636617","name":"石咀村","township_name":"狮山乡","source_url":"https://www.geonames.org/7636617/","source_id":"7636617","source_type":"geonames","source_updated_at":"2023-09-06","retrieved_at":"2026-09-27T04:01:28.254836+00:00","coordinate_source":"GeoNames PPL 聚落地名点（WGS84；可能为旧位置或近似中心）","coordinate_precision":"approximate","settlement_level":"unknown","kind":"settlement","verification_status":"publicly_listed","population":null,"elderly_ratio":null,"aliases":["Shizui","Shizuicun","shi ju","shi ju cun","石咀"],"sources":[{"id":"geonames-7636617","source_id":"7636617","source_type":"geonames","name":"石咀村","url":"https://www.geonames.org/7636617/","license":"CC BY 4.0; GeoNames","source_updated_at":"2023-09-06","retrieved_at":"2026-09-27T04:01:28.254836+00:00","coordinate_source":"GeoNames PPL 聚落地名点（WGS84；可能为旧位置或近似中心）","coordinate_precision":"approximate","coordinates":[116.47422,29.31171],"source_feature_type":"PPL"}],"potential_duplicate":false,"potential_duplicate_ids":[],"township_assignment":"OSM乡界多边形空间归属；并非法定隶属核验","deduplication_note":null}},{"type":"Feature","id":"geonames-12561773","geometry":{"type":"Point","coordinates":[116.49198,29.30056]},"properties":{"id":"geonames-12561773","name":"竹峦村","township_name":"狮山乡","source_url":"https://www.geonames.org/12561773/","source_id":"12561773","source_type":"geonames","source_updated_at":"2023-09-07","retrieved_at":"2026-09-27T04:01:28.254836+00:00","coordinate_source":"GeoNames PPL 聚落地名点（WGS84；可能为旧位置或近似中心）","coordinate_precision":"approximate","settlement_level":"unknown","kind":"settlement","verification_status":"publicly_listed","population":null,"elderly_ratio":null,"aliases":["Zhuluancun","zhu luan cun"],"sources":[{"id":"geonames-12561773","source_id":"12561773","source_type":"geonames","name":"竹峦村","url":"https://www.geonames.org/12561773/","license":"CC BY 4.0; GeoNames","source_updated_at":"2023-09-07","retrieved_at":"2026-09-27T04:01:28.254836+00:00","coordinate_source":"GeoNames PPL 聚落地名点（WGS84；可能为旧位置或近似中心）","coordinate_precision":"approximate","coordinates":[116.49198,29.30056],"source_feature_type":"PPL"}],"potential_duplicate":false,"potential_duplicate_ids":[],"township_assignment":"OSM乡界多边形空间归属；并非法定隶属核验","deduplication_note":null}},{"type":"Feature","id":"geonames-7636275","geometry":{"type":"Point","coordinates":[116.46088,29.328]},"properties":{"id":"geonames-7636275","name":"老屋村","township_name":"狮山乡","source_url":"https://www.geonames.org/7636275/","source_id":"7636275","source_type":"geonames","source_updated_at":"2023-09-06","retrieved_at":"2026-09-27T04:01:28.254836+00:00","coordinate_source":"GeoNames PPL 聚落地名点（WGS84；可能为旧位置或近似中心）","coordinate_precision":"approximate","settlement_level":"unknown","kind":"settlement","verification_status":"publicly_listed","population":null,"elderly_ratio":null,"aliases":["Laowu","Laowucun","lao wu","lao wu cun","老屋"],"sources":[{"id":"geonames-7636275","source_id":"7636275","source_type":"geonames","name":"老屋村","url":"https://www.geonames.org/7636275/","license":"CC BY 4.0; GeoNames","source_updated_at":"2023-09-06","retrieved_at":"2026-09-27T04:01:28.254836+00:00","coordinate_source":"GeoNames PPL 聚落地名点（WGS84；可能为旧位置或近似中心）","coordinate_precision":"approximate","coordinates":[116.46088,29.328],"source_feature_type":"PPL"}],"potential_duplicate":false,"potential_duplicate_ids":[],"township_assignment":"OSM乡界多边形空间归属；并非法定隶属核验","deduplication_note":null}},{"type":"Feature","id":"geonames-7635912","geometry":{"type":"Point","coordinates":[116.48341,29.29565]},"properties":{"id":"geonames-7635912","name":"老舍村","township_name":"狮山乡","source_url":"https://www.geonames.org/7635912/","source_id":"7635912","source_type":"geonames","source_updated_at":"2023-09-06","retrieved_at":"2026-09-27T04:01:28.254836+00:00","coordinate_source":"GeoNames PPL 聚落地名点（WGS84；可能为旧位置或近似中心）","coordinate_precision":"approximate","settlement_level":"unknown","kind":"settlement","verification_status":"publicly_listed","population":null,"elderly_ratio":null,"aliases":["Laoshe","Laoshecun","lao she","lao she cun","老舍"],"sources":[{"id":"geonames-7635912","source_id":"7635912","source_type":"geonames","name":"老舍村","url":"https://www.geonames.org/7635912/","license":"CC BY 4.0; GeoNames","source_updated_at":"2023-09-06","retrieved_at":"2026-09-27T04:01:28.254836+00:00","coordinate_source":"GeoNames PPL 聚落地名点（WGS84；可能为旧位置或近似中心）","coordinate_precision":"approximate","coordinates":[116.48341,29.29565],"source_feature_type":"PPL"}],"potential_duplicate":false,"potential_duplicate_ids":[],"township_assignment":"OSM乡界多边形空间归属；并非法定隶属核验","deduplication_note":null}},{"type":"Feature","id":"geonames-7635915","geometry":{"type":"Point","coordinates":[116.50606,29.32551]},"properties":{"id":"geonames-7635915","name":"长垅村","township_name":"狮山乡","source_url":"https://www.geonames.org/7635915/","source_id":"7635915","source_type":"geonames","source_updated_at":"2023-09-06","retrieved_at":"2026-09-27T04:01:28.254836+00:00","coordinate_source":"GeoNames PPL 聚落地名点（WGS84；可能为旧位置或近似中心）","coordinate_precision":"approximate","settlement_level":"unknown","kind":"settlement","verification_status":"publicly_listed","population":null,"elderly_ratio":null,"aliases":["Changlong","Changlongcun","zhang long","zhang long cun","长垄"],"sources":[{"id":"geonames-7635915","source_id":"7635915","source_type":"geonames","name":"长垅村","url":"https://www.geonames.org/7635915/","license":"CC BY 4.0; GeoNames","source_updated_at":"2023-09-06","retrieved_at":"2026-09-27T04:01:28.254836+00:00","coordinate_source":"GeoNames PPL 聚落地名点（WGS84；可能为旧位置或近似中心）","coordinate_precision":"approximate","coordinates":[116.50606,29.32551],"source_feature_type":"PPL"}],"potential_duplicate":false,"potential_duplicate_ids":[],"township_assignment":"OSM乡界多边形空间归属；并非法定隶属核验","deduplication_note":null}},{"type":"Feature","id":"geonames-7636604","geometry":{"type":"Point","coordinates":[116.54253,29.226]},"properties":{"id":"geonames-7636604","name":"井头村","township_name":"芗溪乡","source_url":"https://www.geonames.org/7636604/","source_id":"7636604","source_type":"geonames","source_updated_at":"2023-08-15","retrieved_at":"2026-09-27T04:01:28.254836+00:00","coordinate_source":"GeoNames PPL 聚落地名点（WGS84；可能为旧位置或近似中心）","coordinate_precision":"approximate","settlement_level":"unknown","kind":"settlement","verification_status":"publicly_listed","population":null,"elderly_ratio":null,"aliases":["Jingtou","Jingtoucun","jing tou","jing tou cun","井头"],"sources":[{"id":"geonames-7636604","source_id":"7636604","source_type":"geonames","name":"井头村","url":"https://www.geonames.org/7636604/","license":"CC BY 4.0; GeoNames","source_updated_at":"2023-08-15","retrieved_at":"2026-09-27T04:01:28.254836+00:00","coordinate_source":"GeoNames PPL 聚落地名点（WGS84；可能为旧位置或近似中心）","coordinate_precision":"approximate","coordinates":[116.54253,29.226],"source_feature_type":"PPL"}],"potential_duplicate":false,"potential_duplicate_ids":[],"township_assignment":"OSM乡界多边形空间归属；并非法定隶属核验","deduplication_note":null}},{"type":"Feature","id":"geonames-7636563","geometry":{"type":"Point","coordinates":[116.51486,29.30078]},"properties":{"id":"geonames-7636563","name":"塘下畈","township_name":"芗溪乡","source_url":"https://www.geonames.org/7636563/","source_id":"7636563","source_type":"geonames","source_updated_at":"2023-08-15","retrieved_at":"2026-09-27T04:01:28.254836+00:00","coordinate_source":"GeoNames PPL 聚落地名点（WGS84；可能为旧位置或近似中心）","coordinate_precision":"approximate","settlement_level":"unknown","kind":"settlement","verification_status":"publicly_listed","population":null,"elderly_ratio":null,"aliases":["Tangxiafan","tang xia fan"],"sources":[{"id":"geonames-7636563","source_id":"7636563","source_type":"geonames","name":"塘下畈","url":"https://www.geonames.org/7636563/","license":"CC BY 4.0; GeoNames","source_updated_at":"2023-08-15","retrieved_at":"2026-09-27T04:01:28.254836+00:00","coordinate_source":"GeoNames PPL 聚落地名点（WGS84；可能为旧位置或近似中心）","coordinate_precision":"approximate","coordinates":[116.51486,29.30078],"source_feature_type":"PPL"}],"potential_duplicate":false,"potential_duplicate_ids":[],"township_assignment":"OSM乡界多边形空间归属；并非法定隶属核验","deduplication_note":null}},{"type":"Feature","id":"geonames-12553757","geometry":{"type":"Point","coordinates":[116.52224,29.28084]},"properties":{"id":"geonames-12553757","name":"新丰村","township_name":"芗溪乡","source_url":"https://www.geonames.org/12553757/","source_id":"12553757","source_type":"geonames","source_updated_at":"2023-08-16","retrieved_at":"2026-09-27T04:01:28.254836+00:00","coordinate_source":"GeoNames PPL 聚落地名点（WGS84；可能为旧位置或近似中心）","coordinate_precision":"approximate","settlement_level":"unknown","kind":"settlement","verification_status":"publicly_listed","population":null,"elderly_ratio":null,"aliases":["Xinfengcun","xin feng cun"],"sources":[{"id":"geonames-12553757","source_id":"12553757","source_type":"geonames","name":"新丰村","url":"https://www.geonames.org/12553757/","license":"CC BY 4.0; GeoNames","source_updated_at":"2023-08-16","retrieved_at":"2026-09-27T04:01:28.254836+00:00","coordinate_source":"GeoNames PPL 聚落地名点（WGS84；可能为旧位置或近似中心）","coordinate_precision":"approximate","coordinates":[116.52224,29.28084],"source_feature_type":"PPL"}],"potential_duplicate":false,"potential_duplicate_ids":[],"township_assignment":"OSM乡界多边形空间归属；并非法定隶属核验","deduplication_note":null}},{"type":"Feature","id":"geonames-12553759","geometry":{"type":"Point","coordinates":[116.5323,29.24363]},"properties":{"id":"geonames-12553759","name":"新兴村","township_name":"芗溪乡","source_url":"https://www.geonames.org/12553759/","source_id":"12553759","source_type":"geonames","source_updated_at":"2023-08-16","retrieved_at":"2026-09-27T04:01:28.254836+00:00","coordinate_source":"GeoNames PPL 聚落地名点（WGS84；可能为旧位置或近似中心）","coordinate_precision":"approximate","settlement_level":"unknown","kind":"settlement","verification_status":"publicly_listed","population":null,"elderly_ratio":null,"aliases":["Xinxingcun","xin xing cun"],"sources":[{"id":"geonames-12553759","source_id":"12553759","source_type":"geonames","name":"新兴村","url":"https://www.geonames.org/12553759/","license":"CC BY 4.0; GeoNames","source_updated_at":"2023-08-16","retrieved_at":"2026-09-27T04:01:28.254836+00:00","coordinate_source":"GeoNames PPL 聚落地名点（WGS84；可能为旧位置或近似中心）","coordinate_precision":"approximate","coordinates":[116.5323,29.24363],"source_feature_type":"PPL"}],"potential_duplicate":false,"potential_duplicate_ids":[],"township_assignment":"OSM乡界多边形空间归属；并非法定隶属核验","deduplication_note":null}},{"type":"Feature","id":"geonames-12553758","geometry":{"type":"Point","coordinates":[116.54515,29.25044]},"properties":{"id":"geonames-12553758","name":"新塘村","township_name":"芗溪乡","source_url":"https://www.geonames.org/12553758/","source_id":"12553758","source_type":"geonames","source_updated_at":"2023-08-16","retrieved_at":"2026-09-27T04:01:28.254836+00:00","coordinate_source":"GeoNames PPL 聚落地名点（WGS84；可能为旧位置或近似中心）","coordinate_precision":"approximate","settlement_level":"unknown","kind":"settlement","verification_status":"publicly_listed","population":null,"elderly_ratio":null,"aliases":["Xintangcun","xin tang cun"],"sources":[{"id":"geonames-12553758","source_id":"12553758","source_type":"geonames","name":"新塘村","url":"https://www.geonames.org/12553758/","license":"CC BY 4.0; GeoNames","source_updated_at":"2023-08-16","retrieved_at":"2026-09-27T04:01:28.254836+00:00","coordinate_source":"GeoNames PPL 聚落地名点（WGS84；可能为旧位置或近似中心）","coordinate_precision":"approximate","coordinates":[116.54515,29.25044],"source_feature_type":"PPL"}],"potential_duplicate":false,"potential_duplicate_ids":[],"township_assignment":"OSM乡界多边形空间归属；并非法定隶属核验","deduplication_note":null}},{"type":"Feature","id":"geonames-7636400","geometry":{"type":"Point","coordinates":[116.52895,29.27386]},"properties":{"id":"geonames-7636400","name":"曹伉村","township_name":"芗溪乡","source_url":"https://www.geonames.org/7636400/","source_id":"7636400","source_type":"geonames","source_updated_at":"2023-08-15","retrieved_at":"2026-09-27T04:01:28.254836+00:00","coordinate_source":"GeoNames PPL 聚落地名点（WGS84；可能为旧位置或近似中心）","coordinate_precision":"approximate","settlement_level":"unknown","kind":"settlement","verification_status":"publicly_listed","population":null,"elderly_ratio":null,"aliases":["Caokang","Caokangcun","cao kang","cao kang cun","曹伉"],"sources":[{"id":"geonames-7636400","source_id":"7636400","source_type":"geonames","name":"曹伉村","url":"https://www.geonames.org/7636400/","license":"CC BY 4.0; GeoNames","source_updated_at":"2023-08-15","retrieved_at":"2026-09-27T04:01:28.254836+00:00","coordinate_source":"GeoNames PPL 聚落地名点（WGS84；可能为旧位置或近似中心）","coordinate_precision":"approximate","coordinates":[116.52895,29.27386],"source_feature_type":"PPL"}],"potential_duplicate":false,"potential_duplicate_ids":[],"township_assignment":"OSM乡界多边形空间归属；并非法定隶属核验","deduplication_note":null}},{"type":"Feature","id":"geonames-12553760","geometry":{"type":"Point","coordinates":[116.55022,29.24159]},"properties":{"id":"geonames-12553760","name":"芗溪村","township_name":"芗溪乡","source_url":"https://www.geonames.org/12553760/","source_id":"12553760","source_type":"geonames","source_updated_at":"2023-08-16","retrieved_at":"2026-09-27T04:01:28.254836+00:00","coordinate_source":"GeoNames PPL 聚落地名点（WGS84；可能为旧位置或近似中心）","coordinate_precision":"approximate","settlement_level":"unknown","kind":"settlement","verification_status":"publicly_listed","population":null,"elderly_ratio":null,"aliases":["Xiangxicun","xiang xi cun"],"sources":[{"id":"geonames-12553760","source_id":"12553760","source_type":"geonames","name":"芗溪村","url":"https://www.geonames.org/12553760/","license":"CC BY 4.0; GeoNames","source_updated_at":"2023-08-16","retrieved_at":"2026-09-27T04:01:28.254836+00:00","coordinate_source":"GeoNames PPL 聚落地名点（WGS84；可能为旧位置或近似中心）","coordinate_precision":"approximate","coordinates":[116.55022,29.24159],"source_feature_type":"PPL"}],"potential_duplicate":false,"potential_duplicate_ids":[],"township_assignment":"OSM乡界多边形空间归属；并非法定隶属核验","deduplication_note":null}},{"type":"Feature","id":"geonames-7636567","geometry":{"type":"Point","coordinates":[116.52757,29.24869]},"properties":{"id":"geonames-7636567","name":"西山赵家","township_name":"芗溪乡","source_url":"https://www.geonames.org/7636567/","source_id":"7636567","source_type":"geonames","source_updated_at":"2023-08-15","retrieved_at":"2026-09-27T04:01:28.254836+00:00","coordinate_source":"GeoNames PPL 聚落地名点（WGS84；可能为旧位置或近似中心）","coordinate_precision":"approximate","settlement_level":"unknown","kind":"settlement","verification_status":"publicly_listed","population":null,"elderly_ratio":null,"aliases":["Xishan Zhaojia","xi shan zhao jia"],"sources":[{"id":"geonames-7636567","source_id":"7636567","source_type":"geonames","name":"西山赵家","url":"https://www.geonames.org/7636567/","license":"CC BY 4.0; GeoNames","source_updated_at":"2023-08-15","retrieved_at":"2026-09-27T04:01:28.254836+00:00","coordinate_source":"GeoNames PPL 聚落地名点（WGS84；可能为旧位置或近似中心）","coordinate_precision":"approximate","coordinates":[116.52757,29.24869],"source_feature_type":"PPL"}],"potential_duplicate":false,"potential_duplicate_ids":[],"township_assignment":"OSM乡界多边形空间归属；并非法定隶属核验","deduplication_note":null}},{"type":"Feature","id":"geonames-7636823","geometry":{"type":"Point","coordinates":[116.54064,29.26205]},"properties":{"id":"geonames-7636823","name":"马垅村","township_name":"芗溪乡","source_url":"https://www.geonames.org/7636823/","source_id":"7636823","source_type":"geonames","source_updated_at":"2023-08-15","retrieved_at":"2026-09-27T04:01:28.254836+00:00","coordinate_source":"GeoNames PPL 聚落地名点（WGS84；可能为旧位置或近似中心）","coordinate_precision":"approximate","settlement_level":"unknown","kind":"settlement","verification_status":"publicly_listed","population":null,"elderly_ratio":null,"aliases":["Malong","Malongcun","ma long","ma long cun","马垄"],"sources":[{"id":"geonames-7636823","source_id":"7636823","source_type":"geonames","name":"马垅村","url":"https://www.geonames.org/7636823/","license":"CC BY 4.0; GeoNames","source_updated_at":"2023-08-15","retrieved_at":"2026-09-27T04:01:28.254836+00:00","coordinate_source":"GeoNames PPL 聚落地名点（WGS84；可能为旧位置或近似中心）","coordinate_precision":"approximate","coordinates":[116.54064,29.26205],"source_feature_type":"PPL"}],"potential_duplicate":false,"potential_duplicate_ids":[],"township_assignment":"OSM乡界多边形空间归属；并非法定隶属核验","deduplication_note":null}},{"type":"Feature","id":"geonames-12553756","geometry":{"type":"Point","coordinates":[116.52504,29.2977]},"properties":{"id":"geonames-12553756","name":"黄坡村","township_name":"芗溪乡","source_url":"https://www.geonames.org/12553756/","source_id":"12553756","source_type":"geonames","source_updated_at":"2023-08-16","retrieved_at":"2026-09-27T04:01:28.254836+00:00","coordinate_source":"GeoNames PPL 聚落地名点（WGS84；可能为旧位置或近似中心）","coordinate_precision":"approximate","settlement_level":"unknown","kind":"settlement","verification_status":"publicly_listed","population":null,"elderly_ratio":null,"aliases":["Huangpocun","huang po cun"],"sources":[{"id":"geonames-12553756","source_id":"12553756","source_type":"geonames","name":"黄坡村","url":"https://www.geonames.org/12553756/","license":"CC BY 4.0; GeoNames","source_updated_at":"2023-08-16","retrieved_at":"2026-09-27T04:01:28.254836+00:00","coordinate_source":"GeoNames PPL 聚落地名点（WGS84；可能为旧位置或近似中心）","coordinate_precision":"approximate","coordinates":[116.52504,29.2977],"source_feature_type":"PPL"}],"potential_duplicate":false,"potential_duplicate_ids":[],"township_assignment":"OSM乡界多边形空间归属；并非法定隶属核验","deduplication_note":null}},{"type":"Feature","id":"geonames-7635865","geometry":{"type":"Point","coordinates":[116.19298,29.50975]},"properties":{"id":"geonames-7635865","name":"下林渡","township_name":"苏山乡","source_url":"https://www.geonames.org/7635865/","source_id":"7635865","source_type":"geonames","source_updated_at":"2023-09-06","retrieved_at":"2026-09-27T04:01:28.254836+00:00","coordinate_source":"GeoNames PPL 聚落地名点（WGS84；可能为旧位置或近似中心）","coordinate_precision":"approximate","settlement_level":"unknown","kind":"settlement","verification_status":"publicly_listed","population":null,"elderly_ratio":null,"aliases":["Xialindu","xia lin du"],"sources":[{"id":"geonames-7635865","source_id":"7635865","source_type":"geonames","name":"下林渡","url":"https://www.geonames.org/7635865/","license":"CC BY 4.0; GeoNames","source_updated_at":"2023-09-06","retrieved_at":"2026-09-27T04:01:28.254836+00:00","coordinate_source":"GeoNames PPL 聚落地名点（WGS84；可能为旧位置或近似中心）","coordinate_precision":"approximate","coordinates":[116.19298,29.50975],"source_feature_type":"PPL"}],"potential_duplicate":false,"potential_duplicate_ids":[],"township_assignment":"OSM乡界多边形空间归属；并非法定隶属核验","deduplication_note":null}},{"type":"Feature","id":"geonames-7636373","geometry":{"type":"Point","coordinates":[116.23841,29.45442]},"properties":{"id":"geonames-7636373","name":"前山村","township_name":"苏山乡","source_url":"https://www.geonames.org/7636373/","source_id":"7636373","source_type":"geonames","source_updated_at":"2023-09-06","retrieved_at":"2026-09-27T04:01:28.254836+00:00","coordinate_source":"GeoNames PPL 聚落地名点（WGS84；可能为旧位置或近似中心）","coordinate_precision":"approximate","settlement_level":"unknown","kind":"settlement","verification_status":"publicly_listed","population":null,"elderly_ratio":null,"aliases":["Qianshan","Qianshancun","qian shan","qian shan cun","前山"],"sources":[{"id":"geonames-7636373","source_id":"7636373","source_type":"geonames","name":"前山村","url":"https://www.geonames.org/7636373/","license":"CC BY 4.0; GeoNames","source_updated_at":"2023-09-06","retrieved_at":"2026-09-27T04:01:28.254836+00:00","coordinate_source":"GeoNames PPL 聚落地名点（WGS84；可能为旧位置或近似中心）","coordinate_precision":"approximate","coordinates":[116.23841,29.45442],"source_feature_type":"PPL"}],"potential_duplicate":false,"potential_duplicate_ids":[],"township_assignment":"OSM乡界多边形空间归属；并非法定隶属核验","deduplication_note":null}},{"type":"Feature","id":"geonames-12561771","geometry":{"type":"Point","coordinates":[116.2336,29.52266]},"properties":{"id":"geonames-12561771","name":"合岭村","township_name":"苏山乡","source_url":"https://www.geonames.org/12561771/","source_id":"12561771","source_type":"geonames","source_updated_at":"2023-09-07","retrieved_at":"2026-09-27T04:01:28.254836+00:00","coordinate_source":"GeoNames PPL 聚落地名点（WGS84；可能为旧位置或近似中心）","coordinate_precision":"approximate","settlement_level":"unknown","kind":"settlement","verification_status":"publicly_listed","population":null,"elderly_ratio":null,"aliases":["Helingcun","he ling cun"],"sources":[{"id":"geonames-12561771","source_id":"12561771","source_type":"geonames","name":"合岭村","url":"https://www.geonames.org/12561771/","license":"CC BY 4.0; GeoNames","source_updated_at":"2023-09-07","retrieved_at":"2026-09-27T04:01:28.254836+00:00","coordinate_source":"GeoNames PPL 聚落地名点（WGS84；可能为旧位置或近似中心）","coordinate_precision":"approximate","coordinates":[116.2336,29.52266],"source_feature_type":"PPL"}],"potential_duplicate":false,"potential_duplicate_ids":[],"township_assignment":"OSM乡界多边形空间归属；并非法定隶属核验","deduplication_note":null}},{"type":"Feature","id":"geonames-7636442","geometry":{"type":"Point","coordinates":[116.1666,29.48924]},"properties":{"id":"geonames-7636442","name":"土目村","township_name":"苏山乡","source_url":"https://www.geonames.org/7636442/","source_id":"7636442","source_type":"geonames","source_updated_at":"2023-09-06","retrieved_at":"2026-09-27T04:01:28.254836+00:00","coordinate_source":"GeoNames PPL 聚落地名点（WGS84；可能为旧位置或近似中心）","coordinate_precision":"approximate","settlement_level":"unknown","kind":"settlement","verification_status":"publicly_listed","population":null,"elderly_ratio":null,"aliases":["Tumu","Tumucun","tu mu","tu mu cun","土目"],"sources":[{"id":"geonames-7636442","source_id":"7636442","source_type":"geonames","name":"土目村","url":"https://www.geonames.org/7636442/","license":"CC BY 4.0; GeoNames","source_updated_at":"2023-09-06","retrieved_at":"2026-09-27T04:01:28.254836+00:00","coordinate_source":"GeoNames PPL 聚落地名点（WGS84；可能为旧位置或近似中心）","coordinate_precision":"approximate","coordinates":[116.1666,29.48924],"source_feature_type":"PPL"}],"potential_duplicate":false,"potential_duplicate_ids":[],"township_assignment":"OSM乡界多边形空间归属；并非法定隶属核验","deduplication_note":null}},{"type":"Feature","id":"geonames-12561847","geometry":{"type":"Point","coordinates":[116.24564,29.45479]},"properties":{"id":"geonames-12561847","name":"坡垅村","township_name":"苏山乡","source_url":"https://www.geonames.org/12561847/","source_id":"12561847","source_type":"geonames","source_updated_at":"2023-09-07","retrieved_at":"2026-09-27T04:01:28.254836+00:00","coordinate_source":"GeoNames PPL 聚落地名点（WGS84；可能为旧位置或近似中心）","coordinate_precision":"approximate","settlement_level":"unknown","kind":"settlement","verification_status":"publicly_listed","population":null,"elderly_ratio":null,"aliases":["Polongcun","po long cun"],"sources":[{"id":"geonames-12561847","source_id":"12561847","source_type":"geonames","name":"坡垅村","url":"https://www.geonames.org/12561847/","license":"CC BY 4.0; GeoNames","source_updated_at":"2023-09-07","retrieved_at":"2026-09-27T04:01:28.254836+00:00","coordinate_source":"GeoNames PPL 聚落地名点（WGS84；可能为旧位置或近似中心）","coordinate_precision":"approximate","coordinates":[116.24564,29.45479],"source_feature_type":"PPL"}],"potential_duplicate":false,"potential_duplicate_ids":[],"township_assignment":"OSM乡界多边形空间归属；并非法定隶属核验","deduplication_note":null}},{"type":"Feature","id":"geonames-7636728","geometry":{"type":"Point","coordinates":[116.23608,29.47864]},"properties":{"id":"geonames-7636728","name":"学舍村","township_name":"苏山乡","source_url":"https://www.geonames.org/7636728/","source_id":"7636728","source_type":"geonames","source_updated_at":"2023-09-06","retrieved_at":"2026-09-27T04:01:28.254836+00:00","coordinate_source":"GeoNames PPL 聚落地名点（WGS84；可能为旧位置或近似中心）","coordinate_precision":"approximate","settlement_level":"unknown","kind":"settlement","verification_status":"publicly_listed","population":null,"elderly_ratio":null,"aliases":["Xueshe","Xueshecun","xue she","xue she cun","学舍"],"sources":[{"id":"geonames-7636728","source_id":"7636728","source_type":"geonames","name":"学舍村","url":"https://www.geonames.org/7636728/","license":"CC BY 4.0; GeoNames","source_updated_at":"2023-09-06","retrieved_at":"2026-09-27T04:01:28.254836+00:00","coordinate_source":"GeoNames PPL 聚落地名点（WGS84；可能为旧位置或近似中心）","coordinate_precision":"approximate","coordinates":[116.23608,29.47864],"source_feature_type":"PPL"}],"potential_duplicate":false,"potential_duplicate_ids":[],"township_assignment":"OSM乡界多边形空间归属；并非法定隶属核验","deduplication_note":null}},{"type":"Feature","id":"geonames-12561891","geometry":{"type":"Point","coordinates":[116.22306,29.49577]},"properties":{"id":"geonames-12561891","name":"尖山村","township_name":"苏山乡","source_url":"https://www.geonames.org/12561891/","source_id":"12561891","source_type":"geonames","source_updated_at":"2023-09-07","retrieved_at":"2026-09-27T04:01:28.254836+00:00","coordinate_source":"GeoNames PPL 聚落地名点（WGS84；可能为旧位置或近似中心）","coordinate_precision":"approximate","settlement_level":"unknown","kind":"settlement","verification_status":"publicly_listed","population":null,"elderly_ratio":null,"aliases":["Jianshancun","jian shan cun"],"sources":[{"id":"geonames-12561891","source_id":"12561891","source_type":"geonames","name":"尖山村","url":"https://www.geonames.org/12561891/","license":"CC BY 4.0; GeoNames","source_updated_at":"2023-09-07","retrieved_at":"2026-09-27T04:01:28.254836+00:00","coordinate_source":"GeoNames PPL 聚落地名点（WGS84；可能为旧位置或近似中心）","coordinate_precision":"approximate","coordinates":[116.22306,29.49577],"source_feature_type":"PPL"}],"potential_duplicate":false,"potential_duplicate_ids":[],"township_assignment":"OSM乡界多边形空间归属；并非法定隶属核验","deduplication_note":null}},{"type":"Feature","id":"geonames-7636745","geometry":{"type":"Point","coordinates":[116.24421,29.46424]},"properties":{"id":"geonames-7636745","name":"山咀头","township_name":"苏山乡","source_url":"https://www.geonames.org/7636745/","source_id":"7636745","source_type":"geonames","source_updated_at":"2023-09-06","retrieved_at":"2026-09-27T04:01:28.254836+00:00","coordinate_source":"GeoNames PPL 聚落地名点（WGS84；可能为旧位置或近似中心）","coordinate_precision":"approximate","settlement_level":"unknown","kind":"settlement","verification_status":"publicly_listed","population":null,"elderly_ratio":null,"aliases":["Shanzuitou","shan ju tou"],"sources":[{"id":"geonames-7636745","source_id":"7636745","source_type":"geonames","name":"山咀头","url":"https://www.geonames.org/7636745/","license":"CC BY 4.0; GeoNames","source_updated_at":"2023-09-06","retrieved_at":"2026-09-27T04:01:28.254836+00:00","coordinate_source":"GeoNames PPL 聚落地名点（WGS84；可能为旧位置或近似中心）","coordinate_precision":"approximate","coordinates":[116.24421,29.46424],"source_feature_type":"PPL"}],"potential_duplicate":false,"potential_duplicate_ids":[],"township_assignment":"OSM乡界多边形空间归属；并非法定隶属核验","deduplication_note":null}},{"type":"Feature","id":"geonames-12561757","geometry":{"type":"Point","coordinates":[116.24099,29.47862]},"properties":{"id":"geonames-12561757","name":"彭埠村","township_name":"苏山乡","source_url":"https://www.geonames.org/12561757/","source_id":"12561757","source_type":"geonames","source_updated_at":"2023-09-07","retrieved_at":"2026-09-27T04:01:28.254836+00:00","coordinate_source":"GeoNames PPL 聚落地名点（WGS84；可能为旧位置或近似中心）","coordinate_precision":"approximate","settlement_level":"unknown","kind":"settlement","verification_status":"publicly_listed","population":null,"elderly_ratio":null,"aliases":["Pengbucun","peng bu cun"],"sources":[{"id":"geonames-12561757","source_id":"12561757","source_type":"geonames","name":"彭埠村","url":"https://www.geonames.org/12561757/","license":"CC BY 4.0; GeoNames","source_updated_at":"2023-09-07","retrieved_at":"2026-09-27T04:01:28.254836+00:00","coordinate_source":"GeoNames PPL 聚落地名点（WGS84；可能为旧位置或近似中心）","coordinate_precision":"approximate","coordinates":[116.24099,29.47862],"source_feature_type":"PPL"}],"potential_duplicate":false,"potential_duplicate_ids":[],"township_assignment":"OSM乡界多边形空间归属；并非法定隶属核验","deduplication_note":null}},{"type":"Feature","id":"geonames-7636578","geometry":{"type":"Point","coordinates":[116.18376,29.49185]},"properties":{"id":"geonames-7636578","name":"徐港村","township_name":"苏山乡","source_url":"https://www.geonames.org/7636578/","source_id":"7636578","source_type":"geonames","source_updated_at":"2023-09-06","retrieved_at":"2026-09-27T04:01:28.254836+00:00","coordinate_source":"GeoNames PPL 聚落地名点（WGS84；可能为旧位置或近似中心）","coordinate_precision":"approximate","settlement_level":"unknown","kind":"settlement","verification_status":"publicly_listed","population":null,"elderly_ratio":null,"aliases":["Xugang","Xugangcun","xu gang","xu gang cun","徐港"],"sources":[{"id":"geonames-7636578","source_id":"7636578","source_type":"geonames","name":"徐港村","url":"https://www.geonames.org/7636578/","license":"CC BY 4.0; GeoNames","source_updated_at":"2023-09-06","retrieved_at":"2026-09-27T04:01:28.254836+00:00","coordinate_source":"GeoNames PPL 聚落地名点（WGS84；可能为旧位置或近似中心）","coordinate_precision":"approximate","coordinates":[116.18376,29.49185],"source_feature_type":"PPL"}],"potential_duplicate":false,"potential_duplicate_ids":[],"township_assignment":"OSM乡界多边形空间归属；并非法定隶属核验","deduplication_note":null}},{"type":"Feature","id":"geonames-7636744","geometry":{"type":"Point","coordinates":[116.22237,29.50711]},"properties":{"id":"geonames-7636744","name":"灿山村","township_name":"苏山乡","source_url":"https://www.geonames.org/7636744/","source_id":"7636744","source_type":"geonames","source_updated_at":"2023-09-06","retrieved_at":"2026-09-27T04:01:28.254836+00:00","coordinate_source":"GeoNames PPL 聚落地名点（WGS84；可能为旧位置或近似中心）","coordinate_precision":"approximate","settlement_level":"unknown","kind":"settlement","verification_status":"publicly_listed","population":null,"elderly_ratio":null,"aliases":["Canshan","Canshancun","can shan","can shan cun","灿山"],"sources":[{"id":"geonames-7636744","source_id":"7636744","source_type":"geonames","name":"灿山村","url":"https://www.geonames.org/7636744/","license":"CC BY 4.0; GeoNames","source_updated_at":"2023-09-06","retrieved_at":"2026-09-27T04:01:28.254836+00:00","coordinate_source":"GeoNames PPL 聚落地名点（WGS84；可能为旧位置或近似中心）","coordinate_precision":"approximate","coordinates":[116.22237,29.50711],"source_feature_type":"PPL"}],"potential_duplicate":false,"potential_duplicate_ids":[],"township_assignment":"OSM乡界多边形空间归属；并非法定隶属核验","deduplication_note":null}},{"type":"Feature","id":"geonames-7636249","geometry":{"type":"Point","coordinates":[116.233,29.53102]},"properties":{"id":"geonames-7636249","name":"细王边湾","township_name":"苏山乡","source_url":"https://www.geonames.org/7636249/","source_id":"7636249","source_type":"geonames","source_updated_at":"2023-09-06","retrieved_at":"2026-09-27T04:01:28.254836+00:00","coordinate_source":"GeoNames PPL 聚落地名点（WGS84；可能为旧位置或近似中心）","coordinate_precision":"approximate","settlement_level":"unknown","kind":"settlement","verification_status":"publicly_listed","population":null,"elderly_ratio":null,"aliases":["Xiwang Bianwan","xi wang bian wan"],"sources":[{"id":"geonames-7636249","source_id":"7636249","source_type":"geonames","name":"细王边湾","url":"https://www.geonames.org/7636249/","license":"CC BY 4.0; GeoNames","source_updated_at":"2023-09-06","retrieved_at":"2026-09-27T04:01:28.254836+00:00","coordinate_source":"GeoNames PPL 聚落地名点（WGS84；可能为旧位置或近似中心）","coordinate_precision":"approximate","coordinates":[116.233,29.53102],"source_feature_type":"PPL"}],"potential_duplicate":false,"potential_duplicate_ids":[],"township_assignment":"OSM乡界多边形空间归属；并非法定隶属核验","deduplication_note":null}},{"type":"Feature","id":"geonames-12561805","geometry":{"type":"Point","coordinates":[116.23406,29.47961]},"properties":{"id":"geonames-12561805","name":"苏山村","township_name":"苏山乡","source_url":"https://www.geonames.org/12561805/","source_id":"12561805","source_type":"geonames","source_updated_at":"2023-09-07","retrieved_at":"2026-09-27T04:01:28.254836+00:00","coordinate_source":"GeoNames PPL 聚落地名点（WGS84；可能为旧位置或近似中心）","coordinate_precision":"approximate","settlement_level":"unknown","kind":"settlement","verification_status":"publicly_listed","population":null,"elderly_ratio":null,"aliases":["Sushancun","su shan cun"],"sources":[{"id":"geonames-12561805","source_id":"12561805","source_type":"geonames","name":"苏山村","url":"https://www.geonames.org/12561805/","license":"CC BY 4.0; GeoNames","source_updated_at":"2023-09-07","retrieved_at":"2026-09-27T04:01:28.254836+00:00","coordinate_source":"GeoNames PPL 聚落地名点（WGS84；可能为旧位置或近似中心）","coordinate_precision":"approximate","coordinates":[116.23406,29.47961],"source_feature_type":"PPL"}],"potential_duplicate":false,"potential_duplicate_ids":[],"township_assignment":"OSM乡界多边形空间归属；并非法定隶属核验","deduplication_note":null}},{"type":"Feature","id":"geonames-12561854","geometry":{"type":"Point","coordinates":[116.1849,29.51069]},"properties":{"id":"geonames-12561854","name":"雷山村","township_name":"苏山乡","source_url":"https://www.geonames.org/12561854/","source_id":"12561854","source_type":"geonames","source_updated_at":"2023-09-07","retrieved_at":"2026-09-27T04:01:28.254836+00:00","coordinate_source":"GeoNames PPL 聚落地名点（WGS84；可能为旧位置或近似中心）","coordinate_precision":"approximate","settlement_level":"unknown","kind":"settlement","verification_status":"publicly_listed","population":null,"elderly_ratio":null,"aliases":["Leishancun","lei shan cun"],"sources":[{"id":"geonames-12561854","source_id":"12561854","source_type":"geonames","name":"雷山村","url":"https://www.geonames.org/12561854/","license":"CC BY 4.0; GeoNames","source_updated_at":"2023-09-07","retrieved_at":"2026-09-27T04:01:28.254836+00:00","coordinate_source":"GeoNames PPL 聚落地名点（WGS84；可能为旧位置或近似中心）","coordinate_precision":"approximate","coordinates":[116.1849,29.51069],"source_feature_type":"PPL"}],"potential_duplicate":false,"potential_duplicate_ids":[],"township_assignment":"OSM乡界多边形空间归属；并非法定隶属核验","deduplication_note":null}},{"type":"Feature","id":"geonames-7635864","geometry":{"type":"Point","coordinates":[116.14041,29.4982]},"properties":{"id":"geonames-7635864","name":"马安村","township_name":"苏山乡","source_url":"https://www.geonames.org/7635864/","source_id":"7635864","source_type":"geonames","source_updated_at":"2023-09-06","retrieved_at":"2026-09-27T04:01:28.254836+00:00","coordinate_source":"GeoNames PPL 聚落地名点（WGS84；可能为旧位置或近似中心）","coordinate_precision":"approximate","settlement_level":"unknown","kind":"settlement","verification_status":"publicly_listed","population":null,"elderly_ratio":null,"aliases":["Ma'an","Ma'ancun","Ma’an","ma an","ma an cun","马鞍"],"sources":[{"id":"geonames-7635864","source_id":"7635864","source_type":"geonames","name":"马安村","url":"https://www.geonames.org/7635864/","license":"CC BY 4.0; GeoNames","source_updated_at":"2023-09-06","retrieved_at":"2026-09-27T04:01:28.254836+00:00","coordinate_source":"GeoNames PPL 聚落地名点（WGS84；可能为旧位置或近似中心）","coordinate_precision":"approximate","coordinates":[116.14041,29.4982],"source_feature_type":"PPL"}],"potential_duplicate":false,"potential_duplicate_ids":[],"township_assignment":"OSM乡界多边形空间归属；并非法定隶属核验","deduplication_note":null}},{"type":"Feature","id":"geonames-7636577","geometry":{"type":"Point","coordinates":[116.22307,29.5231]},"properties":{"id":"geonames-7636577","name":"龙泉村","township_name":"苏山乡","source_url":"https://www.geonames.org/7636577/","source_id":"7636577","source_type":"geonames","source_updated_at":"2023-09-06","retrieved_at":"2026-09-27T04:01:28.254836+00:00","coordinate_source":"GeoNames PPL 聚落地名点（WGS84；可能为旧位置或近似中心）","coordinate_precision":"approximate","settlement_level":"unknown","kind":"settlement","verification_status":"publicly_listed","population":null,"elderly_ratio":null,"aliases":["Longquan","Longquancun","long quan","long quan cun","龙泉"],"sources":[{"id":"geonames-7636577","source_id":"7636577","source_type":"geonames","name":"龙泉村","url":"https://www.geonames.org/7636577/","license":"CC BY 4.0; GeoNames","source_updated_at":"2023-09-06","retrieved_at":"2026-09-27T04:01:28.254836+00:00","coordinate_source":"GeoNames PPL 聚落地名点（WGS84；可能为旧位置或近似中心）","coordinate_precision":"approximate","coordinates":[116.22307,29.5231],"source_feature_type":"PPL"}],"potential_duplicate":false,"potential_duplicate_ids":[],"township_assignment":"OSM乡界多边形空间归属；并非法定隶属核验","deduplication_note":null}},{"type":"Feature","id":"osm-node-8948906370","geometry":{"type":"Point","coordinates":[116.4084754,29.4994643]},"properties":{"id":"osm-node-8948906370","name":"下东山","township_name":"蔡岭镇","source_url":"https://www.openstreetmap.org/node/8948906370","source_id":"8948906370","source_type":"osm","source_updated_at":"2021-07-25T15:17:19Z","retrieved_at":"2026-09-27T04:06:23.342197+00:00","coordinate_source":"OpenStreetMap 原始聚落节点（WGS84）","coordinate_precision":"mapped_point","settlement_level":"unknown","kind":"settlement","verification_status":"publicly_listed","population":null,"elderly_ratio":null,"aliases":["Xiadongshan","xia dong shan"],"sources":[{"id":"osm-node-8948906370","source_id":"8948906370","source_type":"osm","name":"下东山","url":"https://www.openstreetmap.org/node/8948906370","license":"ODbL 1.0; © OpenStreetMap contributors","source_updated_at":"2021-07-25T15:17:19Z","retrieved_at":"2026-09-27T04:06:23.342197+00:00","coordinate_source":"OpenStreetMap 原始聚落节点（WGS84）","coordinate_precision":"mapped_point","coordinates":[116.4084754,29.4994643],"source_feature_type":"village"},{"id":"geonames-7635869","source_id":"7635869","source_type":"geonames","name":"下东山","url":"https://www.geonames.org/7635869/","license":"CC BY 4.0; GeoNames","source_updated_at":"2023-09-06","retrieved_at":"2026-09-27T04:01:28.254836+00:00","coordinate_source":"GeoNames PPL 聚落地名点（WGS84；可能为旧位置或近似中心）","coordinate_precision":"approximate","coordinates":[116.40808,29.49881],"source_feature_type":"PPL"}],"potential_duplicate":false,"potential_duplicate_ids":[],"township_assignment":"OSM乡界多边形空间归属；并非法定隶属核验","deduplication_note":"同乡同名/别名且簇内两两相距不超过150米合并；优先OSM原始点"}},{"type":"Feature","id":"geonames-7636632","geometry":{"type":"Point","coordinates":[116.39595,29.50902]},"properties":{"id":"geonames-7636632","name":"东平村","township_name":"蔡岭镇","source_url":"https://www.geonames.org/7636632/","source_id":"7636632","source_type":"geonames","source_updated_at":"2023-09-06","retrieved_at":"2026-09-27T04:01:28.254836+00:00","coordinate_source":"GeoNames PPL 聚落地名点（WGS84；可能为旧位置或近似中心）","coordinate_precision":"approximate","settlement_level":"unknown","kind":"settlement","verification_status":"publicly_listed","population":null,"elderly_ratio":null,"aliases":["Dongping","Dongpingcun","dong ping","dong ping cun","东平"],"sources":[{"id":"geonames-7636632","source_id":"7636632","source_type":"geonames","name":"东平村","url":"https://www.geonames.org/7636632/","license":"CC BY 4.0; GeoNames","source_updated_at":"2023-09-06","retrieved_at":"2026-09-27T04:01:28.254836+00:00","coordinate_source":"GeoNames PPL 聚落地名点（WGS84；可能为旧位置或近似中心）","coordinate_precision":"approximate","coordinates":[116.39595,29.50902],"source_feature_type":"PPL"}],"potential_duplicate":false,"potential_duplicate_ids":[],"township_assignment":"OSM乡界多边形空间归属；并非法定隶属核验","deduplication_note":null}},{"type":"Feature","id":"geonames-12561867","geometry":{"type":"Point","coordinates":[116.36041,29.51882]},"properties":{"id":"geonames-12561867","name":"东风村","township_name":"蔡岭镇","source_url":"https://www.geonames.org/12561867/","source_id":"12561867","source_type":"geonames","source_updated_at":"2023-09-07","retrieved_at":"2026-09-27T04:01:28.254836+00:00","coordinate_source":"GeoNames PPL 聚落地名点（WGS84；可能为旧位置或近似中心）","coordinate_precision":"approximate","settlement_level":"unknown","kind":"settlement","verification_status":"publicly_listed","population":null,"elderly_ratio":null,"aliases":["Dongfengcun","dong feng cun"],"sources":[{"id":"geonames-12561867","source_id":"12561867","source_type":"geonames","name":"东风村","url":"https://www.geonames.org/12561867/","license":"CC BY 4.0; GeoNames","source_updated_at":"2023-09-07","retrieved_at":"2026-09-27T04:01:28.254836+00:00","coordinate_source":"GeoNames PPL 聚落地名点（WGS84；可能为旧位置或近似中心）","coordinate_precision":"approximate","coordinates":[116.36041,29.51882],"source_feature_type":"PPL"}],"potential_duplicate":false,"potential_duplicate_ids":[],"township_assignment":"OSM乡界多边形空间归属；并非法定隶属核验","deduplication_note":null}},{"type":"Feature","id":"osm-node-3933370553","geometry":{"type":"Point","coordinates":[116.3605414,29.5189567]},"properties":{"id":"osm-node-3933370553","name":"北炎","township_name":"蔡岭镇","source_url":"https://www.openstreetmap.org/node/3933370553","source_id":"3933370553","source_type":"osm","source_updated_at":"2025-04-05T14:34:07Z","retrieved_at":"2026-09-27T04:06:23.342197+00:00","coordinate_source":"OpenStreetMap 原始聚落节点（WGS84）","coordinate_precision":"mapped_point","settlement_level":"unknown","kind":"settlement","verification_status":"publicly_listed","population":null,"elderly_ratio":null,"aliases":["Beiyan","Beiyanxiang","bei yan","bei yan xiang","北炎乡"],"sources":[{"id":"osm-node-3933370553","source_id":"3933370553","source_type":"osm","name":"北炎","url":"https://www.openstreetmap.org/node/3933370553","license":"ODbL 1.0; © OpenStreetMap contributors","source_updated_at":"2025-04-05T14:34:07Z","retrieved_at":"2026-09-27T04:06:23.342197+00:00","coordinate_source":"OpenStreetMap 原始聚落节点（WGS84）","coordinate_precision":"mapped_point","coordinates":[116.3605414,29.5189567],"source_feature_type":"village"},{"id":"geonames-7636898","source_id":"7636898","source_type":"geonames","name":"北炎","url":"https://www.geonames.org/7636898/","license":"CC BY 4.0; GeoNames","source_updated_at":"2021-09-20","retrieved_at":"2026-09-27T04:01:28.254836+00:00","coordinate_source":"GeoNames PPL 聚落地名点（WGS84；可能为旧位置或近似中心）","coordinate_precision":"approximate","coordinates":[116.35967,29.51869],"source_feature_type":"PPL"}],"potential_duplicate":true,"potential_duplicate_ids":["geonames-12561775"],"township_assignment":"OSM乡界多边形空间归属；并非法定隶属核验","deduplication_note":"同乡同名/别名且簇内两两相距不超过150米合并；优先OSM原始点"}},{"type":"Feature","id":"geonames-12561775","geometry":{"type":"Point","coordinates":[116.36773,29.53006]},"properties":{"id":"geonames-12561775","name":"北炎村","township_name":"蔡岭镇","source_url":"https://www.geonames.org/12561775/","source_id":"12561775","source_type":"geonames","source_updated_at":"2023-09-07","retrieved_at":"2026-09-27T04:01:28.254836+00:00","coordinate_source":"GeoNames PPL 聚落地名点（WGS84；可能为旧位置或近似中心）","coordinate_precision":"approximate","settlement_level":"unknown","kind":"settlement","verification_status":"publicly_listed","population":null,"elderly_ratio":null,"aliases":["Beiyancun","bei yan cun"],"sources":[{"id":"geonames-12561775","source_id":"12561775","source_type":"geonames","name":"北炎村","url":"https://www.geonames.org/12561775/","license":"CC BY 4.0; GeoNames","source_updated_at":"2023-09-07","retrieved_at":"2026-09-27T04:01:28.254836+00:00","coordinate_source":"GeoNames PPL 聚落地名点（WGS84；可能为旧位置或近似中心）","coordinate_precision":"approximate","coordinates":[116.36773,29.53006],"source_feature_type":"PPL"}],"potential_duplicate":true,"potential_duplicate_ids":["osm-node-3933370553"],"township_assignment":"OSM乡界多边形空间归属；并非法定隶属核验","deduplication_note":null}},{"type":"Feature","id":"geonames-12561761","geometry":{"type":"Point","coordinates":[116.38079,29.49832]},"properties":{"id":"geonames-12561761","name":"华山村","township_name":"蔡岭镇","source_url":"https://www.geonames.org/12561761/","source_id":"12561761","source_type":"geonames","source_updated_at":"2023-09-07","retrieved_at":"2026-09-27T04:01:28.254836+00:00","coordinate_source":"GeoNames PPL 聚落地名点（WGS84；可能为旧位置或近似中心）","coordinate_precision":"approximate","settlement_level":"unknown","kind":"settlement","verification_status":"publicly_listed","population":null,"elderly_ratio":null,"aliases":["Huashancun","hua shan cun"],"sources":[{"id":"geonames-12561761","source_id":"12561761","source_type":"geonames","name":"华山村","url":"https://www.geonames.org/12561761/","license":"CC BY 4.0; GeoNames","source_updated_at":"2023-09-07","retrieved_at":"2026-09-27T04:01:28.254836+00:00","coordinate_source":"GeoNames PPL 聚落地名点（WGS84；可能为旧位置或近似中心）","coordinate_precision":"approximate","coordinates":[116.38079,29.49832],"source_feature_type":"PPL"}],"potential_duplicate":false,"potential_duplicate_ids":[],"township_assignment":"OSM乡界多边形空间归属；并非法定隶属核验","deduplication_note":null}},{"type":"Feature","id":"geonames-12561831","geometry":{"type":"Point","coordinates":[116.40565,29.50529]},"properties":{"id":"geonames-12561831","name":"吕岭村","township_name":"蔡岭镇","source_url":"https://www.geonames.org/12561831/","source_id":"12561831","source_type":"geonames","source_updated_at":"2023-09-07","retrieved_at":"2026-09-27T04:01:28.254836+00:00","coordinate_source":"GeoNames PPL 聚落地名点（WGS84；可能为旧位置或近似中心）","coordinate_precision":"approximate","settlement_level":"unknown","kind":"settlement","verification_status":"publicly_listed","population":null,"elderly_ratio":null,"aliases":["Lulingcun","Lülingcun","lu ling cun"],"sources":[{"id":"geonames-12561831","source_id":"12561831","source_type":"geonames","name":"吕岭村","url":"https://www.geonames.org/12561831/","license":"CC BY 4.0; GeoNames","source_updated_at":"2023-09-07","retrieved_at":"2026-09-27T04:01:28.254836+00:00","coordinate_source":"GeoNames PPL 聚落地名点（WGS84；可能为旧位置或近似中心）","coordinate_precision":"approximate","coordinates":[116.40565,29.50529],"source_feature_type":"PPL"}],"potential_duplicate":false,"potential_duplicate_ids":[],"township_assignment":"OSM乡界多边形空间归属；并非法定隶属核验","deduplication_note":null}},{"type":"Feature","id":"geonames-7635868","geometry":{"type":"Point","coordinates":[116.37287,29.471]},"properties":{"id":"geonames-7635868","name":"大畈村","township_name":"蔡岭镇","source_url":"https://www.geonames.org/7635868/","source_id":"7635868","source_type":"geonames","source_updated_at":"2023-09-06","retrieved_at":"2026-09-27T04:01:28.254836+00:00","coordinate_source":"GeoNames PPL 聚落地名点（WGS84；可能为旧位置或近似中心）","coordinate_precision":"approximate","settlement_level":"unknown","kind":"settlement","verification_status":"publicly_listed","population":null,"elderly_ratio":null,"aliases":["Dafan","Dafancun","da fan","da fan cun","大畈"],"sources":[{"id":"geonames-7635868","source_id":"7635868","source_type":"geonames","name":"大畈村","url":"https://www.geonames.org/7635868/","license":"CC BY 4.0; GeoNames","source_updated_at":"2023-09-06","retrieved_at":"2026-09-27T04:01:28.254836+00:00","coordinate_source":"GeoNames PPL 聚落地名点（WGS84；可能为旧位置或近似中心）","coordinate_precision":"approximate","coordinates":[116.37287,29.471],"source_feature_type":"PPL"}],"potential_duplicate":false,"potential_duplicate_ids":[],"township_assignment":"OSM乡界多边形空间归属；并非法定隶属核验","deduplication_note":null}},{"type":"Feature","id":"geonames-12561897","geometry":{"type":"Point","coordinates":[116.39321,29.4774]},"properties":{"id":"geonames-12561897","name":"太平村","township_name":"蔡岭镇","source_url":"https://www.geonames.org/12561897/","source_id":"12561897","source_type":"geonames","source_updated_at":"2023-09-07","retrieved_at":"2026-09-27T04:01:28.254836+00:00","coordinate_source":"GeoNames PPL 聚落地名点（WGS84；可能为旧位置或近似中心）","coordinate_precision":"approximate","settlement_level":"unknown","kind":"settlement","verification_status":"publicly_listed","population":null,"elderly_ratio":null,"aliases":["Taipingcun","tai ping cun"],"sources":[{"id":"geonames-12561897","source_id":"12561897","source_type":"geonames","name":"太平村","url":"https://www.geonames.org/12561897/","license":"CC BY 4.0; GeoNames","source_updated_at":"2023-09-07","retrieved_at":"2026-09-27T04:01:28.254836+00:00","coordinate_source":"GeoNames PPL 聚落地名点（WGS84；可能为旧位置或近似中心）","coordinate_precision":"approximate","coordinates":[116.39321,29.4774],"source_feature_type":"PPL"}],"potential_duplicate":false,"potential_duplicate_ids":[],"township_assignment":"OSM乡界多边形空间归属；并非法定隶属核验","deduplication_note":null}},{"type":"Feature","id":"osm-node-6554578084","geometry":{"type":"Point","coordinates":[116.3805771,29.4989486]},"properties":{"id":"osm-node-6554578084","name":"张岭","township_name":"蔡岭镇","source_url":"https://www.openstreetmap.org/node/6554578084","source_id":"6554578084","source_type":"osm","source_updated_at":"2025-04-05T14:37:38Z","retrieved_at":"2026-09-27T04:06:23.342197+00:00","coordinate_source":"OpenStreetMap 原始聚落节点（WGS84）","coordinate_precision":"mapped_point","settlement_level":"unknown","kind":"settlement","verification_status":"publicly_listed","population":null,"elderly_ratio":null,"aliases":["Zhangling","张岭乡"],"sources":[{"id":"osm-node-6554578084","source_id":"6554578084","source_type":"osm","name":"张岭","url":"https://www.openstreetmap.org/node/6554578084","license":"ODbL 1.0; © OpenStreetMap contributors","source_updated_at":"2025-04-05T14:37:38Z","retrieved_at":"2026-09-27T04:06:23.342197+00:00","coordinate_source":"OpenStreetMap 原始聚落节点（WGS84）","coordinate_precision":"mapped_point","coordinates":[116.3805771,29.4989486],"source_feature_type":"village"}],"potential_duplicate":false,"potential_duplicate_ids":[],"township_assignment":"OSM乡界多边形空间归属；并非法定隶属核验","deduplication_note":null}},{"type":"Feature","id":"geonames-1785191","geometry":{"type":"Point","coordinates":[116.37198,29.50822]},"properties":{"id":"geonames-1785191","name":"张岭街","township_name":"蔡岭镇","source_url":"https://www.geonames.org/1785191/","source_id":"1785191","source_type":"geonames","source_updated_at":"2021-09-20","retrieved_at":"2026-09-27T04:01:28.254836+00:00","coordinate_source":"GeoNames PPL 聚落地名点（WGS84；可能为旧位置或近似中心）","coordinate_precision":"approximate","settlement_level":"unknown","kind":"settlement","verification_status":"publicly_listed","population":null,"elderly_ratio":null,"aliases":["Chang-chia-ling","Zhangjialing","Zhanglingjie","zhang ling jie"],"sources":[{"id":"geonames-1785191","source_id":"1785191","source_type":"geonames","name":"张岭街","url":"https://www.geonames.org/1785191/","license":"CC BY 4.0; GeoNames","source_updated_at":"2021-09-20","retrieved_at":"2026-09-27T04:01:28.254836+00:00","coordinate_source":"GeoNames PPL 聚落地名点（WGS84；可能为旧位置或近似中心）","coordinate_precision":"approximate","coordinates":[116.37198,29.50822],"source_feature_type":"PPL"}],"potential_duplicate":false,"potential_duplicate_ids":[],"township_assignment":"OSM乡界多边形空间归属；并非法定隶属核验","deduplication_note":null}},{"type":"Feature","id":"geonames-7636754","geometry":{"type":"Point","coordinates":[116.38913,29.49462]},"properties":{"id":"geonames-7636754","name":"曹便里","township_name":"蔡岭镇","source_url":"https://www.geonames.org/7636754/","source_id":"7636754","source_type":"geonames","source_updated_at":"2023-09-06","retrieved_at":"2026-09-27T04:01:28.254836+00:00","coordinate_source":"GeoNames PPL 聚落地名点（WGS84；可能为旧位置或近似中心）","coordinate_precision":"approximate","settlement_level":"unknown","kind":"settlement","verification_status":"publicly_listed","population":null,"elderly_ratio":null,"aliases":["Caobianli","cao bian li"],"sources":[{"id":"geonames-7636754","source_id":"7636754","source_type":"geonames","name":"曹便里","url":"https://www.geonames.org/7636754/","license":"CC BY 4.0; GeoNames","source_updated_at":"2023-09-06","retrieved_at":"2026-09-27T04:01:28.254836+00:00","coordinate_source":"GeoNames PPL 聚落地名点（WGS84；可能为旧位置或近似中心）","coordinate_precision":"approximate","coordinates":[116.38913,29.49462],"source_feature_type":"PPL"}],"potential_duplicate":false,"potential_duplicate_ids":[],"township_assignment":"OSM乡界多边形空间归属；并非法定隶属核验","deduplication_note":null}},{"type":"Feature","id":"geonames-7636773","geometry":{"type":"Point","coordinates":[116.35992,29.50212]},"properties":{"id":"geonames-7636773","name":"曹道元","township_name":"蔡岭镇","source_url":"https://www.geonames.org/7636773/","source_id":"7636773","source_type":"geonames","source_updated_at":"2023-09-06","retrieved_at":"2026-09-27T04:01:28.254836+00:00","coordinate_source":"GeoNames PPL 聚落地名点（WGS84；可能为旧位置或近似中心）","coordinate_precision":"approximate","settlement_level":"unknown","kind":"settlement","verification_status":"publicly_listed","population":null,"elderly_ratio":null,"aliases":["Caodaoyuan","cao dao yuan"],"sources":[{"id":"geonames-7636773","source_id":"7636773","source_type":"geonames","name":"曹道元","url":"https://www.geonames.org/7636773/","license":"CC BY 4.0; GeoNames","source_updated_at":"2023-09-06","retrieved_at":"2026-09-27T04:01:28.254836+00:00","coordinate_source":"GeoNames PPL 聚落地名点（WGS84；可能为旧位置或近似中心）","coordinate_precision":"approximate","coordinates":[116.35992,29.50212],"source_feature_type":"PPL"}],"potential_duplicate":false,"potential_duplicate_ids":[],"township_assignment":"OSM乡界多边形空间归属；并非法定隶属核验","deduplication_note":null}},{"type":"Feature","id":"geonames-7636356","geometry":{"type":"Point","coordinates":[116.4312,29.58732]},"properties":{"id":"geonames-7636356","name":"曹钥村","township_name":"蔡岭镇","source_url":"https://www.geonames.org/7636356/","source_id":"7636356","source_type":"geonames","source_updated_at":"2023-09-06","retrieved_at":"2026-09-27T04:01:28.254836+00:00","coordinate_source":"GeoNames PPL 聚落地名点（WGS84；可能为旧位置或近似中心）","coordinate_precision":"approximate","settlement_level":"unknown","kind":"settlement","verification_status":"publicly_listed","population":null,"elderly_ratio":null,"aliases":["Caoyue","Caoyuecun","cao yao","cao yao cun","曹钥"],"sources":[{"id":"geonames-7636356","source_id":"7636356","source_type":"geonames","name":"曹钥村","url":"https://www.geonames.org/7636356/","license":"CC BY 4.0; GeoNames","source_updated_at":"2023-09-06","retrieved_at":"2026-09-27T04:01:28.254836+00:00","coordinate_source":"GeoNames PPL 聚落地名点（WGS84；可能为旧位置或近似中心）","coordinate_precision":"approximate","coordinates":[116.4312,29.58732],"source_feature_type":"PPL"}],"potential_duplicate":false,"potential_duplicate_ids":[],"township_assignment":"OSM乡界多边形空间归属；并非法定隶属核验","deduplication_note":null}},{"type":"Feature","id":"geonames-12561840","geometry":{"type":"Point","coordinates":[116.37355,29.52266]},"properties":{"id":"geonames-12561840","name":"杨湾村","township_name":"蔡岭镇","source_url":"https://www.geonames.org/12561840/","source_id":"12561840","source_type":"geonames","source_updated_at":"2023-09-07","retrieved_at":"2026-09-27T04:01:28.254836+00:00","coordinate_source":"GeoNames PPL 聚落地名点（WGS84；可能为旧位置或近似中心）","coordinate_precision":"approximate","settlement_level":"unknown","kind":"settlement","verification_status":"publicly_listed","population":null,"elderly_ratio":null,"aliases":["Yangwancun","yang wan cun"],"sources":[{"id":"geonames-12561840","source_id":"12561840","source_type":"geonames","name":"杨湾村","url":"https://www.geonames.org/12561840/","license":"CC BY 4.0; GeoNames","source_updated_at":"2023-09-07","retrieved_at":"2026-09-27T04:01:28.254836+00:00","coordinate_source":"GeoNames PPL 聚落地名点（WGS84；可能为旧位置或近似中心）","coordinate_precision":"approximate","coordinates":[116.37355,29.52266],"source_feature_type":"PPL"}],"potential_duplicate":false,"potential_duplicate_ids":[],"township_assignment":"OSM乡界多边形空间归属；并非法定隶属核验","deduplication_note":null}},{"type":"Feature","id":"geonames-7636613","geometry":{"type":"Point","coordinates":[116.37604,29.51009]},"properties":{"id":"geonames-7636613","name":"松林","township_name":"蔡岭镇","source_url":"https://www.geonames.org/7636613/","source_id":"7636613","source_type":"geonames","source_updated_at":"2021-09-20","retrieved_at":"2026-09-27T04:01:28.254836+00:00","coordinate_source":"GeoNames PPL 聚落地名点（WGS84；可能为旧位置或近似中心）","coordinate_precision":"approximate","settlement_level":"unknown","kind":"settlement","verification_status":"publicly_listed","population":null,"elderly_ratio":null,"aliases":["Songlin","song lin"],"sources":[{"id":"geonames-7636613","source_id":"7636613","source_type":"geonames","name":"松林","url":"https://www.geonames.org/7636613/","license":"CC BY 4.0; GeoNames","source_updated_at":"2021-09-20","retrieved_at":"2026-09-27T04:01:28.254836+00:00","coordinate_source":"GeoNames PPL 聚落地名点（WGS84；可能为旧位置或近似中心）","coordinate_precision":"approximate","coordinates":[116.37604,29.51009],"source_feature_type":"PPL"}],"potential_duplicate":false,"potential_duplicate_ids":[],"township_assignment":"OSM乡界多边形空间归属；并非法定隶属核验","deduplication_note":null}},{"type":"Feature","id":"geonames-7636682","geometry":{"type":"Point","coordinates":[116.34117,29.4855]},"properties":{"id":"geonames-7636682","name":"洞门村","township_name":"蔡岭镇","source_url":"https://www.geonames.org/7636682/","source_id":"7636682","source_type":"geonames","source_updated_at":"2023-09-06","retrieved_at":"2026-09-27T04:01:28.254836+00:00","coordinate_source":"GeoNames PPL 聚落地名点（WGS84；可能为旧位置或近似中心）","coordinate_precision":"approximate","settlement_level":"unknown","kind":"settlement","verification_status":"publicly_listed","population":null,"elderly_ratio":null,"aliases":["Dongmen","Dongmencun","dong men","dong men cun","洞门"],"sources":[{"id":"geonames-7636682","source_id":"7636682","source_type":"geonames","name":"洞门村","url":"https://www.geonames.org/7636682/","license":"CC BY 4.0; GeoNames","source_updated_at":"2023-09-06","retrieved_at":"2026-09-27T04:01:28.254836+00:00","coordinate_source":"GeoNames PPL 聚落地名点（WGS84；可能为旧位置或近似中心）","coordinate_precision":"approximate","coordinates":[116.34117,29.4855],"source_feature_type":"PPL"}],"potential_duplicate":false,"potential_duplicate_ids":[],"township_assignment":"OSM乡界多边形空间归属；并非法定隶属核验","deduplication_note":null}},{"type":"Feature","id":"geonames-12561882","geometry":{"type":"Point","coordinates":[116.3511,29.52844]},"properties":{"id":"geonames-12561882","name":"牌垅村","township_name":"蔡岭镇","source_url":"https://www.geonames.org/12561882/","source_id":"12561882","source_type":"geonames","source_updated_at":"2023-09-07","retrieved_at":"2026-09-27T04:01:28.254836+00:00","coordinate_source":"GeoNames PPL 聚落地名点（WGS84；可能为旧位置或近似中心）","coordinate_precision":"approximate","settlement_level":"unknown","kind":"settlement","verification_status":"publicly_listed","population":null,"elderly_ratio":null,"aliases":["Pailongcun","pai long cun"],"sources":[{"id":"geonames-12561882","source_id":"12561882","source_type":"geonames","name":"牌垅村","url":"https://www.geonames.org/12561882/","license":"CC BY 4.0; GeoNames","source_updated_at":"2023-09-07","retrieved_at":"2026-09-27T04:01:28.254836+00:00","coordinate_source":"GeoNames PPL 聚落地名点（WGS84；可能为旧位置或近似中心）","coordinate_precision":"approximate","coordinates":[116.3511,29.52844],"source_feature_type":"PPL"}],"potential_duplicate":false,"potential_duplicate_ids":[],"township_assignment":"OSM乡界多边形空间归属；并非法定隶属核验","deduplication_note":null}},{"type":"Feature","id":"geonames-12561797","geometry":{"type":"Point","coordinates":[116.38783,29.52665]},"properties":{"id":"geonames-12561797","name":"田民村","township_name":"蔡岭镇","source_url":"https://www.geonames.org/12561797/","source_id":"12561797","source_type":"geonames","source_updated_at":"2023-09-07","retrieved_at":"2026-09-27T04:01:28.254836+00:00","coordinate_source":"GeoNames PPL 聚落地名点（WGS84；可能为旧位置或近似中心）","coordinate_precision":"approximate","settlement_level":"unknown","kind":"settlement","verification_status":"publicly_listed","population":null,"elderly_ratio":null,"aliases":["Tianmincun","tian min cun"],"sources":[{"id":"geonames-12561797","source_id":"12561797","source_type":"geonames","name":"田民村","url":"https://www.geonames.org/12561797/","license":"CC BY 4.0; GeoNames","source_updated_at":"2023-09-07","retrieved_at":"2026-09-27T04:01:28.254836+00:00","coordinate_source":"GeoNames PPL 聚落地名点（WGS84；可能为旧位置或近似中心）","coordinate_precision":"approximate","coordinates":[116.38783,29.52665],"source_feature_type":"PPL"}],"potential_duplicate":false,"potential_duplicate_ids":[],"township_assignment":"OSM乡界多边形空间归属；并非法定隶属核验","deduplication_note":null}},{"type":"Feature","id":"geonames-7636204","geometry":{"type":"Point","coordinates":[116.34663,29.52609]},"properties":{"id":"geonames-7636204","name":"红杨树熊家","township_name":"蔡岭镇","source_url":"https://www.geonames.org/7636204/","source_id":"7636204","source_type":"geonames","source_updated_at":"2021-09-20","retrieved_at":"2026-09-27T04:01:28.254836+00:00","coordinate_source":"GeoNames PPL 聚落地名点（WGS84；可能为旧位置或近似中心）","coordinate_precision":"approximate","settlement_level":"unknown","kind":"settlement","verification_status":"publicly_listed","population":null,"elderly_ratio":null,"aliases":["Hongyangshu Xiongjia","hong yang shu xiong jia"],"sources":[{"id":"geonames-7636204","source_id":"7636204","source_type":"geonames","name":"红杨树熊家","url":"https://www.geonames.org/7636204/","license":"CC BY 4.0; GeoNames","source_updated_at":"2021-09-20","retrieved_at":"2026-09-27T04:01:28.254836+00:00","coordinate_source":"GeoNames PPL 聚落地名点（WGS84；可能为旧位置或近似中心）","coordinate_precision":"approximate","coordinates":[116.34663,29.52609],"source_feature_type":"PPL"}],"potential_duplicate":false,"potential_duplicate_ids":[],"township_assignment":"OSM乡界多边形空间归属；并非法定隶属核验","deduplication_note":null}},{"type":"Feature","id":"geonames-7636006","geometry":{"type":"Point","coordinates":[116.35934,29.47603]},"properties":{"id":"geonames-7636006","name":"虎山村","township_name":"蔡岭镇","source_url":"https://www.geonames.org/7636006/","source_id":"7636006","source_type":"geonames","source_updated_at":"2023-09-06","retrieved_at":"2026-09-27T04:01:28.254836+00:00","coordinate_source":"GeoNames PPL 聚落地名点（WGS84；可能为旧位置或近似中心）","coordinate_precision":"approximate","settlement_level":"unknown","kind":"settlement","verification_status":"publicly_listed","population":null,"elderly_ratio":null,"aliases":["Hushan","Hushancun","hu shan","hu shan cun","虎山"],"sources":[{"id":"geonames-7636006","source_id":"7636006","source_type":"geonames","name":"虎山村","url":"https://www.geonames.org/7636006/","license":"CC BY 4.0; GeoNames","source_updated_at":"2023-09-06","retrieved_at":"2026-09-27T04:01:28.254836+00:00","coordinate_source":"GeoNames PPL 聚落地名点（WGS84；可能为旧位置或近似中心）","coordinate_precision":"approximate","coordinates":[116.35934,29.47603],"source_feature_type":"PPL"}],"potential_duplicate":false,"potential_duplicate_ids":[],"township_assignment":"OSM乡界多边形空间归属；并非法定隶属核验","deduplication_note":null}},{"type":"Feature","id":"geonames-7636775","geometry":{"type":"Point","coordinates":[116.40669,29.45992]},"properties":{"id":"geonames-7636775","name":"西山潘家","township_name":"蔡岭镇","source_url":"https://www.geonames.org/7636775/","source_id":"7636775","source_type":"geonames","source_updated_at":"2023-09-06","retrieved_at":"2026-09-27T04:01:28.254836+00:00","coordinate_source":"GeoNames PPL 聚落地名点（WGS84；可能为旧位置或近似中心）","coordinate_precision":"approximate","settlement_level":"unknown","kind":"settlement","verification_status":"publicly_listed","population":null,"elderly_ratio":null,"aliases":["Xishan Panjia","xi shan pan jia"],"sources":[{"id":"geonames-7636775","source_id":"7636775","source_type":"geonames","name":"西山潘家","url":"https://www.geonames.org/7636775/","license":"CC BY 4.0; GeoNames","source_updated_at":"2023-09-06","retrieved_at":"2026-09-27T04:01:28.254836+00:00","coordinate_source":"GeoNames PPL 聚落地名点（WGS84；可能为旧位置或近似中心）","coordinate_precision":"approximate","coordinates":[116.40669,29.45992],"source_feature_type":"PPL"}],"potential_duplicate":false,"potential_duplicate_ids":[],"township_assignment":"OSM乡界多边形空间归属；并非法定隶属核验","deduplication_note":null}},{"type":"Feature","id":"geonames-12561796","geometry":{"type":"Point","coordinates":[116.36389,29.50516]},"properties":{"id":"geonames-12561796","name":"西镇村","township_name":"蔡岭镇","source_url":"https://www.geonames.org/12561796/","source_id":"12561796","source_type":"geonames","source_updated_at":"2023-09-07","retrieved_at":"2026-09-27T04:01:28.254836+00:00","coordinate_source":"GeoNames PPL 聚落地名点（WGS84；可能为旧位置或近似中心）","coordinate_precision":"approximate","settlement_level":"unknown","kind":"settlement","verification_status":"publicly_listed","population":null,"elderly_ratio":null,"aliases":["Xizhencun","xi zhen cun"],"sources":[{"id":"geonames-12561796","source_id":"12561796","source_type":"geonames","name":"西镇村","url":"https://www.geonames.org/12561796/","license":"CC BY 4.0; GeoNames","source_updated_at":"2023-09-07","retrieved_at":"2026-09-27T04:01:28.254836+00:00","coordinate_source":"GeoNames PPL 聚落地名点（WGS84；可能为旧位置或近似中心）","coordinate_precision":"approximate","coordinates":[116.36389,29.50516],"source_feature_type":"PPL"}],"potential_duplicate":false,"potential_duplicate_ids":[],"township_assignment":"OSM乡界多边形空间归属；并非法定隶属核验","deduplication_note":null}},{"type":"Feature","id":"geonames-7636680","geometry":{"type":"Point","coordinates":[116.37711,29.53976]},"properties":{"id":"geonames-7636680","name":"高家","township_name":"蔡岭镇","source_url":"https://www.geonames.org/7636680/","source_id":"7636680","source_type":"geonames","source_updated_at":"2023-09-06","retrieved_at":"2026-09-27T04:01:28.254836+00:00","coordinate_source":"GeoNames PPL 聚落地名点（WGS84；可能为旧位置或近似中心）","coordinate_precision":"approximate","settlement_level":"unknown","kind":"settlement","verification_status":"publicly_listed","population":null,"elderly_ratio":null,"aliases":["Gaojia","gao jia"],"sources":[{"id":"geonames-7636680","source_id":"7636680","source_type":"geonames","name":"高家","url":"https://www.geonames.org/7636680/","license":"CC BY 4.0; GeoNames","source_updated_at":"2023-09-06","retrieved_at":"2026-09-27T04:01:28.254836+00:00","coordinate_source":"GeoNames PPL 聚落地名点（WGS84；可能为旧位置或近似中心）","coordinate_precision":"approximate","coordinates":[116.37711,29.53976],"source_feature_type":"PPL"}],"potential_duplicate":false,"potential_duplicate_ids":[],"township_assignment":"OSM乡界多边形空间归属；并非法定隶属核验","deduplication_note":null}},{"type":"Feature","id":"geonames-12561829","geometry":{"type":"Point","coordinates":[116.43066,29.23775]},"properties":{"id":"geonames-12561829","name":"东湖村","township_name":"西源乡","source_url":"https://www.geonames.org/12561829/","source_id":"12561829","source_type":"geonames","source_updated_at":"2023-09-07","retrieved_at":"2026-09-27T04:01:28.254836+00:00","coordinate_source":"GeoNames PPL 聚落地名点（WGS84；可能为旧位置或近似中心）","coordinate_precision":"approximate","settlement_level":"unknown","kind":"settlement","verification_status":"publicly_listed","population":null,"elderly_ratio":null,"aliases":["Donghucun","dong hu cun"],"sources":[{"id":"geonames-12561829","source_id":"12561829","source_type":"geonames","name":"东湖村","url":"https://www.geonames.org/12561829/","license":"CC BY 4.0; GeoNames","source_updated_at":"2023-09-07","retrieved_at":"2026-09-27T04:01:28.254836+00:00","coordinate_source":"GeoNames PPL 聚落地名点（WGS84；可能为旧位置或近似中心）","coordinate_precision":"approximate","coordinates":[116.43066,29.23775],"source_feature_type":"PPL"}],"potential_duplicate":false,"potential_duplicate_ids":[],"township_assignment":"OSM乡界多边形空间归属；并非法定隶属核验","deduplication_note":null}},{"type":"Feature","id":"geonames-12561830","geometry":{"type":"Point","coordinates":[116.43874,29.20255]},"properties":{"id":"geonames-12561830","name":"中塘村","township_name":"西源乡","source_url":"https://www.geonames.org/12561830/","source_id":"12561830","source_type":"geonames","source_updated_at":"2023-09-07","retrieved_at":"2026-09-27T04:01:28.254836+00:00","coordinate_source":"GeoNames PPL 聚落地名点（WGS84；可能为旧位置或近似中心）","coordinate_precision":"approximate","settlement_level":"unknown","kind":"settlement","verification_status":"publicly_listed","population":null,"elderly_ratio":null,"aliases":["Zhongtangcun","zhong tang cun"],"sources":[{"id":"geonames-12561830","source_id":"12561830","source_type":"geonames","name":"中塘村","url":"https://www.geonames.org/12561830/","license":"CC BY 4.0; GeoNames","source_updated_at":"2023-09-07","retrieved_at":"2026-09-27T04:01:28.254836+00:00","coordinate_source":"GeoNames PPL 聚落地名点（WGS84；可能为旧位置或近似中心）","coordinate_precision":"approximate","coordinates":[116.43874,29.20255],"source_feature_type":"PPL"}],"potential_duplicate":false,"potential_duplicate_ids":[],"township_assignment":"OSM乡界多边形空间归属；并非法定隶属核验","deduplication_note":null}},{"type":"Feature","id":"geonames-7636072","geometry":{"type":"Point","coordinates":[116.4285,29.25256]},"properties":{"id":"geonames-7636072","name":"南邹村","township_name":"西源乡","source_url":"https://www.geonames.org/7636072/","source_id":"7636072","source_type":"geonames","source_updated_at":"2023-09-06","retrieved_at":"2026-09-27T04:01:28.254836+00:00","coordinate_source":"GeoNames PPL 聚落地名点（WGS84；可能为旧位置或近似中心）","coordinate_precision":"approximate","settlement_level":"unknown","kind":"settlement","verification_status":"publicly_listed","population":null,"elderly_ratio":null,"aliases":["Nanzou","Nanzoucun","nan zou","nan zou cun","南邹"],"sources":[{"id":"geonames-7636072","source_id":"7636072","source_type":"geonames","name":"南邹村","url":"https://www.geonames.org/7636072/","license":"CC BY 4.0; GeoNames","source_updated_at":"2023-09-06","retrieved_at":"2026-09-27T04:01:28.254836+00:00","coordinate_source":"GeoNames PPL 聚落地名点（WGS84；可能为旧位置或近似中心）","coordinate_precision":"approximate","coordinates":[116.4285,29.25256],"source_feature_type":"PPL"}],"potential_duplicate":false,"potential_duplicate_ids":[],"township_assignment":"OSM乡界多边形空间归属；并非法定隶属核验","deduplication_note":null}},{"type":"Feature","id":"geonames-7636566","geometry":{"type":"Point","coordinates":[116.44734,29.20728]},"properties":{"id":"geonames-7636566","name":"塘口村","township_name":"西源乡","source_url":"https://www.geonames.org/7636566/","source_id":"7636566","source_type":"geonames","source_updated_at":"2023-09-06","retrieved_at":"2026-09-27T04:01:28.254836+00:00","coordinate_source":"GeoNames PPL 聚落地名点（WGS84；可能为旧位置或近似中心）","coordinate_precision":"approximate","settlement_level":"unknown","kind":"settlement","verification_status":"publicly_listed","population":null,"elderly_ratio":null,"aliases":["Tangkou","Tangkoucun","tang kou","tang kou cun","塘口"],"sources":[{"id":"geonames-7636566","source_id":"7636566","source_type":"geonames","name":"塘口村","url":"https://www.geonames.org/7636566/","license":"CC BY 4.0; GeoNames","source_updated_at":"2023-09-06","retrieved_at":"2026-09-27T04:01:28.254836+00:00","coordinate_source":"GeoNames PPL 聚落地名点（WGS84；可能为旧位置或近似中心）","coordinate_precision":"approximate","coordinates":[116.44734,29.20728],"source_feature_type":"PPL"}],"potential_duplicate":false,"potential_duplicate_ids":[],"township_assignment":"OSM乡界多边形空间归属；并非法定隶属核验","deduplication_note":null}},{"type":"Feature","id":"geonames-7636100","geometry":{"type":"Point","coordinates":[116.44105,29.19749]},"properties":{"id":"geonames-7636100","name":"大塘尾","township_name":"西源乡","source_url":"https://www.geonames.org/7636100/","source_id":"7636100","source_type":"geonames","source_updated_at":"2021-09-20","retrieved_at":"2026-09-27T04:01:28.254836+00:00","coordinate_source":"GeoNames PPL 聚落地名点（WGS84；可能为旧位置或近似中心）","coordinate_precision":"approximate","settlement_level":"unknown","kind":"settlement","verification_status":"publicly_listed","population":null,"elderly_ratio":null,"aliases":["Datangwei","da tang wei"],"sources":[{"id":"geonames-7636100","source_id":"7636100","source_type":"geonames","name":"大塘尾","url":"https://www.geonames.org/7636100/","license":"CC BY 4.0; GeoNames","source_updated_at":"2021-09-20","retrieved_at":"2026-09-27T04:01:28.254836+00:00","coordinate_source":"GeoNames PPL 聚落地名点（WGS84；可能为旧位置或近似中心）","coordinate_precision":"approximate","coordinates":[116.44105,29.19749],"source_feature_type":"PPL"}],"potential_duplicate":false,"potential_duplicate_ids":[],"township_assignment":"OSM乡界多边形空间归属；并非法定隶属核验","deduplication_note":null}},{"type":"Feature","id":"geonames-7636214","geometry":{"type":"Point","coordinates":[116.42941,29.2285]},"properties":{"id":"geonames-7636214","name":"张家山","township_name":"西源乡","source_url":"https://www.geonames.org/7636214/","source_id":"7636214","source_type":"geonames","source_updated_at":"2021-09-20","retrieved_at":"2026-09-27T04:01:28.254836+00:00","coordinate_source":"GeoNames PPL 聚落地名点（WGS84；可能为旧位置或近似中心）","coordinate_precision":"approximate","settlement_level":"unknown","kind":"settlement","verification_status":"publicly_listed","population":null,"elderly_ratio":null,"aliases":["Zhangjiashan","zhang jia shan"],"sources":[{"id":"geonames-7636214","source_id":"7636214","source_type":"geonames","name":"张家山","url":"https://www.geonames.org/7636214/","license":"CC BY 4.0; GeoNames","source_updated_at":"2021-09-20","retrieved_at":"2026-09-27T04:01:28.254836+00:00","coordinate_source":"GeoNames PPL 聚落地名点（WGS84；可能为旧位置或近似中心）","coordinate_precision":"approximate","coordinates":[116.42941,29.2285],"source_feature_type":"PPL"}],"potential_duplicate":false,"potential_duplicate_ids":[],"township_assignment":"OSM乡界多边形空间归属；并非法定隶属核验","deduplication_note":null}},{"type":"Feature","id":"osm-node-5428727795","geometry":{"type":"Point","coordinates":[116.4254987,29.2154629]},"properties":{"id":"osm-node-5428727795","name":"曹福缘","township_name":"西源乡","source_url":"https://www.openstreetmap.org/node/5428727795","source_id":"5428727795","source_type":"osm","source_updated_at":"2018-02-22T10:37:42Z","retrieved_at":"2026-09-27T04:06:23.342197+00:00","coordinate_source":"OpenStreetMap 原始聚落节点（WGS84）","coordinate_precision":"mapped_point","settlement_level":"unknown","kind":"settlement","verification_status":"publicly_listed","population":null,"elderly_ratio":null,"aliases":[],"sources":[{"id":"osm-node-5428727795","source_id":"5428727795","source_type":"osm","name":"曹福缘","url":"https://www.openstreetmap.org/node/5428727795","license":"ODbL 1.0; © OpenStreetMap contributors","source_updated_at":"2018-02-22T10:37:42Z","retrieved_at":"2026-09-27T04:06:23.342197+00:00","coordinate_source":"OpenStreetMap 原始聚落节点（WGS84）","coordinate_precision":"mapped_point","coordinates":[116.4254987,29.2154629],"source_feature_type":"hamlet"}],"potential_duplicate":false,"potential_duplicate_ids":[],"township_assignment":"OSM乡界多边形空间归属；并非法定隶属核验","deduplication_note":null}},{"type":"Feature","id":"geonames-7635939","geometry":{"type":"Point","coordinates":[116.44228,29.24438]},"properties":{"id":"geonames-7635939","name":"杨家","township_name":"西源乡","source_url":"https://www.geonames.org/7635939/","source_id":"7635939","source_type":"geonames","source_updated_at":"2021-09-20","retrieved_at":"2026-09-27T04:01:28.254836+00:00","coordinate_source":"GeoNames PPL 聚落地名点（WGS84；可能为旧位置或近似中心）","coordinate_precision":"approximate","settlement_level":"unknown","kind":"settlement","verification_status":"publicly_listed","population":null,"elderly_ratio":null,"aliases":["Yangjia","yang jia"],"sources":[{"id":"geonames-7635939","source_id":"7635939","source_type":"geonames","name":"杨家","url":"https://www.geonames.org/7635939/","license":"CC BY 4.0; GeoNames","source_updated_at":"2021-09-20","retrieved_at":"2026-09-27T04:01:28.254836+00:00","coordinate_source":"GeoNames PPL 聚落地名点（WGS84；可能为旧位置或近似中心）","coordinate_precision":"approximate","coordinates":[116.44228,29.24438],"source_feature_type":"PPL"}],"potential_duplicate":false,"potential_duplicate_ids":[],"township_assignment":"OSM乡界多边形空间归属；并非法定隶属核验","deduplication_note":null}},{"type":"Feature","id":"geonames-7636514","geometry":{"type":"Point","coordinates":[116.42466,29.18396]},"properties":{"id":"geonames-7636514","name":"沙塘村","township_name":"西源乡","source_url":"https://www.geonames.org/7636514/","source_id":"7636514","source_type":"geonames","source_updated_at":"2023-09-06","retrieved_at":"2026-09-27T04:01:28.254836+00:00","coordinate_source":"GeoNames PPL 聚落地名点（WGS84；可能为旧位置或近似中心）","coordinate_precision":"approximate","settlement_level":"unknown","kind":"settlement","verification_status":"publicly_listed","population":null,"elderly_ratio":null,"aliases":["Shatang","Shatangcun","sha tang","sha tang cun","沙塘"],"sources":[{"id":"geonames-7636514","source_id":"7636514","source_type":"geonames","name":"沙塘村","url":"https://www.geonames.org/7636514/","license":"CC BY 4.0; GeoNames","source_updated_at":"2023-09-06","retrieved_at":"2026-09-27T04:01:28.254836+00:00","coordinate_source":"GeoNames PPL 聚落地名点（WGS84；可能为旧位置或近似中心）","coordinate_precision":"approximate","coordinates":[116.42466,29.18396],"source_feature_type":"PPL"}],"potential_duplicate":false,"potential_duplicate_ids":[],"township_assignment":"OSM乡界多边形空间归属；并非法定隶属核验","deduplication_note":null}},{"type":"Feature","id":"geonames-7636074","geometry":{"type":"Point","coordinates":[116.43865,29.22571]},"properties":{"id":"geonames-7636074","name":"源垅村","township_name":"西源乡","source_url":"https://www.geonames.org/7636074/","source_id":"7636074","source_type":"geonames","source_updated_at":"2023-09-06","retrieved_at":"2026-09-27T04:01:28.254836+00:00","coordinate_source":"GeoNames PPL 聚落地名点（WGS84；可能为旧位置或近似中心）","coordinate_precision":"approximate","settlement_level":"unknown","kind":"settlement","verification_status":"publicly_listed","population":null,"elderly_ratio":null,"aliases":["Yuanlong","Yuanlongcun","yuan long","yuan long cun","源垄"],"sources":[{"id":"geonames-7636074","source_id":"7636074","source_type":"geonames","name":"源垅村","url":"https://www.geonames.org/7636074/","license":"CC BY 4.0; GeoNames","source_updated_at":"2023-09-06","retrieved_at":"2026-09-27T04:01:28.254836+00:00","coordinate_source":"GeoNames PPL 聚落地名点（WGS84；可能为旧位置或近似中心）","coordinate_precision":"approximate","coordinates":[116.43865,29.22571],"source_feature_type":"PPL"}],"potential_duplicate":false,"potential_duplicate_ids":[],"township_assignment":"OSM乡界多边形空间归属；并非法定隶属核验","deduplication_note":null}},{"type":"Feature","id":"geonames-12561741","geometry":{"type":"Point","coordinates":[116.42319,29.21595]},"properties":{"id":"geonames-12561741","name":"福缘村","township_name":"西源乡","source_url":"https://www.geonames.org/12561741/","source_id":"12561741","source_type":"geonames","source_updated_at":"2023-09-07","retrieved_at":"2026-09-27T04:01:28.254836+00:00","coordinate_source":"GeoNames PPL 聚落地名点（WGS84；可能为旧位置或近似中心）","coordinate_precision":"approximate","settlement_level":"unknown","kind":"settlement","verification_status":"publicly_listed","population":null,"elderly_ratio":null,"aliases":["Fuyuancun","fu yuan cun"],"sources":[{"id":"geonames-12561741","source_id":"12561741","source_type":"geonames","name":"福缘村","url":"https://www.geonames.org/12561741/","license":"CC BY 4.0; GeoNames","source_updated_at":"2023-09-07","retrieved_at":"2026-09-27T04:01:28.254836+00:00","coordinate_source":"GeoNames PPL 聚落地名点（WGS84；可能为旧位置或近似中心）","coordinate_precision":"approximate","coordinates":[116.42319,29.21595],"source_feature_type":"PPL"}],"potential_duplicate":false,"potential_duplicate_ids":[],"township_assignment":"OSM乡界多边形空间归属；并非法定隶属核验","deduplication_note":null}},{"type":"Feature","id":"geonames-12561792","geometry":{"type":"Point","coordinates":[116.41249,29.20547]},"properties":{"id":"geonames-12561792","name":"茅堑村","township_name":"西源乡","source_url":"https://www.geonames.org/12561792/","source_id":"12561792","source_type":"geonames","source_updated_at":"2023-09-07","retrieved_at":"2026-09-27T04:01:28.254836+00:00","coordinate_source":"GeoNames PPL 聚落地名点（WGS84；可能为旧位置或近似中心）","coordinate_precision":"approximate","settlement_level":"unknown","kind":"settlement","verification_status":"publicly_listed","population":null,"elderly_ratio":null,"aliases":["Maoqiancun","mao qian cun"],"sources":[{"id":"geonames-12561792","source_id":"12561792","source_type":"geonames","name":"茅堑村","url":"https://www.geonames.org/12561792/","license":"CC BY 4.0; GeoNames","source_updated_at":"2023-09-07","retrieved_at":"2026-09-27T04:01:28.254836+00:00","coordinate_source":"GeoNames PPL 聚落地名点（WGS84；可能为旧位置或近似中心）","coordinate_precision":"approximate","coordinates":[116.41249,29.20547],"source_feature_type":"PPL"}],"potential_duplicate":false,"potential_duplicate_ids":[],"township_assignment":"OSM乡界多边形空间归属；并非法定隶属核验","deduplication_note":null}},{"type":"Feature","id":"geonames-12561876","geometry":{"type":"Point","coordinates":[116.42794,29.24739]},"properties":{"id":"geonames-12561876","name":"茅蓬村","township_name":"西源乡","source_url":"https://www.geonames.org/12561876/","source_id":"12561876","source_type":"geonames","source_updated_at":"2023-09-07","retrieved_at":"2026-09-27T04:01:28.254836+00:00","coordinate_source":"GeoNames PPL 聚落地名点（WGS84；可能为旧位置或近似中心）","coordinate_precision":"approximate","settlement_level":"unknown","kind":"settlement","verification_status":"publicly_listed","population":null,"elderly_ratio":null,"aliases":["Maopengcun","mao peng cun"],"sources":[{"id":"geonames-12561876","source_id":"12561876","source_type":"geonames","name":"茅蓬村","url":"https://www.geonames.org/12561876/","license":"CC BY 4.0; GeoNames","source_updated_at":"2023-09-07","retrieved_at":"2026-09-27T04:01:28.254836+00:00","coordinate_source":"GeoNames PPL 聚落地名点（WGS84；可能为旧位置或近似中心）","coordinate_precision":"approximate","coordinates":[116.42794,29.24739],"source_feature_type":"PPL"}],"potential_duplicate":false,"potential_duplicate_ids":[],"township_assignment":"OSM乡界多边形空间归属；并非法定隶属核验","deduplication_note":null}},{"type":"Feature","id":"geonames-12561742","geometry":{"type":"Point","coordinates":[116.44147,29.19732]},"properties":{"id":"geonames-12561742","name":"茭塘村","township_name":"西源乡","source_url":"https://www.geonames.org/12561742/","source_id":"12561742","source_type":"geonames","source_updated_at":"2023-09-07","retrieved_at":"2026-09-27T04:01:28.254836+00:00","coordinate_source":"GeoNames PPL 聚落地名点（WGS84；可能为旧位置或近似中心）","coordinate_precision":"approximate","settlement_level":"unknown","kind":"settlement","verification_status":"publicly_listed","population":null,"elderly_ratio":null,"aliases":["Jiaotangcun","jiao tang cun"],"sources":[{"id":"geonames-12561742","source_id":"12561742","source_type":"geonames","name":"茭塘村","url":"https://www.geonames.org/12561742/","license":"CC BY 4.0; GeoNames","source_updated_at":"2023-09-07","retrieved_at":"2026-09-27T04:01:28.254836+00:00","coordinate_source":"GeoNames PPL 聚落地名点（WGS84；可能为旧位置或近似中心）","coordinate_precision":"approximate","coordinates":[116.44147,29.19732],"source_feature_type":"PPL"}],"potential_duplicate":false,"potential_duplicate_ids":[],"township_assignment":"OSM乡界多边形空间归属；并非法定隶属核验","deduplication_note":null}},{"type":"Feature","id":"geonames-12561828","geometry":{"type":"Point","coordinates":[116.42476,29.20031]},"properties":{"id":"geonames-12561828","name":"西源村","township_name":"西源乡","source_url":"https://www.geonames.org/12561828/","source_id":"12561828","source_type":"geonames","source_updated_at":"2023-09-07","retrieved_at":"2026-09-27T04:01:28.254836+00:00","coordinate_source":"GeoNames PPL 聚落地名点（WGS84；可能为旧位置或近似中心）","coordinate_precision":"approximate","settlement_level":"unknown","kind":"settlement","verification_status":"publicly_listed","population":null,"elderly_ratio":null,"aliases":["Xiyuancun","xi yuan cun"],"sources":[{"id":"geonames-12561828","source_id":"12561828","source_type":"geonames","name":"西源村","url":"https://www.geonames.org/12561828/","license":"CC BY 4.0; GeoNames","source_updated_at":"2023-09-07","retrieved_at":"2026-09-27T04:01:28.254836+00:00","coordinate_source":"GeoNames PPL 聚落地名点（WGS84；可能为旧位置或近似中心）","coordinate_precision":"approximate","coordinates":[116.42476,29.20031],"source_feature_type":"PPL"}],"potential_duplicate":false,"potential_duplicate_ids":[],"township_assignment":"OSM乡界多边形空间归属；并非法定隶属核验","deduplication_note":null}},{"type":"Feature","id":"geonames-12561793","geometry":{"type":"Point","coordinates":[116.43289,29.18615]},"properties":{"id":"geonames-12561793","name":"长溪村","township_name":"西源乡","source_url":"https://www.geonames.org/12561793/","source_id":"12561793","source_type":"geonames","source_updated_at":"2023-09-07","retrieved_at":"2026-09-27T04:01:28.254836+00:00","coordinate_source":"GeoNames PPL 聚落地名点（WGS84；可能为旧位置或近似中心）","coordinate_precision":"approximate","settlement_level":"unknown","kind":"settlement","verification_status":"publicly_listed","population":null,"elderly_ratio":null,"aliases":["Changxicun","zhang xi cun"],"sources":[{"id":"geonames-12561793","source_id":"12561793","source_type":"geonames","name":"长溪村","url":"https://www.geonames.org/12561793/","license":"CC BY 4.0; GeoNames","source_updated_at":"2023-09-07","retrieved_at":"2026-09-27T04:01:28.254836+00:00","coordinate_source":"GeoNames PPL 聚落地名点（WGS84；可能为旧位置或近似中心）","coordinate_precision":"approximate","coordinates":[116.43289,29.18615],"source_feature_type":"PPL"}],"potential_duplicate":false,"potential_duplicate_ids":[],"township_assignment":"OSM乡界多边形空间归属；并非法定隶属核验","deduplication_note":null}},{"type":"Feature","id":"geonames-7636073","geometry":{"type":"Point","coordinates":[116.41827,29.24541]},"properties":{"id":"geonames-7636073","name":"陈大垄","township_name":"西源乡","source_url":"https://www.geonames.org/7636073/","source_id":"7636073","source_type":"geonames","source_updated_at":"2023-09-06","retrieved_at":"2026-09-27T04:01:28.254836+00:00","coordinate_source":"GeoNames PPL 聚落地名点（WGS84；可能为旧位置或近似中心）","coordinate_precision":"approximate","settlement_level":"unknown","kind":"settlement","verification_status":"publicly_listed","population":null,"elderly_ratio":null,"aliases":["Chendalong","chen da long"],"sources":[{"id":"geonames-7636073","source_id":"7636073","source_type":"geonames","name":"陈大垄","url":"https://www.geonames.org/7636073/","license":"CC BY 4.0; GeoNames","source_updated_at":"2023-09-06","retrieved_at":"2026-09-27T04:01:28.254836+00:00","coordinate_source":"GeoNames PPL 聚落地名点（WGS84；可能为旧位置或近似中心）","coordinate_precision":"approximate","coordinates":[116.41827,29.24541],"source_feature_type":"PPL"}],"potential_duplicate":false,"potential_duplicate_ids":[],"township_assignment":"OSM乡界多边形空间归属；并非法定隶属核验","deduplication_note":null}},{"type":"Feature","id":"geonames-12561782","geometry":{"type":"Point","coordinates":[116.19855,29.27529]},"properties":{"id":"geonames-12561782","name":"东湖","township_name":"都昌镇","source_url":"https://www.geonames.org/12561782/","source_id":"12561782","source_type":"geonames","source_updated_at":"2023-09-07","retrieved_at":"2026-09-27T04:01:28.254836+00:00","coordinate_source":"GeoNames PPL 聚落地名点（WGS84；可能为旧位置或近似中心）","coordinate_precision":"approximate","settlement_level":"unknown","kind":"settlement","verification_status":"publicly_listed","population":null,"elderly_ratio":null,"aliases":["Donghu","dong hu"],"sources":[{"id":"geonames-12561782","source_id":"12561782","source_type":"geonames","name":"东湖","url":"https://www.geonames.org/12561782/","license":"CC BY 4.0; GeoNames","source_updated_at":"2023-09-07","retrieved_at":"2026-09-27T04:01:28.254836+00:00","coordinate_source":"GeoNames PPL 聚落地名点（WGS84；可能为旧位置或近似中心）","coordinate_precision":"approximate","coordinates":[116.19855,29.27529],"source_feature_type":"PPL"}],"potential_duplicate":false,"potential_duplicate_ids":[],"township_assignment":"OSM乡界多边形空间归属；并非法定隶属核验","deduplication_note":null}},{"type":"Feature","id":"geonames-12561906","geometry":{"type":"Point","coordinates":[116.20419,29.27051]},"properties":{"id":"geonames-12561906","name":"东街","township_name":"都昌镇","source_url":"https://www.geonames.org/12561906/","source_id":"12561906","source_type":"geonames","source_updated_at":"2023-09-07","retrieved_at":"2026-09-27T04:01:28.254836+00:00","coordinate_source":"GeoNames PPL 聚落地名点（WGS84；可能为旧位置或近似中心）","coordinate_precision":"approximate","settlement_level":"unknown","kind":"settlement","verification_status":"publicly_listed","population":null,"elderly_ratio":null,"aliases":["Dongjie","dong jie"],"sources":[{"id":"geonames-12561906","source_id":"12561906","source_type":"geonames","name":"东街","url":"https://www.geonames.org/12561906/","license":"CC BY 4.0; GeoNames","source_updated_at":"2023-09-07","retrieved_at":"2026-09-27T04:01:28.254836+00:00","coordinate_source":"GeoNames PPL 聚落地名点（WGS84；可能为旧位置或近似中心）","coordinate_precision":"approximate","coordinates":[116.20419,29.27051],"source_feature_type":"PPL"}],"potential_duplicate":false,"potential_duplicate_ids":[],"township_assignment":"OSM乡界多边形空间归属；并非法定隶属核验","deduplication_note":null}},{"type":"Feature","id":"geonames-7635926","geometry":{"type":"Point","coordinates":[116.13645,29.26395]},"properties":{"id":"geonames-7635926","name":"中坝村","township_name":"都昌镇","source_url":"https://www.geonames.org/7635926/","source_id":"7635926","source_type":"geonames","source_updated_at":"2023-09-06","retrieved_at":"2026-09-27T04:01:28.254836+00:00","coordinate_source":"GeoNames PPL 聚落地名点（WGS84；可能为旧位置或近似中心）","coordinate_precision":"approximate","settlement_level":"unknown","kind":"settlement","verification_status":"publicly_listed","population":null,"elderly_ratio":null,"aliases":["Zhongba","Zhongbacun","zhong ba","zhong ba cun","中坝"],"sources":[{"id":"geonames-7635926","source_id":"7635926","source_type":"geonames","name":"中坝村","url":"https://www.geonames.org/7635926/","license":"CC BY 4.0; GeoNames","source_updated_at":"2023-09-06","retrieved_at":"2026-09-27T04:01:28.254836+00:00","coordinate_source":"GeoNames PPL 聚落地名点（WGS84；可能为旧位置或近似中心）","coordinate_precision":"approximate","coordinates":[116.13645,29.26395],"source_feature_type":"PPL"}],"potential_duplicate":false,"potential_duplicate_ids":[],"township_assignment":"OSM乡界多边形空间归属；并非法定隶属核验","deduplication_note":null}},{"type":"Feature","id":"geonames-12559599","geometry":{"type":"Point","coordinates":[116.21341,29.26073]},"properties":{"id":"geonames-12559599","name":"南山村","township_name":"都昌镇","source_url":"https://www.geonames.org/12559599/","source_id":"12559599","source_type":"geonames","source_updated_at":"2023-09-07","retrieved_at":"2026-09-27T04:01:28.254836+00:00","coordinate_source":"GeoNames PPL 聚落地名点（WGS84；可能为旧位置或近似中心）","coordinate_precision":"approximate","settlement_level":"unknown","kind":"settlement","verification_status":"publicly_listed","population":null,"elderly_ratio":null,"aliases":["Nanshancun","nan shan cun"],"sources":[{"id":"geonames-12559599","source_id":"12559599","source_type":"geonames","name":"南山村","url":"https://www.geonames.org/12559599/","license":"CC BY 4.0; GeoNames","source_updated_at":"2023-09-07","retrieved_at":"2026-09-27T04:01:28.254836+00:00","coordinate_source":"GeoNames PPL 聚落地名点（WGS84；可能为旧位置或近似中心）","coordinate_precision":"approximate","coordinates":[116.21341,29.26073],"source_feature_type":"PPL"}],"potential_duplicate":false,"potential_duplicate_ids":[],"township_assignment":"OSM乡界多边形空间归属；并非法定隶属核验","deduplication_note":null}},{"type":"Feature","id":"geonames-12561779","geometry":{"type":"Point","coordinates":[116.20445,29.27243]},"properties":{"id":"geonames-12561779","name":"城东","township_name":"都昌镇","source_url":"https://www.geonames.org/12561779/","source_id":"12561779","source_type":"geonames","source_updated_at":"2023-09-07","retrieved_at":"2026-09-27T04:01:28.254836+00:00","coordinate_source":"GeoNames PPL 聚落地名点（WGS84；可能为旧位置或近似中心）","coordinate_precision":"approximate","settlement_level":"unknown","kind":"settlement","verification_status":"publicly_listed","population":null,"elderly_ratio":null,"aliases":["Chengdong","cheng dong"],"sources":[{"id":"geonames-12561779","source_id":"12561779","source_type":"geonames","name":"城东","url":"https://www.geonames.org/12561779/","license":"CC BY 4.0; GeoNames","source_updated_at":"2023-09-07","retrieved_at":"2026-09-27T04:01:28.254836+00:00","coordinate_source":"GeoNames PPL 聚落地名点（WGS84；可能为旧位置或近似中心）","coordinate_precision":"approximate","coordinates":[116.20445,29.27243],"source_feature_type":"PPL"}],"potential_duplicate":false,"potential_duplicate_ids":[],"township_assignment":"OSM乡界多边形空间归属；并非法定隶属核验","deduplication_note":null}},{"type":"Feature","id":"geonames-12561864","geometry":{"type":"Point","coordinates":[116.19601,29.27422]},"properties":{"id":"geonames-12561864","name":"城郊","township_name":"都昌镇","source_url":"https://www.geonames.org/12561864/","source_id":"12561864","source_type":"geonames","source_updated_at":"2023-09-07","retrieved_at":"2026-09-27T04:01:28.254836+00:00","coordinate_source":"GeoNames PPL 聚落地名点（WGS84；可能为旧位置或近似中心）","coordinate_precision":"approximate","settlement_level":"unknown","kind":"settlement","verification_status":"publicly_listed","population":null,"elderly_ratio":null,"aliases":["Chengjiao","cheng jiao"],"sources":[{"id":"geonames-12561864","source_id":"12561864","source_type":"geonames","name":"城郊","url":"https://www.geonames.org/12561864/","license":"CC BY 4.0; GeoNames","source_updated_at":"2023-09-07","retrieved_at":"2026-09-27T04:01:28.254836+00:00","coordinate_source":"GeoNames PPL 聚落地名点（WGS84；可能为旧位置或近似中心）","coordinate_precision":"approximate","coordinates":[116.19601,29.27422],"source_feature_type":"PPL"}],"potential_duplicate":false,"potential_duplicate_ids":[],"township_assignment":"OSM乡界多边形空间归属；并非法定隶属核验","deduplication_note":null}},{"type":"Feature","id":"geonames-12561861","geometry":{"type":"Point","coordinates":[116.19166,29.27218]},"properties":{"id":"geonames-12561861","name":"幸福","township_name":"都昌镇","source_url":"https://www.geonames.org/12561861/","source_id":"12561861","source_type":"geonames","source_updated_at":"2023-09-07","retrieved_at":"2026-09-27T04:01:28.254836+00:00","coordinate_source":"GeoNames PPL 聚落地名点（WGS84；可能为旧位置或近似中心）","coordinate_precision":"approximate","settlement_level":"unknown","kind":"settlement","verification_status":"publicly_listed","population":null,"elderly_ratio":null,"aliases":["Xingfu","xing fu"],"sources":[{"id":"geonames-12561861","source_id":"12561861","source_type":"geonames","name":"幸福","url":"https://www.geonames.org/12561861/","license":"CC BY 4.0; GeoNames","source_updated_at":"2023-09-07","retrieved_at":"2026-09-27T04:01:28.254836+00:00","coordinate_source":"GeoNames PPL 聚落地名点（WGS84；可能为旧位置或近似中心）","coordinate_precision":"approximate","coordinates":[116.19166,29.27218],"source_feature_type":"PPL"}],"potential_duplicate":false,"potential_duplicate_ids":[],"township_assignment":"OSM乡界多边形空间归属；并非法定隶属核验","deduplication_note":null}},{"type":"Feature","id":"geonames-7636650","geometry":{"type":"Point","coordinates":[116.12418,29.28865]},"properties":{"id":"geonames-7636650","name":"张家塘","township_name":"都昌镇","source_url":"https://www.geonames.org/7636650/","source_id":"7636650","source_type":"geonames","source_updated_at":"2021-09-20","retrieved_at":"2026-09-27T04:01:28.254836+00:00","coordinate_source":"GeoNames PPL 聚落地名点（WGS84；可能为旧位置或近似中心）","coordinate_precision":"approximate","settlement_level":"unknown","kind":"settlement","verification_status":"publicly_listed","population":null,"elderly_ratio":null,"aliases":["Zhangjiatang","zhang jia tang"],"sources":[{"id":"geonames-7636650","source_id":"7636650","source_type":"geonames","name":"张家塘","url":"https://www.geonames.org/7636650/","license":"CC BY 4.0; GeoNames","source_updated_at":"2021-09-20","retrieved_at":"2026-09-27T04:01:28.254836+00:00","coordinate_source":"GeoNames PPL 聚落地名点（WGS84；可能为旧位置或近似中心）","coordinate_precision":"approximate","coordinates":[116.12418,29.28865],"source_feature_type":"PPL"}],"potential_duplicate":false,"potential_duplicate_ids":[],"township_assignment":"OSM乡界多边形空间归属；并非法定隶属核验","deduplication_note":null}},{"type":"Feature","id":"geonames-12561863","geometry":{"type":"Point","coordinates":[116.21261,29.28377]},"properties":{"id":"geonames-12561863","name":"惠民","township_name":"都昌镇","source_url":"https://www.geonames.org/12561863/","source_id":"12561863","source_type":"geonames","source_updated_at":"2023-09-07","retrieved_at":"2026-09-27T04:01:28.254836+00:00","coordinate_source":"GeoNames PPL 聚落地名点（WGS84；可能为旧位置或近似中心）","coordinate_precision":"approximate","settlement_level":"unknown","kind":"settlement","verification_status":"publicly_listed","population":null,"elderly_ratio":null,"aliases":["Huimin","hui min"],"sources":[{"id":"geonames-12561863","source_id":"12561863","source_type":"geonames","name":"惠民","url":"https://www.geonames.org/12561863/","license":"CC BY 4.0; GeoNames","source_updated_at":"2023-09-07","retrieved_at":"2026-09-27T04:01:28.254836+00:00","coordinate_source":"GeoNames PPL 聚落地名点（WGS84；可能为旧位置或近似中心）","coordinate_precision":"approximate","coordinates":[116.21261,29.28377],"source_feature_type":"PPL"}],"potential_duplicate":false,"potential_duplicate_ids":[],"township_assignment":"OSM乡界多边形空间归属；并非法定隶属核验","deduplication_note":null}},{"type":"Feature","id":"geonames-7635908","geometry":{"type":"Point","coordinates":[116.20843,29.27608]},"properties":{"id":"geonames-7635908","name":"星火","township_name":"都昌镇","source_url":"https://www.geonames.org/7635908/","source_id":"7635908","source_type":"geonames","source_updated_at":"2023-11-08","retrieved_at":"2026-09-27T04:01:28.254836+00:00","coordinate_source":"GeoNames PPL 聚落地名点（WGS84；可能为旧位置或近似中心）","coordinate_precision":"approximate","settlement_level":"unknown","kind":"settlement","verification_status":"publicly_listed","population":null,"elderly_ratio":null,"aliases":["Xinghuo","xing huo"],"sources":[{"id":"geonames-7635908","source_id":"7635908","source_type":"geonames","name":"星火","url":"https://www.geonames.org/7635908/","license":"CC BY 4.0; GeoNames","source_updated_at":"2023-11-08","retrieved_at":"2026-09-27T04:01:28.254836+00:00","coordinate_source":"GeoNames PPL 聚落地名点（WGS84；可能为旧位置或近似中心）","coordinate_precision":"approximate","coordinates":[116.20843,29.27608],"source_feature_type":"PPL"}],"potential_duplicate":false,"potential_duplicate_ids":[],"township_assignment":"OSM乡界多边形空间归属；并非法定隶属核验","deduplication_note":null}},{"type":"Feature","id":"geonames-7636178","geometry":{"type":"Point","coordinates":[116.20671,29.26176]},"properties":{"id":"geonames-7636178","name":"湾内","township_name":"都昌镇","source_url":"https://www.geonames.org/7636178/","source_id":"7636178","source_type":"geonames","source_updated_at":"2021-09-20","retrieved_at":"2026-09-27T04:01:28.254836+00:00","coordinate_source":"GeoNames PPL 聚落地名点（WGS84；可能为旧位置或近似中心）","coordinate_precision":"approximate","settlement_level":"unknown","kind":"settlement","verification_status":"publicly_listed","population":null,"elderly_ratio":null,"aliases":["Wannei","wan nei"],"sources":[{"id":"geonames-7636178","source_id":"7636178","source_type":"geonames","name":"湾内","url":"https://www.geonames.org/7636178/","license":"CC BY 4.0; GeoNames","source_updated_at":"2021-09-20","retrieved_at":"2026-09-27T04:01:28.254836+00:00","coordinate_source":"GeoNames PPL 聚落地名点（WGS84；可能为旧位置或近似中心）","coordinate_precision":"approximate","coordinates":[116.20671,29.26176],"source_feature_type":"PPL"}],"potential_duplicate":false,"potential_duplicate_ids":[],"township_assignment":"OSM乡界多边形空间归属；并非法定隶属核验","deduplication_note":null}},{"type":"Feature","id":"geonames-7635932","geometry":{"type":"Point","coordinates":[116.2135,29.25103]},"properties":{"id":"geonames-7635932","name":"界石吴家","township_name":"都昌镇","source_url":"https://www.geonames.org/7635932/","source_id":"7635932","source_type":"geonames","source_updated_at":"2021-09-20","retrieved_at":"2026-09-27T04:01:28.254836+00:00","coordinate_source":"GeoNames PPL 聚落地名点（WGS84；可能为旧位置或近似中心）","coordinate_precision":"approximate","settlement_level":"unknown","kind":"settlement","verification_status":"publicly_listed","population":null,"elderly_ratio":null,"aliases":["Jieshi Wujia","jie shi wu jia"],"sources":[{"id":"geonames-7635932","source_id":"7635932","source_type":"geonames","name":"界石吴家","url":"https://www.geonames.org/7635932/","license":"CC BY 4.0; GeoNames","source_updated_at":"2021-09-20","retrieved_at":"2026-09-27T04:01:28.254836+00:00","coordinate_source":"GeoNames PPL 聚落地名点（WGS84；可能为旧位置或近似中心）","coordinate_precision":"approximate","coordinates":[116.2135,29.25103],"source_feature_type":"PPL"}],"potential_duplicate":false,"potential_duplicate_ids":[],"township_assignment":"OSM乡界多边形空间归属；并非法定隶属核验","deduplication_note":null}},{"type":"Feature","id":"geonames-12561783","geometry":{"type":"Point","coordinates":[116.19438,29.27369]},"properties":{"id":"geonames-12561783","name":"白洋垅","township_name":"都昌镇","source_url":"https://www.geonames.org/12561783/","source_id":"12561783","source_type":"geonames","source_updated_at":"2023-09-07","retrieved_at":"2026-09-27T04:01:28.254836+00:00","coordinate_source":"GeoNames PPL 聚落地名点（WGS84；可能为旧位置或近似中心）","coordinate_precision":"approximate","settlement_level":"unknown","kind":"settlement","verification_status":"publicly_listed","population":null,"elderly_ratio":null,"aliases":["Baiyanglong","bai yang long"],"sources":[{"id":"geonames-12561783","source_id":"12561783","source_type":"geonames","name":"白洋垅","url":"https://www.geonames.org/12561783/","license":"CC BY 4.0; GeoNames","source_updated_at":"2023-09-07","retrieved_at":"2026-09-27T04:01:28.254836+00:00","coordinate_source":"GeoNames PPL 聚落地名点（WGS84；可能为旧位置或近似中心）","coordinate_precision":"approximate","coordinates":[116.19438,29.27369],"source_feature_type":"PPL"}],"potential_duplicate":false,"potential_duplicate_ids":[],"township_assignment":"OSM乡界多边形空间归属；并非法定隶属核验","deduplication_note":null}},{"type":"Feature","id":"geonames-7636277","geometry":{"type":"Point","coordinates":[116.14402,29.25926]},"properties":{"id":"geonames-7636277","name":"矶山村","township_name":"都昌镇","source_url":"https://www.geonames.org/7636277/","source_id":"7636277","source_type":"geonames","source_updated_at":"2023-09-06","retrieved_at":"2026-09-27T04:01:28.254836+00:00","coordinate_source":"GeoNames PPL 聚落地名点（WGS84；可能为旧位置或近似中心）","coordinate_precision":"approximate","settlement_level":"unknown","kind":"settlement","verification_status":"publicly_listed","population":null,"elderly_ratio":null,"aliases":["Jishan","Jishancun","ji shan","ji shan cun","矶山"],"sources":[{"id":"geonames-7636277","source_id":"7636277","source_type":"geonames","name":"矶山村","url":"https://www.geonames.org/7636277/","license":"CC BY 4.0; GeoNames","source_updated_at":"2023-09-06","retrieved_at":"2026-09-27T04:01:28.254836+00:00","coordinate_source":"GeoNames PPL 聚落地名点（WGS84；可能为旧位置或近似中心）","coordinate_precision":"approximate","coordinates":[116.14402,29.25926],"source_feature_type":"PPL"}],"potential_duplicate":false,"potential_duplicate_ids":[],"township_assignment":"OSM乡界多边形空间归属；并非法定隶属核验","deduplication_note":null}},{"type":"Feature","id":"geonames-12561781","geometry":{"type":"Point","coordinates":[116.20381,29.28052]},"properties":{"id":"geonames-12561781","name":"芙蓉","township_name":"都昌镇","source_url":"https://www.geonames.org/12561781/","source_id":"12561781","source_type":"geonames","source_updated_at":"2023-09-07","retrieved_at":"2026-09-27T04:01:28.254836+00:00","coordinate_source":"GeoNames PPL 聚落地名点（WGS84；可能为旧位置或近似中心）","coordinate_precision":"approximate","settlement_level":"unknown","kind":"settlement","verification_status":"publicly_listed","population":null,"elderly_ratio":null,"aliases":["Furong","fu rong"],"sources":[{"id":"geonames-12561781","source_id":"12561781","source_type":"geonames","name":"芙蓉","url":"https://www.geonames.org/12561781/","license":"CC BY 4.0; GeoNames","source_updated_at":"2023-09-07","retrieved_at":"2026-09-27T04:01:28.254836+00:00","coordinate_source":"GeoNames PPL 聚落地名点（WGS84；可能为旧位置或近似中心）","coordinate_precision":"approximate","coordinates":[116.20381,29.28052],"source_feature_type":"PPL"}],"potential_duplicate":false,"potential_duplicate_ids":[],"township_assignment":"OSM乡界多边形空间归属；并非法定隶属核验","deduplication_note":null}},{"type":"Feature","id":"geonames-12561907","geometry":{"type":"Point","coordinates":[116.1817,29.26491]},"properties":{"id":"geonames-12561907","name":"西河村","township_name":"都昌镇","source_url":"https://www.geonames.org/12561907/","source_id":"12561907","source_type":"geonames","source_updated_at":"2023-09-07","retrieved_at":"2026-09-27T04:01:28.254836+00:00","coordinate_source":"GeoNames PPL 聚落地名点（WGS84；可能为旧位置或近似中心）","coordinate_precision":"approximate","settlement_level":"unknown","kind":"settlement","verification_status":"publicly_listed","population":null,"elderly_ratio":null,"aliases":["Xihecun","xi he cun"],"sources":[{"id":"geonames-12561907","source_id":"12561907","source_type":"geonames","name":"西河村","url":"https://www.geonames.org/12561907/","license":"CC BY 4.0; GeoNames","source_updated_at":"2023-09-07","retrieved_at":"2026-09-27T04:01:28.254836+00:00","coordinate_source":"GeoNames PPL 聚落地名点（WGS84；可能为旧位置或近似中心）","coordinate_precision":"approximate","coordinates":[116.1817,29.26491],"source_feature_type":"PPL"}],"potential_duplicate":false,"potential_duplicate_ids":[],"township_assignment":"OSM乡界多边形空间归属；并非法定隶属核验","deduplication_note":null}},{"type":"Feature","id":"geonames-7636507","geometry":{"type":"Point","coordinates":[116.17631,29.26519]},"properties":{"id":"geonames-7636507","name":"西河村","township_name":"都昌镇","source_url":"https://www.geonames.org/7636507/","source_id":"7636507","source_type":"geonames","source_updated_at":"2023-09-06","retrieved_at":"2026-09-27T04:01:28.254836+00:00","coordinate_source":"GeoNames PPL 聚落地名点（WGS84；可能为旧位置或近似中心）","coordinate_precision":"approximate","settlement_level":"unknown","kind":"settlement","verification_status":"publicly_listed","population":null,"elderly_ratio":null,"aliases":["Xihe","Xihecun","xi he","xi he cun","西河"],"sources":[{"id":"geonames-7636507","source_id":"7636507","source_type":"geonames","name":"西河村","url":"https://www.geonames.org/7636507/","license":"CC BY 4.0; GeoNames","source_updated_at":"2023-09-06","retrieved_at":"2026-09-27T04:01:28.254836+00:00","coordinate_source":"GeoNames PPL 聚落地名点（WGS84；可能为旧位置或近似中心）","coordinate_precision":"approximate","coordinates":[116.17631,29.26519],"source_feature_type":"PPL"}],"potential_duplicate":false,"potential_duplicate_ids":[],"township_assignment":"OSM乡界多边形空间归属；并非法定隶属核验","deduplication_note":null}},{"type":"Feature","id":"geonames-12561818","geometry":{"type":"Point","coordinates":[116.18991,29.27673]},"properties":{"id":"geonames-12561818","name":"西湖","township_name":"都昌镇","source_url":"https://www.geonames.org/12561818/","source_id":"12561818","source_type":"geonames","source_updated_at":"2023-09-07","retrieved_at":"2026-09-27T04:01:28.254836+00:00","coordinate_source":"GeoNames PPL 聚落地名点（WGS84；可能为旧位置或近似中心）","coordinate_precision":"approximate","settlement_level":"unknown","kind":"settlement","verification_status":"publicly_listed","population":null,"elderly_ratio":null,"aliases":["Xihu","xi hu"],"sources":[{"id":"geonames-12561818","source_id":"12561818","source_type":"geonames","name":"西湖","url":"https://www.geonames.org/12561818/","license":"CC BY 4.0; GeoNames","source_updated_at":"2023-09-07","retrieved_at":"2026-09-27T04:01:28.254836+00:00","coordinate_source":"GeoNames PPL 聚落地名点（WGS84；可能为旧位置或近似中心）","coordinate_precision":"approximate","coordinates":[116.18991,29.27673],"source_feature_type":"PPL"}],"potential_duplicate":false,"potential_duplicate_ids":[],"township_assignment":"OSM乡界多边形空间归属；并非法定隶属核验","deduplication_note":null}},{"type":"Feature","id":"geonames-12561862","geometry":{"type":"Point","coordinates":[116.18964,29.26626]},"properties":{"id":"geonames-12561862","name":"西街","township_name":"都昌镇","source_url":"https://www.geonames.org/12561862/","source_id":"12561862","source_type":"geonames","source_updated_at":"2023-09-07","retrieved_at":"2026-09-27T04:01:28.254836+00:00","coordinate_source":"GeoNames PPL 聚落地名点（WGS84；可能为旧位置或近似中心）","coordinate_precision":"approximate","settlement_level":"unknown","kind":"settlement","verification_status":"publicly_listed","population":null,"elderly_ratio":null,"aliases":["Xijie","xi jie"],"sources":[{"id":"geonames-12561862","source_id":"12561862","source_type":"geonames","name":"西街","url":"https://www.geonames.org/12561862/","license":"CC BY 4.0; GeoNames","source_updated_at":"2023-09-07","retrieved_at":"2026-09-27T04:01:28.254836+00:00","coordinate_source":"GeoNames PPL 聚落地名点（WGS84；可能为旧位置或近似中心）","coordinate_precision":"approximate","coordinates":[116.18964,29.26626],"source_feature_type":"PPL"}],"potential_duplicate":false,"potential_duplicate_ids":[],"township_assignment":"OSM乡界多边形空间归属；并非法定隶属核验","deduplication_note":null}},{"type":"Feature","id":"geonames-12561780","geometry":{"type":"Point","coordinates":[116.20303,29.27882]},"properties":{"id":"geonames-12561780","name":"长岭","township_name":"都昌镇","source_url":"https://www.geonames.org/12561780/","source_id":"12561780","source_type":"geonames","source_updated_at":"2023-09-07","retrieved_at":"2026-09-27T04:01:28.254836+00:00","coordinate_source":"GeoNames PPL 聚落地名点（WGS84；可能为旧位置或近似中心）","coordinate_precision":"approximate","settlement_level":"unknown","kind":"settlement","verification_status":"publicly_listed","population":null,"elderly_ratio":null,"aliases":["Changling","zhang ling"],"sources":[{"id":"geonames-12561780","source_id":"12561780","source_type":"geonames","name":"长岭","url":"https://www.geonames.org/12561780/","license":"CC BY 4.0; GeoNames","source_updated_at":"2023-09-07","retrieved_at":"2026-09-27T04:01:28.254836+00:00","coordinate_source":"GeoNames PPL 聚落地名点（WGS84；可能为旧位置或近似中心）","coordinate_precision":"approximate","coordinates":[116.20303,29.27882],"source_feature_type":"PPL"}],"potential_duplicate":false,"potential_duplicate_ids":[],"township_assignment":"OSM乡界多边形空间归属；并非法定隶属核验","deduplication_note":null}},{"type":"Feature","id":"geonames-7636432","geometry":{"type":"Point","coordinates":[116.17655,29.24886]},"properties":{"id":"geonames-7636432","name":"龙口里","township_name":"都昌镇","source_url":"https://www.geonames.org/7636432/","source_id":"7636432","source_type":"geonames","source_updated_at":"2023-09-06","retrieved_at":"2026-09-27T04:01:28.254836+00:00","coordinate_source":"GeoNames PPL 聚落地名点（WGS84；可能为旧位置或近似中心）","coordinate_precision":"approximate","settlement_level":"unknown","kind":"settlement","verification_status":"publicly_listed","population":null,"elderly_ratio":null,"aliases":["Longkouli","long kou li"],"sources":[{"id":"geonames-7636432","source_id":"7636432","source_type":"geonames","name":"龙口里","url":"https://www.geonames.org/7636432/","license":"CC BY 4.0; GeoNames","source_updated_at":"2023-09-06","retrieved_at":"2026-09-27T04:01:28.254836+00:00","coordinate_source":"GeoNames PPL 聚落地名点（WGS84；可能为旧位置或近似中心）","coordinate_precision":"approximate","coordinates":[116.17655,29.24886],"source_feature_type":"PPL"}],"potential_duplicate":false,"potential_duplicate_ids":[],"township_assignment":"OSM乡界多边形空间归属；并非法定隶属核验","deduplication_note":null}},{"type":"Feature","id":"geonames-7635910","geometry":{"type":"Point","coordinates":[116.3492,29.29685]},"properties":{"id":"geonames-7635910","name":"上畈","township_name":"阳峰乡","source_url":"https://www.geonames.org/7635910/","source_id":"7635910","source_type":"geonames","source_updated_at":"2023-09-06","retrieved_at":"2026-09-27T04:01:28.254836+00:00","coordinate_source":"GeoNames PPL 聚落地名点（WGS84；可能为旧位置或近似中心）","coordinate_precision":"approximate","settlement_level":"unknown","kind":"settlement","verification_status":"publicly_listed","population":null,"elderly_ratio":null,"aliases":["Shangfan","shang fan"],"sources":[{"id":"geonames-7635910","source_id":"7635910","source_type":"geonames","name":"上畈","url":"https://www.geonames.org/7635910/","license":"CC BY 4.0; GeoNames","source_updated_at":"2023-09-06","retrieved_at":"2026-09-27T04:01:28.254836+00:00","coordinate_source":"GeoNames PPL 聚落地名点（WGS84；可能为旧位置或近似中心）","coordinate_precision":"approximate","coordinates":[116.3492,29.29685],"source_feature_type":"PPL"}],"potential_duplicate":false,"potential_duplicate_ids":[],"township_assignment":"OSM乡界多边形空间归属；并非法定隶属核验","deduplication_note":null}},{"type":"Feature","id":"geonames-7636396","geometry":{"type":"Point","coordinates":[116.37063,29.31108]},"properties":{"id":"geonames-7636396","name":"下南洲","township_name":"阳峰乡","source_url":"https://www.geonames.org/7636396/","source_id":"7636396","source_type":"geonames","source_updated_at":"2021-09-20","retrieved_at":"2026-09-27T04:01:28.254836+00:00","coordinate_source":"GeoNames PPL 聚落地名点（WGS84；可能为旧位置或近似中心）","coordinate_precision":"approximate","settlement_level":"unknown","kind":"settlement","verification_status":"publicly_listed","population":null,"elderly_ratio":null,"aliases":["Xiananzhou","xia nan zhou"],"sources":[{"id":"geonames-7636396","source_id":"7636396","source_type":"geonames","name":"下南洲","url":"https://www.geonames.org/7636396/","license":"CC BY 4.0; GeoNames","source_updated_at":"2021-09-20","retrieved_at":"2026-09-27T04:01:28.254836+00:00","coordinate_source":"GeoNames PPL 聚落地名点（WGS84；可能为旧位置或近似中心）","coordinate_precision":"approximate","coordinates":[116.37063,29.31108],"source_feature_type":"PPL"}],"potential_duplicate":false,"potential_duplicate_ids":[],"township_assignment":"OSM乡界多边形空间归属；并非法定隶属核验","deduplication_note":null}},{"type":"Feature","id":"geonames-12561850","geometry":{"type":"Point","coordinates":[116.3744,29.30017]},"properties":{"id":"geonames-12561850","name":"伏牛村","township_name":"阳峰乡","source_url":"https://www.geonames.org/12561850/","source_id":"12561850","source_type":"geonames","source_updated_at":"2023-09-07","retrieved_at":"2026-09-27T04:01:28.254836+00:00","coordinate_source":"GeoNames PPL 聚落地名点（WGS84；可能为旧位置或近似中心）","coordinate_precision":"approximate","settlement_level":"unknown","kind":"settlement","verification_status":"publicly_listed","population":null,"elderly_ratio":null,"aliases":["Funiucun","fu niu cun"],"sources":[{"id":"geonames-12561850","source_id":"12561850","source_type":"geonames","name":"伏牛村","url":"https://www.geonames.org/12561850/","license":"CC BY 4.0; GeoNames","source_updated_at":"2023-09-07","retrieved_at":"2026-09-27T04:01:28.254836+00:00","coordinate_source":"GeoNames PPL 聚落地名点（WGS84；可能为旧位置或近似中心）","coordinate_precision":"approximate","coordinates":[116.3744,29.30017],"source_feature_type":"PPL"}],"potential_duplicate":false,"potential_duplicate_ids":[],"township_assignment":"OSM乡界多边形空间归属；并非法定隶属核验","deduplication_note":null}},{"type":"Feature","id":"geonames-7636213","geometry":{"type":"Point","coordinates":[116.38637,29.30941]},"properties":{"id":"geonames-7636213","name":"八赤铺","township_name":"阳峰乡","source_url":"https://www.geonames.org/7636213/","source_id":"7636213","source_type":"geonames","source_updated_at":"2021-09-20","retrieved_at":"2026-09-27T04:01:28.254836+00:00","coordinate_source":"GeoNames PPL 聚落地名点（WGS84；可能为旧位置或近似中心）","coordinate_precision":"approximate","settlement_level":"unknown","kind":"settlement","verification_status":"publicly_listed","population":null,"elderly_ratio":null,"aliases":["Bachipu","ba chi pu"],"sources":[{"id":"geonames-7636213","source_id":"7636213","source_type":"geonames","name":"八赤铺","url":"https://www.geonames.org/7636213/","license":"CC BY 4.0; GeoNames","source_updated_at":"2021-09-20","retrieved_at":"2026-09-27T04:01:28.254836+00:00","coordinate_source":"GeoNames PPL 聚落地名点（WGS84；可能为旧位置或近似中心）","coordinate_precision":"approximate","coordinates":[116.38637,29.30941],"source_feature_type":"PPL"}],"potential_duplicate":false,"potential_duplicate_ids":[],"township_assignment":"OSM乡界多边形空间归属；并非法定隶属核验","deduplication_note":null}},{"type":"Feature","id":"osm-node-8951850421","geometry":{"type":"Point","coordinates":[116.3593676,29.3300006]},"properties":{"id":"osm-node-8951850421","name":"共升","township_name":"阳峰乡","source_url":"https://www.openstreetmap.org/node/8951850421","source_id":"8951850421","source_type":"osm","source_updated_at":"2021-07-26T16:34:54Z","retrieved_at":"2026-09-27T04:06:23.342197+00:00","coordinate_source":"OpenStreetMap 原始聚落节点（WGS84）","coordinate_precision":"mapped_point","settlement_level":"unknown","kind":"settlement","verification_status":"publicly_listed","population":null,"elderly_ratio":null,"aliases":["Gongsheng","Gongshengcun","gong sheng","gong sheng cun","共升村"],"sources":[{"id":"osm-node-8951850421","source_id":"8951850421","source_type":"osm","name":"共升","url":"https://www.openstreetmap.org/node/8951850421","license":"ODbL 1.0; © OpenStreetMap contributors","source_updated_at":"2021-07-26T16:34:54Z","retrieved_at":"2026-09-27T04:06:23.342197+00:00","coordinate_source":"OpenStreetMap 原始聚落节点（WGS84）","coordinate_precision":"mapped_point","coordinates":[116.3593676,29.3300006],"source_feature_type":"village"},{"id":"geonames-7636482","source_id":"7636482","source_type":"geonames","name":"共升村","url":"https://www.geonames.org/7636482/","license":"CC BY 4.0; GeoNames","source_updated_at":"2023-09-06","retrieved_at":"2026-09-27T04:01:28.254836+00:00","coordinate_source":"GeoNames PPL 聚落地名点（WGS84；可能为旧位置或近似中心）","coordinate_precision":"approximate","coordinates":[116.35984,29.32991],"source_feature_type":"PPL"}],"potential_duplicate":false,"potential_duplicate_ids":[],"township_assignment":"OSM乡界多边形空间归属；并非法定隶属核验","deduplication_note":"同乡同名/别名且簇内两两相距不超过150米合并；优先OSM原始点"}},{"type":"Feature","id":"geonames-12561899","geometry":{"type":"Point","coordinates":[116.35722,29.29099]},"properties":{"id":"geonames-12561899","name":"南山村","township_name":"阳峰乡","source_url":"https://www.geonames.org/12561899/","source_id":"12561899","source_type":"geonames","source_updated_at":"2023-09-07","retrieved_at":"2026-09-27T04:01:28.254836+00:00","coordinate_source":"GeoNames PPL 聚落地名点（WGS84；可能为旧位置或近似中心）","coordinate_precision":"approximate","settlement_level":"unknown","kind":"settlement","verification_status":"publicly_listed","population":null,"elderly_ratio":null,"aliases":["Nanshancun","nan shan cun"],"sources":[{"id":"geonames-12561899","source_id":"12561899","source_type":"geonames","name":"南山村","url":"https://www.geonames.org/12561899/","license":"CC BY 4.0; GeoNames","source_updated_at":"2023-09-07","retrieved_at":"2026-09-27T04:01:28.254836+00:00","coordinate_source":"GeoNames PPL 聚落地名点（WGS84；可能为旧位置或近似中心）","coordinate_precision":"approximate","coordinates":[116.35722,29.29099],"source_feature_type":"PPL"}],"potential_duplicate":false,"potential_duplicate_ids":[],"township_assignment":"OSM乡界多边形空间归属；并非法定隶属核验","deduplication_note":null}},{"type":"Feature","id":"geonames-7636279","geometry":{"type":"Point","coordinates":[116.38347,29.26156]},"properties":{"id":"geonames-7636279","name":"南畈","township_name":"阳峰乡","source_url":"https://www.geonames.org/7636279/","source_id":"7636279","source_type":"geonames","source_updated_at":"2021-09-20","retrieved_at":"2026-09-27T04:01:28.254836+00:00","coordinate_source":"GeoNames PPL 聚落地名点（WGS84；可能为旧位置或近似中心）","coordinate_precision":"approximate","settlement_level":"unknown","kind":"settlement","verification_status":"publicly_listed","population":null,"elderly_ratio":null,"aliases":["Nanfan","nan fan"],"sources":[{"id":"geonames-7636279","source_id":"7636279","source_type":"geonames","name":"南畈","url":"https://www.geonames.org/7636279/","license":"CC BY 4.0; GeoNames","source_updated_at":"2021-09-20","retrieved_at":"2026-09-27T04:01:28.254836+00:00","coordinate_source":"GeoNames PPL 聚落地名点（WGS84；可能为旧位置或近似中心）","coordinate_precision":"approximate","coordinates":[116.38347,29.26156],"source_feature_type":"PPL"}],"potential_duplicate":false,"potential_duplicate_ids":[],"township_assignment":"OSM乡界多边形空间归属；并非法定隶属核验","deduplication_note":null}},{"type":"Feature","id":"geonames-12561810","geometry":{"type":"Point","coordinates":[116.34217,29.30335]},"properties":{"id":"geonames-12561810","name":"吉阳村","township_name":"阳峰乡","source_url":"https://www.geonames.org/12561810/","source_id":"12561810","source_type":"geonames","source_updated_at":"2023-09-07","retrieved_at":"2026-09-27T04:01:28.254836+00:00","coordinate_source":"GeoNames PPL 聚落地名点（WGS84；可能为旧位置或近似中心）","coordinate_precision":"approximate","settlement_level":"unknown","kind":"settlement","verification_status":"publicly_listed","population":null,"elderly_ratio":null,"aliases":["Jiyangcun","ji yang cun"],"sources":[{"id":"geonames-12561810","source_id":"12561810","source_type":"geonames","name":"吉阳村","url":"https://www.geonames.org/12561810/","license":"CC BY 4.0; GeoNames","source_updated_at":"2023-09-07","retrieved_at":"2026-09-27T04:01:28.254836+00:00","coordinate_source":"GeoNames PPL 聚落地名点（WGS84；可能为旧位置或近似中心）","coordinate_precision":"approximate","coordinates":[116.34217,29.30335],"source_feature_type":"PPL"}],"potential_duplicate":false,"potential_duplicate_ids":[],"township_assignment":"OSM乡界多边形空间归属；并非法定隶属核验","deduplication_note":null}},{"type":"Feature","id":"osm-node-8951850420","geometry":{"type":"Point","coordinates":[116.3636796,29.3382556]},"properties":{"id":"osm-node-8951850420","name":"墩上","township_name":"阳峰乡","source_url":"https://www.openstreetmap.org/node/8951850420","source_id":"8951850420","source_type":"osm","source_updated_at":"2021-07-26T16:34:54Z","retrieved_at":"2026-09-27T04:06:23.342197+00:00","coordinate_source":"OpenStreetMap 原始聚落节点（WGS84）","coordinate_precision":"mapped_point","settlement_level":"unknown","kind":"settlement","verification_status":"publicly_listed","population":null,"elderly_ratio":null,"aliases":["Dunshang","dun shang"],"sources":[{"id":"osm-node-8951850420","source_id":"8951850420","source_type":"osm","name":"墩上","url":"https://www.openstreetmap.org/node/8951850420","license":"ODbL 1.0; © OpenStreetMap contributors","source_updated_at":"2021-07-26T16:34:54Z","retrieved_at":"2026-09-27T04:06:23.342197+00:00","coordinate_source":"OpenStreetMap 原始聚落节点（WGS84）","coordinate_precision":"mapped_point","coordinates":[116.3636796,29.3382556],"source_feature_type":"village"},{"id":"geonames-7636505","source_id":"7636505","source_type":"geonames","name":"墩上","url":"https://www.geonames.org/7636505/","license":"CC BY 4.0; GeoNames","source_updated_at":"2023-09-06","retrieved_at":"2026-09-27T04:01:28.254836+00:00","coordinate_source":"GeoNames PPL 聚落地名点（WGS84；可能为旧位置或近似中心）","coordinate_precision":"approximate","coordinates":[116.36417,29.33863],"source_feature_type":"PPL"}],"potential_duplicate":false,"potential_duplicate_ids":[],"township_assignment":"OSM乡界多边形空间归属；并非法定隶属核验","deduplication_note":"同乡同名/别名且簇内两两相距不超过150米合并；优先OSM原始点"}},{"type":"Feature","id":"geonames-7636251","geometry":{"type":"Point","coordinates":[116.35202,29.31905]},"properties":{"id":"geonames-7636251","name":"屏峰村","township_name":"阳峰乡","source_url":"https://www.geonames.org/7636251/","source_id":"7636251","source_type":"geonames","source_updated_at":"2023-09-06","retrieved_at":"2026-09-27T04:01:28.254836+00:00","coordinate_source":"GeoNames PPL 聚落地名点（WGS84；可能为旧位置或近似中心）","coordinate_precision":"approximate","settlement_level":"unknown","kind":"settlement","verification_status":"publicly_listed","population":null,"elderly_ratio":null,"aliases":["Pingfeng","Pingfengcun","ping feng","ping feng cun","屏峰"],"sources":[{"id":"geonames-7636251","source_id":"7636251","source_type":"geonames","name":"屏峰村","url":"https://www.geonames.org/7636251/","license":"CC BY 4.0; GeoNames","source_updated_at":"2023-09-06","retrieved_at":"2026-09-27T04:01:28.254836+00:00","coordinate_source":"GeoNames PPL 聚落地名点（WGS84；可能为旧位置或近似中心）","coordinate_precision":"approximate","coordinates":[116.35202,29.31905],"source_feature_type":"PPL"}],"potential_duplicate":false,"potential_duplicate_ids":[],"township_assignment":"OSM乡界多边形空间归属；并非法定隶属核验","deduplication_note":null}},{"type":"Feature","id":"geonames-7636722","geometry":{"type":"Point","coordinates":[116.37831,29.27763]},"properties":{"id":"geonames-7636722","name":"张家岭","township_name":"阳峰乡","source_url":"https://www.geonames.org/7636722/","source_id":"7636722","source_type":"geonames","source_updated_at":"2023-09-06","retrieved_at":"2026-09-27T04:01:28.254836+00:00","coordinate_source":"GeoNames PPL 聚落地名点（WGS84；可能为旧位置或近似中心）","coordinate_precision":"approximate","settlement_level":"unknown","kind":"settlement","verification_status":"publicly_listed","population":null,"elderly_ratio":null,"aliases":["Zhangjialing","zhang jia ling"],"sources":[{"id":"geonames-7636722","source_id":"7636722","source_type":"geonames","name":"张家岭","url":"https://www.geonames.org/7636722/","license":"CC BY 4.0; GeoNames","source_updated_at":"2023-09-06","retrieved_at":"2026-09-27T04:01:28.254836+00:00","coordinate_source":"GeoNames PPL 聚落地名点（WGS84；可能为旧位置或近似中心）","coordinate_precision":"approximate","coordinates":[116.37831,29.27763],"source_feature_type":"PPL"}],"potential_duplicate":false,"potential_duplicate_ids":[],"township_assignment":"OSM乡界多边形空间归属；并非法定隶属核验","deduplication_note":null}},{"type":"Feature","id":"geonames-12561898","geometry":{"type":"Point","coordinates":[116.3565,29.29817]},"properties":{"id":"geonames-12561898","name":"株桥村","township_name":"阳峰乡","source_url":"https://www.geonames.org/12561898/","source_id":"12561898","source_type":"geonames","source_updated_at":"2023-09-07","retrieved_at":"2026-09-27T04:01:28.254836+00:00","coordinate_source":"GeoNames PPL 聚落地名点（WGS84；可能为旧位置或近似中心）","coordinate_precision":"approximate","settlement_level":"unknown","kind":"settlement","verification_status":"publicly_listed","population":null,"elderly_ratio":null,"aliases":["Zhuqiaocun","zhu qiao cun"],"sources":[{"id":"geonames-12561898","source_id":"12561898","source_type":"geonames","name":"株桥村","url":"https://www.geonames.org/12561898/","license":"CC BY 4.0; GeoNames","source_updated_at":"2023-09-07","retrieved_at":"2026-09-27T04:01:28.254836+00:00","coordinate_source":"GeoNames PPL 聚落地名点（WGS84；可能为旧位置或近似中心）","coordinate_precision":"approximate","coordinates":[116.3565,29.29817],"source_feature_type":"PPL"}],"potential_duplicate":false,"potential_duplicate_ids":[],"township_assignment":"OSM乡界多边形空间归属；并非法定隶属核验","deduplication_note":null}},{"type":"Feature","id":"geonames-12561768","geometry":{"type":"Point","coordinates":[116.37928,29.26613]},"properties":{"id":"geonames-12561768","name":"竹林村","township_name":"阳峰乡","source_url":"https://www.geonames.org/12561768/","source_id":"12561768","source_type":"geonames","source_updated_at":"2023-09-07","retrieved_at":"2026-09-27T04:01:28.254836+00:00","coordinate_source":"GeoNames PPL 聚落地名点（WGS84；可能为旧位置或近似中心）","coordinate_precision":"approximate","settlement_level":"unknown","kind":"settlement","verification_status":"publicly_listed","population":null,"elderly_ratio":null,"aliases":["Zhulincun","zhu lin cun"],"sources":[{"id":"geonames-12561768","source_id":"12561768","source_type":"geonames","name":"竹林村","url":"https://www.geonames.org/12561768/","license":"CC BY 4.0; GeoNames","source_updated_at":"2023-09-07","retrieved_at":"2026-09-27T04:01:28.254836+00:00","coordinate_source":"GeoNames PPL 聚落地名点（WGS84；可能为旧位置或近似中心）","coordinate_precision":"approximate","coordinates":[116.37928,29.26613],"source_feature_type":"PPL"}],"potential_duplicate":false,"potential_duplicate_ids":[],"township_assignment":"OSM乡界多边形空间归属；并非法定隶属核验","deduplication_note":null}},{"type":"Feature","id":"geonames-7636819","geometry":{"type":"Point","coordinates":[116.33427,29.29627]},"properties":{"id":"geonames-7636819","name":"胡家山","township_name":"阳峰乡","source_url":"https://www.geonames.org/7636819/","source_id":"7636819","source_type":"geonames","source_updated_at":"2023-09-06","retrieved_at":"2026-09-27T04:01:28.254836+00:00","coordinate_source":"GeoNames PPL 聚落地名点（WGS84；可能为旧位置或近似中心）","coordinate_precision":"approximate","settlement_level":"unknown","kind":"settlement","verification_status":"publicly_listed","population":null,"elderly_ratio":null,"aliases":["Hujiashan","hu jia shan"],"sources":[{"id":"geonames-7636819","source_id":"7636819","source_type":"geonames","name":"胡家山","url":"https://www.geonames.org/7636819/","license":"CC BY 4.0; GeoNames","source_updated_at":"2023-09-06","retrieved_at":"2026-09-27T04:01:28.254836+00:00","coordinate_source":"GeoNames PPL 聚落地名点（WGS84；可能为旧位置或近似中心）","coordinate_precision":"approximate","coordinates":[116.33427,29.29627],"source_feature_type":"PPL"}],"potential_duplicate":false,"potential_duplicate_ids":[],"township_assignment":"OSM乡界多边形空间归属；并非法定隶属核验","deduplication_note":null}},{"type":"Feature","id":"geonames-12561767","geometry":{"type":"Point","coordinates":[116.38456,29.2855]},"properties":{"id":"geonames-12561767","name":"金星村","township_name":"阳峰乡","source_url":"https://www.geonames.org/12561767/","source_id":"12561767","source_type":"geonames","source_updated_at":"2023-09-07","retrieved_at":"2026-09-27T04:01:28.254836+00:00","coordinate_source":"GeoNames PPL 聚落地名点（WGS84；可能为旧位置或近似中心）","coordinate_precision":"approximate","settlement_level":"unknown","kind":"settlement","verification_status":"publicly_listed","population":null,"elderly_ratio":null,"aliases":["Jinxingcun","jin xing cun"],"sources":[{"id":"geonames-12561767","source_id":"12561767","source_type":"geonames","name":"金星村","url":"https://www.geonames.org/12561767/","license":"CC BY 4.0; GeoNames","source_updated_at":"2023-09-07","retrieved_at":"2026-09-27T04:01:28.254836+00:00","coordinate_source":"GeoNames PPL 聚落地名点（WGS84；可能为旧位置或近似中心）","coordinate_precision":"approximate","coordinates":[116.38456,29.2855],"source_feature_type":"PPL"}],"potential_duplicate":false,"potential_duplicate_ids":[],"township_assignment":"OSM乡界多边形空间归属；并非法定隶属核验","deduplication_note":null}},{"type":"Feature","id":"geonames-12561766","geometry":{"type":"Point","coordinates":[116.38405,29.30357]},"properties":{"id":"geonames-12561766","name":"黄梅村","township_name":"阳峰乡","source_url":"https://www.geonames.org/12561766/","source_id":"12561766","source_type":"geonames","source_updated_at":"2023-09-07","retrieved_at":"2026-09-27T04:01:28.254836+00:00","coordinate_source":"GeoNames PPL 聚落地名点（WGS84；可能为旧位置或近似中心）","coordinate_precision":"approximate","settlement_level":"unknown","kind":"settlement","verification_status":"publicly_listed","population":null,"elderly_ratio":null,"aliases":["Huangmeicun","huang mei cun"],"sources":[{"id":"geonames-12561766","source_id":"12561766","source_type":"geonames","name":"黄梅村","url":"https://www.geonames.org/12561766/","license":"CC BY 4.0; GeoNames","source_updated_at":"2023-09-07","retrieved_at":"2026-09-27T04:01:28.254836+00:00","coordinate_source":"GeoNames PPL 聚落地名点（WGS84；可能为旧位置或近似中心）","coordinate_precision":"approximate","coordinates":[116.38405,29.30357],"source_feature_type":"PPL"}],"potential_duplicate":false,"potential_duplicate_ids":[],"township_assignment":"OSM乡界多边形空间归属；并非法定隶属核验","deduplication_note":null}},{"type":"Feature","id":"geonames-12561835","geometry":{"type":"Point","coordinates":[116.47956,29.42922]},"properties":{"id":"geonames-12561835","name":"丁峰村","township_name":"鸣山乡","source_url":"https://www.geonames.org/12561835/","source_id":"12561835","source_type":"geonames","source_updated_at":"2023-09-07","retrieved_at":"2026-09-27T04:01:28.254836+00:00","coordinate_source":"GeoNames PPL 聚落地名点（WGS84；可能为旧位置或近似中心）","coordinate_precision":"approximate","settlement_level":"unknown","kind":"settlement","verification_status":"publicly_listed","population":null,"elderly_ratio":null,"aliases":["Dingfengcun","ding feng cun"],"sources":[{"id":"geonames-12561835","source_id":"12561835","source_type":"geonames","name":"丁峰村","url":"https://www.geonames.org/12561835/","license":"CC BY 4.0; GeoNames","source_updated_at":"2023-09-07","retrieved_at":"2026-09-27T04:01:28.254836+00:00","coordinate_source":"GeoNames PPL 聚落地名点（WGS84；可能为旧位置或近似中心）","coordinate_precision":"approximate","coordinates":[116.47956,29.42922],"source_feature_type":"PPL"}],"potential_duplicate":false,"potential_duplicate_ids":[],"township_assignment":"OSM乡界多边形空间归属；并非法定隶属核验","deduplication_note":null}},{"type":"Feature","id":"geonames-12561820","geometry":{"type":"Point","coordinates":[116.43367,29.42466]},"properties":{"id":"geonames-12561820","name":"七里村","township_name":"鸣山乡","source_url":"https://www.geonames.org/12561820/","source_id":"12561820","source_type":"geonames","source_updated_at":"2023-09-07","retrieved_at":"2026-09-27T04:01:28.254836+00:00","coordinate_source":"GeoNames PPL 聚落地名点（WGS84；可能为旧位置或近似中心）","coordinate_precision":"approximate","settlement_level":"unknown","kind":"settlement","verification_status":"publicly_listed","population":null,"elderly_ratio":null,"aliases":["Qilicun","qi li cun"],"sources":[{"id":"geonames-12561820","source_id":"12561820","source_type":"geonames","name":"七里村","url":"https://www.geonames.org/12561820/","license":"CC BY 4.0; GeoNames","source_updated_at":"2023-09-07","retrieved_at":"2026-09-27T04:01:28.254836+00:00","coordinate_source":"GeoNames PPL 聚落地名点（WGS84；可能为旧位置或近似中心）","coordinate_precision":"approximate","coordinates":[116.43367,29.42466],"source_feature_type":"PPL"}],"potential_duplicate":false,"potential_duplicate_ids":[],"township_assignment":"OSM乡界多边形空间归属；并非法定隶属核验","deduplication_note":null}},{"type":"Feature","id":"osm-node-8951129474","geometry":{"type":"Point","coordinates":[116.43507,29.429869]},"properties":{"id":"osm-node-8951129474","name":"中山","township_name":"鸣山乡","source_url":"https://www.openstreetmap.org/node/8951129474","source_id":"8951129474","source_type":"osm","source_updated_at":"2021-07-26T11:01:56Z","retrieved_at":"2026-09-27T04:06:23.342197+00:00","coordinate_source":"OpenStreetMap 原始聚落节点（WGS84）","coordinate_precision":"mapped_point","settlement_level":"unknown","kind":"settlement","verification_status":"publicly_listed","population":null,"elderly_ratio":null,"aliases":["Zhongshan","zhong shan"],"sources":[{"id":"osm-node-8951129474","source_id":"8951129474","source_type":"osm","name":"中山","url":"https://www.openstreetmap.org/node/8951129474","license":"ODbL 1.0; © OpenStreetMap contributors","source_updated_at":"2021-07-26T11:01:56Z","retrieved_at":"2026-09-27T04:06:23.342197+00:00","coordinate_source":"OpenStreetMap 原始聚落节点（WGS84）","coordinate_precision":"mapped_point","coordinates":[116.43507,29.429869],"source_feature_type":"village"},{"id":"geonames-7636092","source_id":"7636092","source_type":"geonames","name":"中山","url":"https://www.geonames.org/7636092/","license":"CC BY 4.0; GeoNames","source_updated_at":"2021-09-20","retrieved_at":"2026-09-27T04:01:28.254836+00:00","coordinate_source":"GeoNames PPL 聚落地名点（WGS84；可能为旧位置或近似中心）","coordinate_precision":"approximate","coordinates":[116.43507,29.42987],"source_feature_type":"PPL"}],"potential_duplicate":false,"potential_duplicate_ids":[],"township_assignment":"OSM乡界多边形空间归属；并非法定隶属核验","deduplication_note":"同乡同名/别名且簇内两两相距不超过150米合并；优先OSM原始点"}},{"type":"Feature","id":"geonames-12561836","geometry":{"type":"Point","coordinates":[116.49606,29.44169]},"properties":{"id":"geonames-12561836","name":"九山村","township_name":"鸣山乡","source_url":"https://www.geonames.org/12561836/","source_id":"12561836","source_type":"geonames","source_updated_at":"2023-09-07","retrieved_at":"2026-09-27T04:01:28.254836+00:00","coordinate_source":"GeoNames PPL 聚落地名点（WGS84；可能为旧位置或近似中心）","coordinate_precision":"approximate","settlement_level":"unknown","kind":"settlement","verification_status":"publicly_listed","population":null,"elderly_ratio":null,"aliases":["Jiushancun","jiu shan cun"],"sources":[{"id":"geonames-12561836","source_id":"12561836","source_type":"geonames","name":"九山村","url":"https://www.geonames.org/12561836/","license":"CC BY 4.0; GeoNames","source_updated_at":"2023-09-07","retrieved_at":"2026-09-27T04:01:28.254836+00:00","coordinate_source":"GeoNames PPL 聚落地名点（WGS84；可能为旧位置或近似中心）","coordinate_precision":"approximate","coordinates":[116.49606,29.44169],"source_feature_type":"PPL"}],"potential_duplicate":false,"potential_duplicate_ids":[],"township_assignment":"OSM乡界多边形空间归属；并非法定隶属核验","deduplication_note":null}},{"type":"Feature","id":"geonames-7636717","geometry":{"type":"Point","coordinates":[116.44797,29.43963]},"properties":{"id":"geonames-7636717","name":"大屋孙家","township_name":"鸣山乡","source_url":"https://www.geonames.org/7636717/","source_id":"7636717","source_type":"geonames","source_updated_at":"2023-09-06","retrieved_at":"2026-09-27T04:01:28.254836+00:00","coordinate_source":"GeoNames PPL 聚落地名点（WGS84；可能为旧位置或近似中心）","coordinate_precision":"approximate","settlement_level":"unknown","kind":"settlement","verification_status":"publicly_listed","population":null,"elderly_ratio":null,"aliases":["Dawusunjia","da wu sun jia"],"sources":[{"id":"geonames-7636717","source_id":"7636717","source_type":"geonames","name":"大屋孙家","url":"https://www.geonames.org/7636717/","license":"CC BY 4.0; GeoNames","source_updated_at":"2023-09-06","retrieved_at":"2026-09-27T04:01:28.254836+00:00","coordinate_source":"GeoNames PPL 聚落地名点（WGS84；可能为旧位置或近似中心）","coordinate_precision":"approximate","coordinates":[116.44797,29.43963],"source_feature_type":"PPL"}],"potential_duplicate":true,"potential_duplicate_ids":["osm-node-8951129476"],"township_assignment":"OSM乡界多边形空间归属；并非法定隶属核验","deduplication_note":null}},{"type":"Feature","id":"osm-node-8951129476","geometry":{"type":"Point","coordinates":[116.44585,29.440388]},"properties":{"id":"osm-node-8951129476","name":"大屋孙家","township_name":"鸣山乡","source_url":"https://www.openstreetmap.org/node/8951129476","source_id":"8951129476","source_type":"osm","source_updated_at":"2021-07-26T11:01:56Z","retrieved_at":"2026-09-27T04:06:23.342197+00:00","coordinate_source":"OpenStreetMap 原始聚落节点（WGS84）","coordinate_precision":"mapped_point","settlement_level":"unknown","kind":"settlement","verification_status":"publicly_listed","population":null,"elderly_ratio":null,"aliases":["Dawusunjia"],"sources":[{"id":"osm-node-8951129476","source_id":"8951129476","source_type":"osm","name":"大屋孙家","url":"https://www.openstreetmap.org/node/8951129476","license":"ODbL 1.0; © OpenStreetMap contributors","source_updated_at":"2021-07-26T11:01:56Z","retrieved_at":"2026-09-27T04:06:23.342197+00:00","coordinate_source":"OpenStreetMap 原始聚落节点（WGS84）","coordinate_precision":"mapped_point","coordinates":[116.44585,29.440388],"source_feature_type":"village"}],"potential_duplicate":true,"potential_duplicate_ids":["geonames-7636717"],"township_assignment":"OSM乡界多边形空间归属；并非法定隶属核验","deduplication_note":null}},{"type":"Feature","id":"geonames-7636112","geometry":{"type":"Point","coordinates":[116.42251,29.46761]},"properties":{"id":"geonames-7636112","name":"山口老街","township_name":"鸣山乡","source_url":"https://www.geonames.org/7636112/","source_id":"7636112","source_type":"geonames","source_updated_at":"2021-09-20","retrieved_at":"2026-09-27T04:01:28.254836+00:00","coordinate_source":"GeoNames PPL 聚落地名点（WGS84；可能为旧位置或近似中心）","coordinate_precision":"approximate","settlement_level":"unknown","kind":"settlement","verification_status":"publicly_listed","population":null,"elderly_ratio":null,"aliases":["Shankou Laojie","shan kou lao jie"],"sources":[{"id":"geonames-7636112","source_id":"7636112","source_type":"geonames","name":"山口老街","url":"https://www.geonames.org/7636112/","license":"CC BY 4.0; GeoNames","source_updated_at":"2021-09-20","retrieved_at":"2026-09-27T04:01:28.254836+00:00","coordinate_source":"GeoNames PPL 聚落地名点（WGS84；可能为旧位置或近似中心）","coordinate_precision":"approximate","coordinates":[116.42251,29.46761],"source_feature_type":"PPL"}],"potential_duplicate":false,"potential_duplicate_ids":[],"township_assignment":"OSM乡界多边形空间归属；并非法定隶属核验","deduplication_note":null}},{"type":"Feature","id":"geonames-7636303","geometry":{"type":"Point","coordinates":[116.44521,29.40643]},"properties":{"id":"geonames-7636303","name":"斯张里","township_name":"鸣山乡","source_url":"https://www.geonames.org/7636303/","source_id":"7636303","source_type":"geonames","source_updated_at":"2023-09-06","retrieved_at":"2026-09-27T04:01:28.254836+00:00","coordinate_source":"GeoNames PPL 聚落地名点（WGS84；可能为旧位置或近似中心）","coordinate_precision":"approximate","settlement_level":"unknown","kind":"settlement","verification_status":"publicly_listed","population":null,"elderly_ratio":null,"aliases":["Sizhangli","si zhang li"],"sources":[{"id":"geonames-7636303","source_id":"7636303","source_type":"geonames","name":"斯张里","url":"https://www.geonames.org/7636303/","license":"CC BY 4.0; GeoNames","source_updated_at":"2023-09-06","retrieved_at":"2026-09-27T04:01:28.254836+00:00","coordinate_source":"GeoNames PPL 聚落地名点（WGS84；可能为旧位置或近似中心）","coordinate_precision":"approximate","coordinates":[116.44521,29.40643],"source_feature_type":"PPL"}],"potential_duplicate":true,"potential_duplicate_ids":["osm-node-8950282570"],"township_assignment":"OSM乡界多边形空间归属；并非法定隶属核验","deduplication_note":null}},{"type":"Feature","id":"osm-node-8950282570","geometry":{"type":"Point","coordinates":[116.443586,29.4061]},"properties":{"id":"osm-node-8950282570","name":"斯张里","township_name":"鸣山乡","source_url":"https://www.openstreetmap.org/node/8950282570","source_id":"8950282570","source_type":"osm","source_updated_at":"2021-07-26T05:51:25Z","retrieved_at":"2026-09-27T04:06:23.342197+00:00","coordinate_source":"OpenStreetMap 原始聚落节点（WGS84）","coordinate_precision":"mapped_point","settlement_level":"unknown","kind":"settlement","verification_status":"publicly_listed","population":null,"elderly_ratio":null,"aliases":["Sizhangli"],"sources":[{"id":"osm-node-8950282570","source_id":"8950282570","source_type":"osm","name":"斯张里","url":"https://www.openstreetmap.org/node/8950282570","license":"ODbL 1.0; © OpenStreetMap contributors","source_updated_at":"2021-07-26T05:51:25Z","retrieved_at":"2026-09-27T04:06:23.342197+00:00","coordinate_source":"OpenStreetMap 原始聚落节点（WGS84）","coordinate_precision":"mapped_point","coordinates":[116.443586,29.4061],"source_feature_type":"village"}],"potential_duplicate":true,"potential_duplicate_ids":["geonames-7636303"],"township_assignment":"OSM乡界多边形空间归属；并非法定隶属核验","deduplication_note":null}},{"type":"Feature","id":"osm-node-8951129473","geometry":{"type":"Point","coordinates":[116.481674,29.41678]},"properties":{"id":"osm-node-8951129473","name":"桐木","township_name":"鸣山乡","source_url":"https://www.openstreetmap.org/node/8951129473","source_id":"8951129473","source_type":"osm","source_updated_at":"2021-07-26T11:01:56Z","retrieved_at":"2026-09-27T04:06:23.342197+00:00","coordinate_source":"OpenStreetMap 原始聚落节点（WGS84）","coordinate_precision":"mapped_point","settlement_level":"unknown","kind":"settlement","verification_status":"publicly_listed","population":null,"elderly_ratio":null,"aliases":["Tongmu","tong mu"],"sources":[{"id":"osm-node-8951129473","source_id":"8951129473","source_type":"osm","name":"桐木","url":"https://www.openstreetmap.org/node/8951129473","license":"ODbL 1.0; © OpenStreetMap contributors","source_updated_at":"2021-07-26T11:01:56Z","retrieved_at":"2026-09-27T04:06:23.342197+00:00","coordinate_source":"OpenStreetMap 原始聚落节点（WGS84）","coordinate_precision":"mapped_point","coordinates":[116.481674,29.41678],"source_feature_type":"village"},{"id":"geonames-7636117","source_id":"7636117","source_type":"geonames","name":"桐木","url":"https://www.geonames.org/7636117/","license":"CC BY 4.0; GeoNames","source_updated_at":"2021-09-20","retrieved_at":"2026-09-27T04:01:28.254836+00:00","coordinate_source":"GeoNames PPL 聚落地名点（WGS84；可能为旧位置或近似中心）","coordinate_precision":"approximate","coordinates":[116.48167,29.41678],"source_feature_type":"PPL"}],"potential_duplicate":false,"potential_duplicate_ids":[],"township_assignment":"OSM乡界多边形空间归属；并非法定隶属核验","deduplication_note":"同乡同名/别名且簇内两两相距不超过150米合并；优先OSM原始点"}},{"type":"Feature","id":"osm-node-8950282571","geometry":{"type":"Point","coordinates":[116.442383,29.4158695]},"properties":{"id":"osm-node-8950282571","name":"源头","township_name":"鸣山乡","source_url":"https://www.openstreetmap.org/node/8950282571","source_id":"8950282571","source_type":"osm","source_updated_at":"2021-07-26T11:01:57Z","retrieved_at":"2026-09-27T04:06:23.342197+00:00","coordinate_source":"OpenStreetMap 原始聚落节点（WGS84）","coordinate_precision":"mapped_point","settlement_level":"unknown","kind":"settlement","verification_status":"publicly_listed","population":null,"elderly_ratio":null,"aliases":["Yuantou","Yuantoucun","yuan tou","yuan tou cun","源头村"],"sources":[{"id":"osm-node-8950282571","source_id":"8950282571","source_type":"osm","name":"源头","url":"https://www.openstreetmap.org/node/8950282571","license":"ODbL 1.0; © OpenStreetMap contributors","source_updated_at":"2021-07-26T11:01:57Z","retrieved_at":"2026-09-27T04:06:23.342197+00:00","coordinate_source":"OpenStreetMap 原始聚落节点（WGS84）","coordinate_precision":"mapped_point","coordinates":[116.442383,29.4158695],"source_feature_type":"village"},{"id":"geonames-7636375","source_id":"7636375","source_type":"geonames","name":"源头村","url":"https://www.geonames.org/7636375/","license":"CC BY 4.0; GeoNames","source_updated_at":"2023-09-06","retrieved_at":"2026-09-27T04:01:28.254836+00:00","coordinate_source":"GeoNames PPL 聚落地名点（WGS84；可能为旧位置或近似中心）","coordinate_precision":"approximate","coordinates":[116.44258,29.41602],"source_feature_type":"PPL"}],"potential_duplicate":false,"potential_duplicate_ids":[],"township_assignment":"OSM乡界多边形空间归属；并非法定隶属核验","deduplication_note":"同乡同名/别名且簇内两两相距不超过150米合并；优先OSM原始点"}},{"type":"Feature","id":"geonames-12561879","geometry":{"type":"Point","coordinates":[116.41639,29.45267]},"properties":{"id":"geonames-12561879","name":"界牌村","township_name":"鸣山乡","source_url":"https://www.geonames.org/12561879/","source_id":"12561879","source_type":"geonames","source_updated_at":"2023-09-07","retrieved_at":"2026-09-27T04:01:28.254836+00:00","coordinate_source":"GeoNames PPL 聚落地名点（WGS84；可能为旧位置或近似中心）","coordinate_precision":"approximate","settlement_level":"unknown","kind":"settlement","verification_status":"publicly_listed","population":null,"elderly_ratio":null,"aliases":["Jiepaicun","jie pai cun"],"sources":[{"id":"geonames-12561879","source_id":"12561879","source_type":"geonames","name":"界牌村","url":"https://www.geonames.org/12561879/","license":"CC BY 4.0; GeoNames","source_updated_at":"2023-09-07","retrieved_at":"2026-09-27T04:01:28.254836+00:00","coordinate_source":"GeoNames PPL 聚落地名点（WGS84；可能为旧位置或近似中心）","coordinate_precision":"approximate","coordinates":[116.41639,29.45267],"source_feature_type":"PPL"}],"potential_duplicate":false,"potential_duplicate_ids":[],"township_assignment":"OSM乡界多边形空间归属；并非法定隶属核验","deduplication_note":null}},{"type":"Feature","id":"geonames-12561880","geometry":{"type":"Point","coordinates":[116.45101,29.44348]},"properties":{"id":"geonames-12561880","name":"石峰村","township_name":"鸣山乡","source_url":"https://www.geonames.org/12561880/","source_id":"12561880","source_type":"geonames","source_updated_at":"2023-09-07","retrieved_at":"2026-09-27T04:01:28.254836+00:00","coordinate_source":"GeoNames PPL 聚落地名点（WGS84；可能为旧位置或近似中心）","coordinate_precision":"approximate","settlement_level":"unknown","kind":"settlement","verification_status":"publicly_listed","population":null,"elderly_ratio":null,"aliases":["Shifengcun","shi feng cun"],"sources":[{"id":"geonames-12561880","source_id":"12561880","source_type":"geonames","name":"石峰村","url":"https://www.geonames.org/12561880/","license":"CC BY 4.0; GeoNames","source_updated_at":"2023-09-07","retrieved_at":"2026-09-27T04:01:28.254836+00:00","coordinate_source":"GeoNames PPL 聚落地名点（WGS84；可能为旧位置或近似中心）","coordinate_precision":"approximate","coordinates":[116.45101,29.44348],"source_feature_type":"PPL"}],"potential_duplicate":false,"potential_duplicate_ids":[],"township_assignment":"OSM乡界多边形空间归属；并非法定隶属核验","deduplication_note":null}},{"type":"Feature","id":"geonames-12561881","geometry":{"type":"Point","coordinates":[116.41894,29.43521]},"properties":{"id":"geonames-12561881","name":"程浪村","township_name":"鸣山乡","source_url":"https://www.geonames.org/12561881/","source_id":"12561881","source_type":"geonames","source_updated_at":"2023-09-07","retrieved_at":"2026-09-27T04:01:28.254836+00:00","coordinate_source":"GeoNames PPL 聚落地名点（WGS84；可能为旧位置或近似中心）","coordinate_precision":"approximate","settlement_level":"unknown","kind":"settlement","verification_status":"publicly_listed","population":null,"elderly_ratio":null,"aliases":["Chenglangcun","cheng lang cun"],"sources":[{"id":"geonames-12561881","source_id":"12561881","source_type":"geonames","name":"程浪村","url":"https://www.geonames.org/12561881/","license":"CC BY 4.0; GeoNames","source_updated_at":"2023-09-07","retrieved_at":"2026-09-27T04:01:28.254836+00:00","coordinate_source":"GeoNames PPL 聚落地名点（WGS84；可能为旧位置或近似中心）","coordinate_precision":"approximate","coordinates":[116.41894,29.43521],"source_feature_type":"PPL"}],"potential_duplicate":false,"potential_duplicate_ids":[],"township_assignment":"OSM乡界多边形空间归属；并非法定隶属核验","deduplication_note":null}},{"type":"Feature","id":"osm-node-8951129475","geometry":{"type":"Point","coordinates":[116.418568,29.434028]},"properties":{"id":"osm-node-8951129475","name":"蛤蟆咀","township_name":"鸣山乡","source_url":"https://www.openstreetmap.org/node/8951129475","source_id":"8951129475","source_type":"osm","source_updated_at":"2021-07-26T11:01:56Z","retrieved_at":"2026-09-27T04:06:23.342197+00:00","coordinate_source":"OpenStreetMap 原始聚落节点（WGS84）","coordinate_precision":"mapped_point","settlement_level":"unknown","kind":"settlement","verification_status":"publicly_listed","population":null,"elderly_ratio":null,"aliases":["Hamazui","ha ma ju"],"sources":[{"id":"osm-node-8951129475","source_id":"8951129475","source_type":"osm","name":"蛤蟆咀","url":"https://www.openstreetmap.org/node/8951129475","license":"ODbL 1.0; © OpenStreetMap contributors","source_updated_at":"2021-07-26T11:01:56Z","retrieved_at":"2026-09-27T04:06:23.342197+00:00","coordinate_source":"OpenStreetMap 原始聚落节点（WGS84）","coordinate_precision":"mapped_point","coordinates":[116.418568,29.434028],"source_feature_type":"village"},{"id":"geonames-7636182","source_id":"7636182","source_type":"geonames","name":"蛤蟆咀","url":"https://www.geonames.org/7636182/","license":"CC BY 4.0; GeoNames","source_updated_at":"2021-09-20","retrieved_at":"2026-09-27T04:01:28.254836+00:00","coordinate_source":"GeoNames PPL 聚落地名点（WGS84；可能为旧位置或近似中心）","coordinate_precision":"approximate","coordinates":[116.41857,29.43403],"source_feature_type":"PPL"}],"potential_duplicate":false,"potential_duplicate_ids":[],"township_assignment":"OSM乡界多边形空间归属；并非法定隶属核验","deduplication_note":"同乡同名/别名且簇内两两相距不超过150米合并；优先OSM原始点"}},{"type":"Feature","id":"osm-node-8951097013","geometry":{"type":"Point","coordinates":[116.4686184,29.4538652]},"properties":{"id":"osm-node-8951097013","name":"郭家山","township_name":"鸣山乡","source_url":"https://www.openstreetmap.org/node/8951097013","source_id":"8951097013","source_type":"osm","source_updated_at":"2021-07-26T11:01:50Z","retrieved_at":"2026-09-27T04:06:23.342197+00:00","coordinate_source":"OpenStreetMap 原始聚落节点（WGS84）","coordinate_precision":"mapped_point","settlement_level":"unknown","kind":"settlement","verification_status":"publicly_listed","population":null,"elderly_ratio":null,"aliases":["Guojiashan","guo jia shan"],"sources":[{"id":"osm-node-8951097013","source_id":"8951097013","source_type":"osm","name":"郭家山","url":"https://www.openstreetmap.org/node/8951097013","license":"ODbL 1.0; © OpenStreetMap contributors","source_updated_at":"2021-07-26T11:01:50Z","retrieved_at":"2026-09-27T04:06:23.342197+00:00","coordinate_source":"OpenStreetMap 原始聚落节点（WGS84）","coordinate_precision":"mapped_point","coordinates":[116.4686184,29.4538652],"source_feature_type":"village"},{"id":"geonames-7635895","source_id":"7635895","source_type":"geonames","name":"郭家山","url":"https://www.geonames.org/7635895/","license":"CC BY 4.0; GeoNames","source_updated_at":"2023-09-06","retrieved_at":"2026-09-27T04:01:28.254836+00:00","coordinate_source":"GeoNames PPL 聚落地名点（WGS84；可能为旧位置或近似中心）","coordinate_precision":"approximate","coordinates":[116.468,29.45374],"source_feature_type":"PPL"}],"potential_duplicate":false,"potential_duplicate_ids":[],"township_assignment":"OSM乡界多边形空间归属；并非法定隶属核验","deduplication_note":"同乡同名/别名且簇内两两相距不超过150米合并；优先OSM原始点"}},{"type":"Feature","id":"geonames-12561859","geometry":{"type":"Point","coordinates":[116.46708,29.41989]},"properties":{"id":"geonames-12561859","name":"马涧桥","township_name":"鸣山乡","source_url":"https://www.geonames.org/12561859/","source_id":"12561859","source_type":"geonames","source_updated_at":"2023-09-07","retrieved_at":"2026-09-27T04:01:28.254836+00:00","coordinate_source":"GeoNames PPL 聚落地名点（WGS84；可能为旧位置或近似中心）","coordinate_precision":"approximate","settlement_level":"unknown","kind":"settlement","verification_status":"publicly_listed","population":null,"elderly_ratio":null,"aliases":["Majianqiao","ma jian qiao"],"sources":[{"id":"geonames-12561859","source_id":"12561859","source_type":"geonames","name":"马涧桥","url":"https://www.geonames.org/12561859/","license":"CC BY 4.0; GeoNames","source_updated_at":"2023-09-07","retrieved_at":"2026-09-27T04:01:28.254836+00:00","coordinate_source":"GeoNames PPL 聚落地名点（WGS84；可能为旧位置或近似中心）","coordinate_precision":"approximate","coordinates":[116.46708,29.41989],"source_feature_type":"PPL"}],"potential_duplicate":false,"potential_duplicate_ids":[],"township_assignment":"OSM乡界多边形空间归属；并非法定隶属核验","deduplication_note":null}},{"type":"Feature","id":"osm-node-8951097012","geometry":{"type":"Point","coordinates":[116.509055,29.449111]},"properties":{"id":"osm-node-8951097012","name":"魏家","township_name":"鸣山乡","source_url":"https://www.openstreetmap.org/node/8951097012","source_id":"8951097012","source_type":"osm","source_updated_at":"2021-07-26T11:01:50Z","retrieved_at":"2026-09-27T04:06:23.342197+00:00","coordinate_source":"OpenStreetMap 原始聚落节点（WGS84）","coordinate_precision":"mapped_point","settlement_level":"unknown","kind":"settlement","verification_status":"publicly_listed","population":null,"elderly_ratio":null,"aliases":["Weijia","wei jia"],"sources":[{"id":"osm-node-8951097012","source_id":"8951097012","source_type":"osm","name":"魏家","url":"https://www.openstreetmap.org/node/8951097012","license":"ODbL 1.0; © OpenStreetMap contributors","source_updated_at":"2021-07-26T11:01:50Z","retrieved_at":"2026-09-27T04:06:23.342197+00:00","coordinate_source":"OpenStreetMap 原始聚落节点（WGS84）","coordinate_precision":"mapped_point","coordinates":[116.509055,29.449111],"source_feature_type":"village"},{"id":"geonames-7636393","source_id":"7636393","source_type":"geonames","name":"魏家","url":"https://www.geonames.org/7636393/","license":"CC BY 4.0; GeoNames","source_updated_at":"2023-09-06","retrieved_at":"2026-09-27T04:01:28.254836+00:00","coordinate_source":"GeoNames PPL 聚落地名点（WGS84；可能为旧位置或近似中心）","coordinate_precision":"approximate","coordinates":[116.50998,29.44976],"source_feature_type":"PPL"}],"potential_duplicate":false,"potential_duplicate_ids":[],"township_assignment":"OSM乡界多边形空间归属；并非法定隶属核验","deduplication_note":"同乡同名/别名且簇内两两相距不超过150米合并；优先OSM原始点"}}]}
