{"type":"FeatureCollection","name":"duchang_townships_osm","metadata":{"source":"OpenStreetMap boundary=administrative admin_level=8 relations and admin_centre nodes","license":"ODbL 1.0, © OpenStreetMap contributors","retrieved_utc":"2026-09-26","retrieval":"Nominatim search polygon_geojson=1 + OSM API 0.6 relation/node","coordinate_precision":"经纬度保留 5 位小数（约 1 m）","notice":"OSM 社区绘制的乡镇边界，仅用于辅助定位与汇总，不作为法定行政边界凭证。"},"features":[{"type":"Feature","id":"osm-relation-5836966","geometry":{"type":"Polygon","coordinates":[[[116.04093,29.3066],[116.04143,29.3046],[116.04192,29.30263],[116.04266,29.3009],[116.04373,29.29887],[116.04444,29.29775],[116.04499,29.29652],[116.04539,29.29515],[116.04551,29.29443],[116.04554,29.29323],[116.04564,29.29192],[116.04589,29.29047],[116.04622,29.28781],[116.04641,29.28667],[116.04659,29.2859],[116.04688,29.28491],[116.04727,29.28378],[116.048,29.28216],[116.04865,29.28105],[116.04951,29.27976],[116.05029,29.27882],[116.05116,29.27782],[116.05193,29.27708],[116.05283,29.2763],[116.05352,29.27576],[116.0543,29.27495],[116.05586,29.27331],[116.05691,29.27226],[116.05765,29.27135],[116.05956,29.26876],[116.06124,29.26659],[116.06224,29.2651],[116.06432,29.26249],[116.06545,29.26107],[116.06702,29.2594],[116.06879,29.25769],[116.07059,29.25594],[116.07183,29.255],[116.07322,29.25413],[116.07469,29.25317],[116.07675,29.25173],[116.07963,29.24951],[116.0802,29.24918],[116.0812,29.24875],[116.08337,29.24764],[116.0847,29.24712],[116.08565,29.24679],[116.08705,29.24642],[116.08793,29.24621],[116.08868,29.24609],[116.08944,29.24603],[116.09041,29.24588],[116.09159,29.24563],[116.09362,29.24518],[116.09531,29.24489],[116.09627,29.24474],[116.10083,29.24369],[116.10343,29.24324],[116.10818,29.24238],[116.11176,29.24178],[116.1159,29.24092],[116.11812,29.24052],[116.12167,29.23982],[116.12398,29.23945],[116.1257,29.23914],[116.12627,29.23909],[116.12832,29.23903],[116.12888,29.23896],[116.13127,29.23845],[116.13281,29.2381],[116.13389,29.2378],[116.13557,29.23725],[116.13667,29.23694],[116.1376,29.23675],[116.14007,29.2364],[116.14145,29.23615],[116.14364,29.23566],[116.14478,29.23548],[116.14759,29.23501],[116.14973,29.23452],[116.15299,29.23359],[116.15526,29.23306],[116.15773,29.23226],[116.15867,29.23203],[116.15939,29.23194],[116.16121,29.23195],[116.1649,29.23232],[116.16815,29.23265],[116.17072,29.23274],[116.17209,29.23292],[116.17356,29.23315],[116.17446,29.23329],[116.17658,29.2334],[116.17728,29.23347],[116.17972,29.23378],[116.18066,29.23392],[116.18236,29.23427],[116.18367,29.23444],[116.18457,29.23447],[116.18662,29.2345],[116.18966,29.2346],[116.1918,29.23468],[116.19369,29.23472],[116.19544,29.23471],[116.19935,29.23459],[116.20381,29.23454],[116.2062,29.23452],[116.20738,29.2344],[116.20937,29.23396],[116.21203,29.23333],[116.21432,29.2325],[116.21787,29.23124],[116.21953,29.23057],[116.22126,29.22985],[116.22357,29.22851],[116.22619,29.22701],[116.22988,29.22452],[116.23329,29.22214],[116.23583,29.22033],[116.23751,29.21893],[116.23845,29.21814],[116.23919,29.21714],[116.23978,29.21602],[116.23999,29.21518],[116.24005,29.21432],[116.24052,29.21198],[116.24107,29.20952],[116.24227,29.2044],[116.24301,29.2013],[116.24321,29.19995],[116.24358,29.19809],[116.24398,29.19645],[116.24446,29.19407],[116.24508,29.19178],[116.2451,29.19108],[116.24554,29.18945],[116.24681,29.1833],[116.24761,29.17988],[116.2484,29.17631],[116.24863,29.17503],[116.24879,29.17384],[116.24892,29.17261],[116.24889,29.1717],[116.24881,29.17119],[116.25243,29.17647],[116.25507,29.17754],[116.25697,29.17956],[116.25758,29.18021],[116.26085,29.18344],[116.26399,29.18547],[116.26614,29.18739],[116.26981,29.18935],[116.26934,29.19052],[116.26924,29.19164],[116.2698,29.1923],[116.27033,29.19248],[116.27227,29.191],[116.27369,29.1902],[116.27547,29.189],[116.27865,29.18761],[116.28549,29.18523],[116.28662,29.18915],[116.2855,29.19508],[116.26998,29.21194],[116.25535,29.22881],[116.22545,29.25031],[116.21952,29.25595],[116.22234,29.25913],[116.21908,29.27617],[116.21735,29.277],[116.21572,29.28304],[116.21803,29.28651],[116.21488,29.29018],[116.21649,29.29171],[116.21624,29.29185],[116.21807,29.29379],[116.21336,29.2938],[116.21143,29.29192],[116.21105,29.29155],[116.20942,29.29084],[116.20821,29.29058],[116.20778,29.28975],[116.20987,29.2886],[116.2099,29.2884],[116.20952,29.28802],[116.20878,29.28781],[116.20816,29.28683],[116.20824,29.28573],[116.20841,29.28508],[116.20879,29.28511],[116.20899,29.28413],[116.20728,29.28353],[116.20742,29.28309],[116.20459,29.2823],[116.19088,29.28238],[116.18868,29.28249],[116.18865,29.28268],[116.18486,29.28273],[116.1849,29.27945],[116.1827,29.27298],[116.18223,29.2696],[116.18041,29.26829],[116.17685,29.26799],[116.17455,29.26826],[116.1659,29.26945],[116.16178,29.27067],[116.15779,29.27126],[116.15606,29.27207],[116.15547,29.27409],[116.15441,29.27487],[116.14676,29.27477],[116.14566,29.27579],[116.1438,29.29361],[116.141,29.29361],[116.13797,29.29721],[116.13008,29.30199],[116.04719,29.30632],[116.04093,29.3066]]]},"properties":{"name_zh":"都昌镇","name_en":"Duchang","osm_relation":5836966,"admin_level":8,"seat_osm_node":3933373184,"seat_lon_wgs84":116.1878539,"seat_lat_wgs84":29.2654035}},{"type":"Feature","id":"osm-relation-5836972","geometry":{"type":"Polygon","coordinates":[[[116.20367,29.12829],[116.20521,29.12774],[116.20701,29.12745],[116.20838,29.12771],[116.20901,29.12778],[116.21209,29.12855],[116.21809,29.13007],[116.22452,29.13229],[116.22964,29.1346],[116.23305,29.13595],[116.23517,29.13579],[116.23783,29.13552],[116.24647,29.13553],[116.25877,29.13553],[116.27473,29.13692],[116.27428,29.13609],[116.27475,29.13493],[116.27585,29.13442],[116.27768,29.13284],[116.27847,29.13151],[116.27867,29.13025],[116.27874,29.12977],[116.2796,29.12581],[116.28199,29.12094],[116.2815,29.11789],[116.2815,29.1155],[116.28304,29.11419],[116.28467,29.1128],[116.28486,29.11263],[116.28583,29.1118],[116.311,29.0996],[116.31595,29.10095],[116.32013,29.10287],[116.32152,29.10361],[116.3226,29.10418],[116.3228,29.10455],[116.32307,29.10424],[116.32524,29.09976],[116.32779,29.0955],[116.33156,29.09102],[116.33513,29.08806],[116.34392,29.08411],[116.35208,29.08144],[116.36196,29.08012],[116.37083,29.07506],[116.37322,29.0688],[116.37765,29.06276],[116.38025,29.06057],[116.38242,29.0588],[116.38587,29.05728],[116.38658,29.05653],[116.38791,29.05587],[116.38858,29.05571],[116.3897,29.0554],[116.39026,29.05507],[116.39342,29.05529],[116.3952,29.05555],[116.39539,29.05559],[116.3954,29.05574],[116.39541,29.05581],[116.39545,29.05587],[116.39574,29.05621],[116.3961,29.05655],[116.39626,29.05669],[116.397,29.05712],[116.39758,29.05728],[116.39803,29.05741],[116.3989,29.05768],[116.39919,29.05772],[116.39973,29.0579],[116.40012,29.05802],[116.40043,29.05816],[116.40107,29.05855],[116.40155,29.05894],[116.402,29.05943],[116.40262,29.06018],[116.40354,29.0614],[116.4041,29.0622],[116.40468,29.06291],[116.4047,29.06298],[116.40491,29.06323],[116.40505,29.06333],[116.40543,29.06368],[116.40641,29.06491],[116.4074,29.06649],[116.40852,29.0686],[116.40897,29.06944],[116.40952,29.07049],[116.40999,29.0714],[116.41032,29.07185],[116.41107,29.07278],[116.41152,29.0733],[116.41174,29.07362],[116.41216,29.07403],[116.41247,29.07438],[116.41303,29.07503],[116.41361,29.07547],[116.41453,29.07627],[116.41498,29.07676],[116.41521,29.07696],[116.41599,29.07747],[116.41678,29.0781],[116.41718,29.07843],[116.41769,29.079],[116.41806,29.07926],[116.41839,29.07957],[116.41894,29.0803],[116.41937,29.08098],[116.42,29.08202],[116.42032,29.08268],[116.42049,29.08307],[116.42083,29.08355],[116.42175,29.08484],[116.42203,29.08518],[116.42258,29.08589],[116.42314,29.08668],[116.42347,29.08703],[116.42394,29.08751],[116.42507,29.08865],[116.42556,29.08905],[116.42583,29.0892],[116.42619,29.08956],[116.42647,29.08979],[116.42686,29.09022],[116.42728,29.09079],[116.4279,29.09149],[116.42878,29.09244],[116.42927,29.09302],[116.42978,29.09374],[116.43024,29.0945],[116.43061,29.09498],[116.43102,29.09538],[116.43143,29.09585],[116.43165,29.09618],[116.43203,29.09689],[116.4323,29.0972],[116.43248,29.09746],[116.43255,29.09762],[116.43266,29.09819],[116.43273,29.09874],[116.43283,29.09912],[116.43293,29.0997],[116.43296,29.10003],[116.43297,29.1006],[116.43301,29.10108],[116.43301,29.10169],[116.43298,29.10272],[116.43285,29.10344],[116.43271,29.10399],[116.43268,29.10429],[116.43255,29.10469],[116.43255,29.10482],[116.4325,29.10496],[116.43244,29.1057],[116.4324,29.10601],[116.43237,29.1063],[116.43241,29.10671],[116.43257,29.107],[116.43283,29.10738],[116.43292,29.10757],[116.43317,29.10788],[116.43391,29.10851],[116.43455,29.10895],[116.43513,29.10929],[116.43682,29.1102],[116.43802,29.11081],[116.43846,29.11087],[116.43882,29.11096],[116.43995,29.11106],[116.44016,29.11107],[116.44036,29.11105],[116.44063,29.11095],[116.44109,29.11074],[116.44131,29.11058],[116.44174,29.11035],[116.44223,29.10999],[116.44264,29.10966],[116.4429,29.10935],[116.44331,29.10875],[116.44335,29.10862],[116.44343,29.10858],[116.44351,29.10859],[116.44359,29.10864],[116.44375,29.10875],[116.44406,29.10905],[116.44432,29.10925],[116.44471,29.10968],[116.44494,29.11002],[116.44519,29.11051],[116.44535,29.11074],[116.44544,29.11087],[116.44557,29.11119],[116.4458,29.11161],[116.44645,29.11225],[116.44738,29.11314],[116.45261,29.11821],[116.44651,29.12676],[116.44925,29.13079],[116.41212,29.18669],[116.41224,29.18759],[116.41034,29.1908],[116.40822,29.20427],[116.40804,29.2102],[116.41204,29.21266],[116.41306,29.21611],[116.42105,29.21364],[116.42147,29.21653],[116.4209,29.22731],[116.42028,29.22823],[116.42038,29.22999],[116.42047,29.23146],[116.4205,29.23208],[116.41959,29.23636],[116.41876,29.23695],[116.41756,29.23971],[116.41775,29.24057],[116.41695,29.24287],[116.40842,29.2415],[116.40477,29.237],[116.40133,29.23559],[116.38128,29.22347],[116.38051,29.22379],[116.37797,29.20933],[116.33917,29.18419],[116.33703,29.18063],[116.31025,29.13307],[116.30862,29.15296],[116.2938,29.16601],[116.28692,29.17862],[116.28621,29.18099],[116.28526,29.18212],[116.28549,29.18523],[116.27865,29.18761],[116.27547,29.189],[116.27369,29.1902],[116.27227,29.191],[116.27033,29.19248],[116.2698,29.1923],[116.26924,29.19164],[116.26934,29.19052],[116.26981,29.18935],[116.26614,29.18739],[116.26399,29.18547],[116.26085,29.18344],[116.25758,29.18021],[116.25697,29.17956],[116.25507,29.17754],[116.25243,29.17647],[116.24881,29.17119],[116.24877,29.17094],[116.24847,29.17001],[116.24807,29.16933],[116.24775,29.16883],[116.2475,29.16854],[116.24723,29.16822],[116.24667,29.16776],[116.24592,29.16719],[116.24521,29.16673],[116.24326,29.16449],[116.24259,29.16393],[116.24105,29.16262],[116.23888,29.16061],[116.23672,29.15868],[116.23385,29.15621],[116.23252,29.15482],[116.2312,29.15366],[116.23046,29.15297],[116.23016,29.1527],[116.22891,29.15182],[116.2257,29.14897],[116.22439,29.14767],[116.22272,29.1464],[116.22032,29.14418],[116.2174,29.14156],[116.2138,29.13844],[116.21249,29.1374],[116.20958,29.13479],[116.20743,29.13292],[116.20692,29.1325],[116.20685,29.13244],[116.20679,29.13239],[116.20466,29.1296],[116.20367,29.12829]]]},"properties":{"name_zh":"周溪镇","name_en":"Zhouxi","osm_relation":5836972,"admin_level":8,"seat_osm_node":5428721707,"seat_lon_wgs84":116.3889027,"seat_lat_wgs84":29.1846038}},{"type":"Feature","id":"osm-relation-5836973","geometry":{"type":"Polygon","coordinates":[[[116.38051,29.22379],[116.38128,29.22347],[116.40133,29.23559],[116.40477,29.237],[116.40842,29.2415],[116.41695,29.24287],[116.41441,29.24986],[116.42407,29.25805],[116.43814,29.25894],[116.44883,29.25613],[116.45238,29.25485],[116.45654,29.25408],[116.46156,29.25376],[116.46749,29.25377],[116.46294,29.27149],[116.45797,29.29532],[116.45487,29.29638],[116.44861,29.3202],[116.439,29.31709],[116.42695,29.31702],[116.42247,29.31859],[116.40832,29.31672],[116.40691,29.31812],[116.40485,29.31675],[116.40236,29.31655],[116.39743,29.2804],[116.39424,29.28003],[116.39345,29.27793],[116.39058,29.27701],[116.38965,29.2753],[116.39089,29.2639],[116.38953,29.25325],[116.38834,29.25443],[116.3884,29.24889],[116.38262,29.24269],[116.38051,29.22379]]]},"properties":{"name_zh":"三汊港镇","name_en":"Sanchagang","osm_relation":5836973,"admin_level":8,"seat_osm_node":3933370550,"seat_lon_wgs84":116.4011059,"seat_lat_wgs84":29.282078}},{"type":"Feature","id":"osm-relation-5719322","geometry":{"type":"Polygon","coordinates":[[[116.46176,29.39398],[116.46226,29.3922],[116.46509,29.38921],[116.46534,29.38492],[116.46872,29.38263],[116.47071,29.37812],[116.4742,29.37673],[116.47952,29.37664],[116.48683,29.37591],[116.4959,29.3701],[116.49884,29.36487],[116.50139,29.36377],[116.50126,29.36682],[116.50226,29.36557],[116.50459,29.36194],[116.50473,29.36104],[116.50237,29.36146],[116.50118,29.35825],[116.51165,29.34253],[116.51075,29.33919],[116.5117,29.33728],[116.51314,29.33332],[116.51568,29.32735],[116.51618,29.32614],[116.52056,29.32748],[116.53036,29.32549],[116.53453,29.32531],[116.53505,29.32543],[116.53876,29.32627],[116.54279,29.32726],[116.54578,29.32791],[116.54542,29.32843],[116.54442,29.32965],[116.54369,29.33051],[116.54307,29.33133],[116.54279,29.33171],[116.54258,29.33208],[116.54254,29.33249],[116.54243,29.3328],[116.542,29.3334],[116.54167,29.33363],[116.54145,29.33382],[116.54123,29.33416],[116.54091,29.33498],[116.54062,29.33545],[116.54016,29.33593],[116.54003,29.33631],[116.53981,29.33671],[116.5398,29.33706],[116.53972,29.33772],[116.53974,29.33845],[116.53994,29.33874],[116.53994,29.33892],[116.53961,29.33955],[116.53939,29.33973],[116.53872,29.34005],[116.53681,29.34142],[116.53653,29.34166],[116.53673,29.34189],[116.53707,29.34226],[116.5374,29.34366],[116.53734,29.34384],[116.53631,29.34478],[116.53558,29.34537],[116.53492,29.34551],[116.53341,29.34583],[116.53288,29.34605],[116.53281,29.34618],[116.5329,29.34671],[116.53315,29.34719],[116.53334,29.34759],[116.53352,29.34784],[116.53364,29.34809],[116.53399,29.34865],[116.53436,29.34889],[116.53435,29.34905],[116.53401,29.34953],[116.53358,29.35001],[116.53362,29.35011],[116.53432,29.35047],[116.53462,29.35052],[116.53589,29.3508],[116.53737,29.35126],[116.53753,29.3513],[116.53751,29.35171],[116.53769,29.35188],[116.5379,29.35229],[116.53792,29.35239],[116.53783,29.35259],[116.53766,29.35292],[116.53749,29.3532],[116.53751,29.35341],[116.53776,29.35356],[116.53795,29.3536],[116.53806,29.35374],[116.53816,29.35404],[116.53812,29.3543],[116.53778,29.35488],[116.53758,29.35541],[116.53724,29.35592],[116.53699,29.35608],[116.53692,29.35621],[116.53696,29.35633],[116.53718,29.3564],[116.53755,29.35642],[116.53766,29.35647],[116.53756,29.35728],[116.53754,29.35801],[116.5371,29.35891],[116.53693,29.35911],[116.53654,29.35935],[116.53586,29.35946],[116.53557,29.35971],[116.53545,29.35995],[116.53537,29.36025],[116.53549,29.36055],[116.53546,29.3608],[116.53521,29.36119],[116.53514,29.36141],[116.5352,29.36164],[116.53545,29.362],[116.53555,29.36256],[116.53557,29.36293],[116.53552,29.36316],[116.5353,29.3636],[116.53516,29.36384],[116.53516,29.364],[116.53525,29.36409],[116.53549,29.36425],[116.53565,29.3643],[116.53589,29.36387],[116.53612,29.36365],[116.53635,29.36335],[116.53685,29.36224],[116.5371,29.36206],[116.53736,29.36196],[116.53775,29.36198],[116.53797,29.36194],[116.5382,29.36179],[116.53825,29.36167],[116.53818,29.36141],[116.5379,29.36102],[116.53784,29.36076],[116.53794,29.36038],[116.53829,29.35966],[116.53885,29.3598],[116.53901,29.35986],[116.53897,29.36006],[116.53888,29.36039],[116.53877,29.36059],[116.5387,29.36094],[116.53868,29.36144],[116.53868,29.36174],[116.53917,29.36161],[116.53975,29.3614],[116.54065,29.36099],[116.5409,29.36072],[116.541,29.36055],[116.5411,29.36043],[116.54122,29.36046],[116.54128,29.36056],[116.54131,29.36065],[116.54129,29.36194],[116.54145,29.36265],[116.54152,29.36276],[116.54176,29.36286],[116.54193,29.36288],[116.54258,29.36246],[116.5434,29.36187],[116.54405,29.36124],[116.54422,29.36096],[116.54426,29.36065],[116.54441,29.36033],[116.54458,29.36014],[116.54481,29.36],[116.5451,29.35991],[116.54557,29.35997],[116.54568,29.35998],[116.5457,29.35992],[116.54565,29.35986],[116.54553,29.35977],[116.54534,29.35959],[116.54511,29.35922],[116.54511,29.35909],[116.54521,29.35882],[116.54548,29.35842],[116.54592,29.35812],[116.54631,29.35787],[116.5467,29.35772],[116.54732,29.35753],[116.54781,29.35752],[116.54832,29.35756],[116.54897,29.35787],[116.54953,29.3581],[116.5497,29.35819],[116.54975,29.35834],[116.5505,29.36055],[116.55069,29.3618],[116.55076,29.36298],[116.5507,29.36371],[116.55058,29.36468],[116.5505,29.36521],[116.5505,29.36584],[116.55028,29.36679],[116.55002,29.36768],[116.54983,29.36803],[116.54967,29.3683],[116.54918,29.36876],[116.54874,29.36904],[116.54803,29.36921],[116.54756,29.36951],[116.54692,29.36979],[116.54576,29.37023],[116.54517,29.37026],[116.54469,29.37029],[116.54428,29.37038],[116.54403,29.3705],[116.54383,29.37074],[116.54369,29.3711],[116.5436,29.37164],[116.54357,29.37226],[116.54369,29.37264],[116.54411,29.37304],[116.54507,29.37371],[116.54556,29.37384],[116.54572,29.37372],[116.54593,29.37366],[116.5461,29.37356],[116.54626,29.37313],[116.54731,29.37266],[116.54754,29.37261],[116.54771,29.37268],[116.54789,29.37285],[116.54828,29.37367],[116.54903,29.37431],[116.55015,29.37509],[116.55221,29.37574],[116.55256,29.37592],[116.55306,29.3766],[116.55379,29.37802],[116.55468,29.3788],[116.55506,29.37919],[116.55516,29.37937],[116.55506,29.37967],[116.55481,29.38016],[116.55462,29.38045],[116.55433,29.38067],[116.55394,29.3811],[116.55373,29.38161],[116.55368,29.38198],[116.55373,29.38258],[116.55346,29.38317],[116.55322,29.38359],[116.55198,29.38402],[116.55121,29.38434],[116.55115,29.38458],[116.55115,29.38495],[116.55097,29.38507],[116.55057,29.38504],[116.5502,29.38507],[116.54993,29.38519],[116.54983,29.38529],[116.55031,29.3853],[116.5506,29.3854],[116.55114,29.3855],[116.55138,29.38563],[116.5515,29.38567],[116.55197,29.38519],[116.55218,29.38516],[116.55235,29.38516],[116.55202,29.38568],[116.55189,29.38644],[116.55169,29.38708],[116.55157,29.38771],[116.5512,29.38762],[116.55076,29.38759],[116.5503,29.38782],[116.54976,29.38792],[116.54961,29.38817],[116.54965,29.3888],[116.5495,29.38927],[116.5492,29.3893],[116.54882,29.38907],[116.54846,29.38906],[116.54797,29.38942],[116.54762,29.38989],[116.54669,29.38993],[116.54609,29.39016],[116.54556,29.39025],[116.54542,29.39046],[116.54591,29.39126],[116.54577,29.3914],[116.54471,29.39143],[116.54423,29.39152],[116.54393,29.39164],[116.54353,29.39192],[116.54337,29.39218],[116.54367,29.3926],[116.5437,29.39286],[116.54372,29.39322],[116.54357,29.39378],[116.54318,29.39402],[116.54295,29.3943],[116.54295,29.39459],[116.54359,29.39498],[116.54373,29.3951],[116.54364,29.39531],[116.54329,29.39561],[116.54285,29.39614],[116.54159,29.3968],[116.54146,29.39683],[116.54094,29.39666],[116.54078,29.39665],[116.54054,29.39678],[116.54002,29.39727],[116.53973,29.39784],[116.53947,29.39831],[116.53923,29.39846],[116.53864,29.39854],[116.53825,29.39889],[116.53781,29.39975],[116.53784,29.39994],[116.53811,29.40092],[116.53865,29.4013],[116.53905,29.40168],[116.53953,29.40252],[116.54004,29.40361],[116.53936,29.40389],[116.53883,29.4041],[116.53825,29.40423],[116.53794,29.40451],[116.53738,29.40473],[116.53656,29.405],[116.53519,29.4052],[116.53499,29.40554],[116.53504,29.40633],[116.535,29.40658],[116.53422,29.40747],[116.53364,29.40837],[116.53349,29.40883],[116.53362,29.40957],[116.53366,29.41035],[116.53416,29.41137],[116.53346,29.41231],[116.53305,29.41316],[116.53227,29.41408],[116.53166,29.41477],[116.53145,29.41532],[116.5314,29.41575],[116.53171,29.41595],[116.53182,29.41596],[116.53213,29.41581],[116.53251,29.41523],[116.53253,29.4148],[116.53284,29.41482],[116.53316,29.4146],[116.53527,29.41517],[116.53536,29.41532],[116.53558,29.41633],[116.53558,29.41661],[116.53558,29.41669],[116.53555,29.41711],[116.53567,29.41748],[116.53568,29.41767],[116.53523,29.41811],[116.53376,29.41857],[116.53351,29.41875],[116.53333,29.41885],[116.53358,29.4189],[116.53387,29.41906],[116.53417,29.41945],[116.53456,29.41956],[116.53523,29.42001],[116.53491,29.42014],[116.53479,29.42025],[116.53467,29.42038],[116.53453,29.42038],[116.53418,29.42013],[116.5338,29.41993],[116.53357,29.41994],[116.53336,29.42004],[116.53334,29.42031],[116.5335,29.42055],[116.5334,29.42064],[116.53297,29.4206],[116.53265,29.42088],[116.53263,29.42116],[116.53253,29.42121],[116.53216,29.42109],[116.53195,29.42109],[116.53177,29.42123],[116.53135,29.42209],[116.53127,29.42241],[116.53158,29.42291],[116.53159,29.42303],[116.53148,29.42306],[116.53122,29.42293],[116.53105,29.42278],[116.53082,29.42283],[116.53067,29.42296],[116.5305,29.42338],[116.53028,29.42319],[116.53033,29.42303],[116.53051,29.42283],[116.53056,29.42257],[116.53071,29.42213],[116.53067,29.42184],[116.53054,29.42174],[116.52993,29.42173],[116.52986,29.4217],[116.53006,29.42151],[116.53027,29.4214],[116.53079,29.42129],[116.5309,29.42103],[116.53132,29.42074],[116.53164,29.42065],[116.53179,29.42048],[116.53187,29.42021],[116.53178,29.41996],[116.53187,29.41962],[116.53154,29.41969],[116.53124,29.41998],[116.53103,29.42035],[116.53006,29.42087],[116.52922,29.42099],[116.52889,29.42108],[116.52874,29.42123],[116.52847,29.42202],[116.52814,29.42253],[116.52775,29.42303],[116.52766,29.42333],[116.52781,29.42372],[116.52806,29.42411],[116.5281,29.42467],[116.52805,29.4248],[116.52766,29.4251],[116.52744,29.42525],[116.52735,29.42525],[116.52681,29.42553],[116.52636,29.42563],[116.52593,29.42586],[116.52549,29.42584],[116.52528,29.42593],[116.52496,29.42629],[116.5248,29.42631],[116.52471,29.42625],[116.52436,29.42623],[116.52409,29.42634],[116.52381,29.42635],[116.52345,29.42617],[116.52325,29.42608],[116.52278,29.42609],[116.52244,29.42598],[116.52174,29.42596],[116.52134,29.42587],[116.52103,29.42584],[116.52061,29.42594],[116.52032,29.42612],[116.5202,29.42631],[116.51995,29.42649],[116.51974,29.42652],[116.51956,29.42651],[116.51916,29.42562],[116.51895,29.42529],[116.5188,29.42518],[116.51848,29.4252],[116.518,29.4255],[116.51771,29.42569],[116.51751,29.42566],[116.51724,29.42555],[116.51668,29.42553],[116.5164,29.42559],[116.51327,29.42296],[116.51166,29.42274],[116.51007,29.42146],[116.5068,29.42063],[116.50508,29.41888],[116.503,29.41833],[116.50047,29.41745],[116.49794,29.41772],[116.49643,29.41601],[116.49305,29.41457],[116.4821,29.40516],[116.47847,29.40416],[116.47559,29.40481],[116.47305,29.40317],[116.47141,29.40156],[116.46703,29.40074],[116.46494,29.39918],[116.46439,29.39734],[116.4642,29.39671],[116.46176,29.39398]]]},"properties":{"name_zh":"中馆镇","name_en":"Zhongguan","osm_relation":5719322,"admin_level":8,"seat_osm_node":3877886850,"seat_lon_wgs84":116.532636,"seat_lat_wgs84":29.383794}},{"type":"Feature","id":"osm-relation-5836974","geometry":{"type":"Polygon","coordinates":[[[116.29753,29.27129],[116.29894,29.26927],[116.29898,29.26534],[116.30067,29.26352],[116.30452,29.25626],[116.31052,29.25681],[116.31449,29.26451],[116.32112,29.26725],[116.32493,29.25822],[116.32469,29.2475],[116.32292,29.24325],[116.33234,29.20811],[116.33703,29.18063],[116.33917,29.18419],[116.37797,29.20933],[116.38051,29.22379],[116.38262,29.24269],[116.3884,29.24889],[116.38834,29.25443],[116.38409,29.25892],[116.37932,29.25817],[116.37654,29.26059],[116.37552,29.27193],[116.36441,29.28178],[116.34584,29.28227],[116.3424,29.28786],[116.33468,29.2911],[116.3263,29.29067],[116.32403,29.29185],[116.31817,29.28474],[116.30361,29.28078],[116.29753,29.27129]]]},"properties":{"name_zh":"大沙镇","name_en":"Dasha","osm_relation":5836974,"admin_level":8,"seat_osm_node":3933375559,"seat_lon_wgs84":116.3298712,"seat_lat_wgs84":29.264839}},{"type":"Feature","id":"osm-relation-5836975","geometry":{"type":"Polygon","coordinates":[[[116.45797,29.29532],[116.46294,29.27149],[116.46749,29.25377],[116.48644,29.16941],[116.54673,29.17052],[116.53744,29.18815],[116.53148,29.21247],[116.52286,29.23699],[116.52028,29.24637],[116.51461,29.25955],[116.52226,29.26178],[116.52426,29.27543],[116.51733,29.2776],[116.51803,29.28286],[116.5153,29.28497],[116.51539,29.28776],[116.51165,29.29521],[116.506,29.29712],[116.50577,29.29832],[116.49941,29.29437],[116.49753,29.29379],[116.49263,29.29559],[116.48882,29.29562],[116.48436,29.29292],[116.47417,29.29114],[116.47194,29.29278],[116.46852,29.29189],[116.45797,29.29532]]]},"properties":{"name_zh":"万户镇","name_en":"Wanhu","osm_relation":5836975,"admin_level":8,"seat_osm_node":3933370549,"seat_lon_wgs84":116.5130723,"seat_lat_wgs84":29.2470509}},{"type":"Feature","id":"osm-relation-5836977","geometry":{"type":"Polygon","coordinates":[[[116.51395,29.31706],[116.51454,29.31469],[116.51636,29.31018],[116.51976,29.30831],[116.52175,29.30785],[116.53051,29.29581],[116.53217,29.2918],[116.53146,29.28796],[116.533,29.28666],[116.53805,29.28805],[116.5417,29.28483],[116.54239,29.28151],[116.54417,29.27992],[116.55106,29.2738],[116.55426,29.26457],[116.55925,29.26026],[116.56748,29.24533],[116.58795,29.19198],[116.60847,29.20738],[116.61504,29.21244],[116.62261,29.21815],[116.6298,29.22349],[116.64172,29.23232],[116.63491,29.23639],[116.62327,29.24308],[116.61221,29.24862],[116.60621,29.25167],[116.60275,29.25284],[116.59943,29.25401],[116.59928,29.25402],[116.59905,29.25413],[116.59894,29.25414],[116.59856,29.25388],[116.59811,29.25347],[116.59782,29.25306],[116.59733,29.25289],[116.59707,29.25296],[116.59696,29.25308],[116.59692,29.25321],[116.59697,29.25356],[116.59708,29.25405],[116.59696,29.25444],[116.59685,29.25453],[116.59675,29.2545],[116.59627,29.25393],[116.59598,29.25368],[116.59571,29.25366],[116.59532,29.2538],[116.59488,29.25422],[116.59475,29.25463],[116.59433,29.25522],[116.59407,29.2553],[116.59368,29.25542],[116.59341,29.25541],[116.59304,29.25534],[116.5926,29.2551],[116.59224,29.25491],[116.59186,29.25451],[116.5914,29.25382],[116.59123,29.25361],[116.59039,29.25359],[116.59017,29.2536],[116.58963,29.25368],[116.58936,29.25384],[116.58954,29.25413],[116.58953,29.25426],[116.58937,29.25445],[116.5892,29.25498],[116.58885,29.25515],[116.58878,29.25524],[116.58882,29.25562],[116.58884,29.25577],[116.58905,29.25584],[116.58916,29.25597],[116.58916,29.25625],[116.58921,29.25649],[116.58962,29.257],[116.59021,29.25747],[116.59062,29.25794],[116.59065,29.25806],[116.59035,29.25826],[116.59024,29.25843],[116.59001,29.25858],[116.58997,29.25869],[116.59009,29.25884],[116.59014,29.25906],[116.59041,29.25957],[116.59045,29.25982],[116.59037,29.25999],[116.59044,29.2604],[116.59027,29.26098],[116.59029,29.26122],[116.59023,29.26131],[116.58998,29.2614],[116.58971,29.26143],[116.58893,29.26128],[116.58814,29.26119],[116.5877,29.26131],[116.587,29.26118],[116.58689,29.26122],[116.58685,29.26133],[116.58677,29.26141],[116.58646,29.26131],[116.58625,29.26127],[116.58607,29.26141],[116.58585,29.26177],[116.5859,29.2621],[116.58582,29.2622],[116.58548,29.26238],[116.58536,29.26248],[116.58537,29.26262],[116.5852,29.26341],[116.5853,29.26362],[116.58541,29.26421],[116.58555,29.26447],[116.58555,29.26458],[116.58542,29.26473],[116.58522,29.26474],[116.58511,29.26479],[116.58509,29.26497],[116.58515,29.26527],[116.58515,29.26552],[116.5852,29.2658],[116.5853,29.26628],[116.58531,29.26734],[116.58524,29.26776],[116.58516,29.26829],[116.58493,29.26886],[116.58482,29.26939],[116.58434,29.27024],[116.58389,29.27066],[116.58383,29.27087],[116.58393,29.27111],[116.58398,29.27155],[116.5842,29.27194],[116.58457,29.27223],[116.58462,29.2725],[116.58474,29.27287],[116.58469,29.27455],[116.5846,29.27537],[116.58484,29.27582],[116.58479,29.27601],[116.58431,29.27642],[116.5842,29.27682],[116.58418,29.27734],[116.58421,29.27778],[116.58422,29.27816],[116.58413,29.27851],[116.58375,29.27913],[116.58346,29.27922],[116.58251,29.27939],[116.58225,29.27932],[116.58193,29.27919],[116.58149,29.27915],[116.58121,29.27907],[116.58085,29.27879],[116.5802,29.27813],[116.58007,29.27803],[116.57996,29.27816],[116.57976,29.27823],[116.57933,29.27814],[116.57877,29.27814],[116.57858,29.27808],[116.5784,29.27775],[116.57826,29.27766],[116.57804,29.27766],[116.57791,29.27779],[116.57789,29.27799],[116.57817,29.27834],[116.57924,29.27933],[116.57945,29.27978],[116.57943,29.27991],[116.57927,29.28018],[116.57905,29.28026],[116.57883,29.28042],[116.57861,29.28085],[116.57854,29.28139],[116.57851,29.28211],[116.57836,29.28244],[116.57838,29.28256],[116.57872,29.28295],[116.57883,29.28314],[116.57887,29.28347],[116.57865,29.28402],[116.57858,29.28425],[116.57842,29.28469],[116.57794,29.28512],[116.57783,29.28534],[116.57761,29.28563],[116.57689,29.28638],[116.57646,29.28661],[116.57608,29.28694],[116.57575,29.28707],[116.57533,29.28716],[116.5745,29.28734],[116.57409,29.28752],[116.57375,29.28779],[116.57293,29.28835],[116.5722,29.28873],[116.57149,29.28893],[116.5708,29.2891],[116.57073,29.28941],[116.57073,29.28962],[116.57079,29.28972],[116.57079,29.28988],[116.57074,29.29002],[116.57075,29.29017],[116.57113,29.29063],[116.57129,29.29094],[116.57134,29.29104],[116.57059,29.29092],[116.56985,29.29094],[116.56913,29.29093],[116.5687,29.29115],[116.56842,29.29103],[116.56824,29.29098],[116.56808,29.29102],[116.56795,29.29123],[116.56798,29.29165],[116.56779,29.29204],[116.56776,29.29224],[116.56733,29.29272],[116.56733,29.2931],[116.56717,29.29332],[116.56702,29.29342],[116.56649,29.29343],[116.56628,29.29353],[116.56618,29.29377],[116.56598,29.29417],[116.5654,29.29466],[116.56514,29.29502],[116.56502,29.29512],[116.56477,29.29501],[116.56445,29.29494],[116.56425,29.29499],[116.56408,29.29514],[116.56403,29.29533],[116.56404,29.29583],[116.56364,29.29614],[116.56248,29.29685],[116.56228,29.29709],[116.56228,29.29726],[116.5624,29.29731],[116.56256,29.29731],[116.56293,29.29715],[116.56355,29.29679],[116.56374,29.29672],[116.56383,29.29672],[116.56351,29.29715],[116.56263,29.29788],[116.56245,29.29798],[116.56175,29.29793],[116.56149,29.29797],[116.56098,29.29823],[116.56054,29.29852],[116.55985,29.29942],[116.55974,29.29968],[116.55975,29.30001],[116.56031,29.30086],[116.56059,29.30141],[116.56094,29.30186],[116.561,29.30213],[116.56119,29.30259],[116.56119,29.30275],[116.56109,29.30279],[116.56099,29.3028],[116.56051,29.30259],[116.56011,29.30251],[116.5598,29.30253],[116.55948,29.30266],[116.55926,29.30289],[116.5591,29.30323],[116.55892,29.30345],[116.5587,29.30358],[116.55844,29.30357],[116.55797,29.30347],[116.55783,29.30353],[116.55778,29.30364],[116.55781,29.30488],[116.55796,29.30543],[116.55808,29.3058],[116.55812,29.30629],[116.55821,29.3067],[116.55881,29.30873],[116.55878,29.30897],[116.55912,29.30946],[116.5598,29.31089],[116.55987,29.312],[116.55984,29.31301],[116.5599,29.31342],[116.56006,29.31451],[116.55995,29.31496],[116.55868,29.31605],[116.55847,29.31612],[116.55813,29.31615],[116.55792,29.31604],[116.55769,29.316],[116.55733,29.31605],[116.55717,29.31604],[116.55688,29.31583],[116.55679,29.31582],[116.5567,29.31584],[116.55669,29.31592],[116.55679,29.31624],[116.55683,29.31704],[116.55668,29.31754],[116.55656,29.31773],[116.55636,29.31844],[116.55619,29.31848],[116.55607,29.31846],[116.55585,29.31805],[116.55567,29.31786],[116.55551,29.31779],[116.55508,29.31789],[116.55462,29.31813],[116.55435,29.31836],[116.55412,29.3187],[116.55405,29.31924],[116.5541,29.31943],[116.55459,29.32024],[116.55457,29.32049],[116.55453,29.32074],[116.55459,29.32085],[116.55483,29.32113],[116.55519,29.32128],[116.55535,29.32143],[116.55537,29.32164],[116.55524,29.32186],[116.55493,29.32205],[116.55468,29.3221],[116.55393,29.32216],[116.55337,29.32238],[116.55263,29.32249],[116.55145,29.32322],[116.55075,29.32376],[116.5499,29.32416],[116.54955,29.32436],[116.54801,29.32548],[116.54768,29.32561],[116.54668,29.32663],[116.5463,29.32719],[116.54578,29.32791],[116.54279,29.32726],[116.53876,29.32627],[116.53505,29.32543],[116.53453,29.32531],[116.53036,29.32549],[116.52056,29.32748],[116.51618,29.32614],[116.51515,29.32391],[116.51395,29.31706]]]},"properties":{"name_zh":"南峰镇","name_en":"Nanfeng","osm_relation":5836977,"admin_level":8,"seat_osm_node":3933370554,"seat_lon_wgs84":116.562757,"seat_lat_wgs84":29.263683}},{"type":"Feature","id":"osm-relation-5836980","geometry":{"type":"Polygon","coordinates":[[[116.32575,29.37197],[116.32661,29.37148],[116.33036,29.36268],[116.32797,29.35227],[116.32831,29.34882],[116.32987,29.34277],[116.32885,29.3392],[116.33487,29.33365],[116.33623,29.33065],[116.3414,29.33078],[116.34324,29.33508],[116.34408,29.33891],[116.34657,29.33965],[116.34821,29.34342],[116.35135,29.34113],[116.35803,29.34176],[116.3606,29.34605],[116.35937,29.34805],[116.36146,29.35009],[116.36247,29.34894],[116.36811,29.34733],[116.37588,29.33889],[116.37585,29.33605],[116.37895,29.3341],[116.38188,29.33438],[116.38223,29.32828],[116.38596,29.32393],[116.39594,29.32124],[116.40093,29.31644],[116.40236,29.31655],[116.40485,29.31675],[116.40691,29.31812],[116.40832,29.31672],[116.42247,29.31859],[116.42695,29.31702],[116.439,29.31709],[116.44861,29.3202],[116.44864,29.3213],[116.44608,29.32553],[116.44511,29.33083],[116.44561,29.33443],[116.44578,29.35446],[116.44211,29.36211],[116.44232,29.36587],[116.45291,29.36525],[116.45639,29.36361],[116.45928,29.36879],[116.46414,29.36961],[116.47071,29.37812],[116.46872,29.38263],[116.46534,29.38492],[116.46509,29.38921],[116.46226,29.3922],[116.46176,29.39398],[116.4642,29.39671],[116.46439,29.39734],[116.45851,29.39908],[116.44813,29.39786],[116.44649,29.39705],[116.44078,29.40163],[116.4414,29.40419],[116.43663,29.40893],[116.4381,29.41055],[116.43866,29.41387],[116.43232,29.41648],[116.42484,29.41331],[116.42126,29.4171],[116.41427,29.41597],[116.40763,29.41766],[116.39972,29.42131],[116.40148,29.42525],[116.40363,29.42605],[116.40361,29.42718],[116.39924,29.42768],[116.39147,29.4338],[116.39155,29.43689],[116.39099,29.44011],[116.38584,29.44015],[116.38429,29.4436],[116.3854,29.44682],[116.37501,29.44533],[116.36865,29.43876],[116.3631,29.43765],[116.36178,29.43526],[116.36385,29.43163],[116.36195,29.43076],[116.36073,29.42926],[116.35912,29.42428],[116.36492,29.42574],[116.36574,29.42405],[116.36605,29.41925],[116.36029,29.41923],[116.35131,29.41626],[116.34892,29.41292],[116.34909,29.40685],[116.34482,29.40612],[116.34208,29.40296],[116.34208,29.39997],[116.33919,29.39348],[116.33435,29.39123],[116.33318,29.38684],[116.33159,29.38303],[116.32778,29.38007],[116.32575,29.37197]]]},"properties":{"name_zh":"土塘镇","name_en":"Tutang","osm_relation":5836980,"admin_level":8,"seat_osm_node":3488358955,"seat_lon_wgs84":116.4164304,"seat_lat_wgs84":29.368466}},{"type":"Feature","id":"osm-relation-5836982","geometry":{"type":"Polygon","coordinates":[[[116.42233,29.56804],[116.42516,29.56128],[116.42516,29.55673],[116.43149,29.55295],[116.43473,29.54749],[116.43051,29.54169],[116.42874,29.53751],[116.42862,29.53632],[116.43036,29.53238],[116.43079,29.52447],[116.43816,29.52054],[116.4366,29.51724],[116.44253,29.51457],[116.4381,29.50592],[116.43941,29.4989],[116.44005,29.49839],[116.43843,29.4974],[116.43548,29.49762],[116.43488,29.49508],[116.43096,29.48618],[116.42895,29.48448],[116.42381,29.48126],[116.42424,29.47885],[116.42484,29.47742],[116.42577,29.47631],[116.42515,29.47511],[116.42919,29.47415],[116.42956,29.47305],[116.42859,29.47213],[116.43079,29.47125],[116.43142,29.47157],[116.43436,29.47194],[116.43786,29.46899],[116.43897,29.46831],[116.43789,29.46605],[116.43836,29.46488],[116.43806,29.46383],[116.43651,29.45215],[116.45303,29.44816],[116.46117,29.45901],[116.46489,29.45893],[116.46108,29.46255],[116.46783,29.46157],[116.47146,29.46247],[116.47596,29.45946],[116.48747,29.46519],[116.4917,29.46195],[116.49655,29.46692],[116.50312,29.47279],[116.50131,29.47844],[116.50805,29.47317],[116.51448,29.47201],[116.5157,29.4703],[116.51576,29.46961],[116.51877,29.46619],[116.51888,29.4652],[116.52029,29.46385],[116.52093,29.464],[116.52139,29.46418],[116.52195,29.46423],[116.52234,29.46432],[116.52256,29.46427],[116.5233,29.46378],[116.5236,29.46329],[116.5241,29.46303],[116.52459,29.46256],[116.5249,29.46232],[116.52554,29.46226],[116.52582,29.46229],[116.52607,29.46229],[116.52631,29.46222],[116.52692,29.46206],[116.52788,29.46188],[116.52823,29.46186],[116.5284,29.46175],[116.52858,29.46166],[116.52907,29.46176],[116.52959,29.46176],[116.52983,29.46182],[116.53005,29.46221],[116.5301,29.46262],[116.53026,29.46274],[116.53078,29.46292],[116.53113,29.46293],[116.53136,29.46301],[116.53167,29.46306],[116.53199,29.463],[116.53234,29.46327],[116.53292,29.46373],[116.53299,29.46388],[116.53294,29.46401],[116.53263,29.46439],[116.53261,29.46473],[116.53263,29.46507],[116.53254,29.46517],[116.53253,29.4653],[116.53266,29.4654],[116.5329,29.46604],[116.53334,29.46665],[116.53341,29.46682],[116.53356,29.46783],[116.53398,29.46857],[116.53402,29.46877],[116.53389,29.4689],[116.53353,29.46901],[116.53324,29.46926],[116.53313,29.46947],[116.53321,29.46977],[116.53329,29.46999],[116.53414,29.47032],[116.53425,29.47073],[116.53466,29.47145],[116.53473,29.47211],[116.53502,29.47313],[116.53509,29.47349],[116.5349,29.47414],[116.53447,29.47505],[116.53448,29.47549],[116.53427,29.47581],[116.53355,29.47648],[116.53336,29.47692],[116.53339,29.47743],[116.53373,29.47803],[116.53368,29.47845],[116.53367,29.47945],[116.53373,29.47985],[116.53424,29.48064],[116.5343,29.48095],[116.5341,29.48152],[116.53179,29.48339],[116.53128,29.48351],[116.53126,29.48375],[116.53147,29.48465],[116.5311,29.48591],[116.53065,29.48642],[116.53019,29.48655],[116.52815,29.48698],[116.5275,29.48712],[116.52714,29.48691],[116.52669,29.48685],[116.52599,29.48715],[116.52533,29.48732],[116.52511,29.48736],[116.52454,29.48723],[116.52416,29.48726],[116.52385,29.48738],[116.52383,29.4877],[116.52369,29.48795],[116.52327,29.48833],[116.52287,29.48855],[116.52251,29.4886],[116.52229,29.48872],[116.52201,29.48879],[116.52105,29.48913],[116.51995,29.48954],[116.5197,29.48978],[116.51963,29.49026],[116.51911,29.49104],[116.51885,29.49173],[116.5181,29.49183],[116.51753,29.49211],[116.51692,29.493],[116.51684,29.49327],[116.51612,29.49405],[116.51571,29.49448],[116.51526,29.4949],[116.51513,29.49553],[116.51507,29.49588],[116.51488,29.49596],[116.51456,29.49594],[116.51414,29.49572],[116.514,29.49576],[116.5139,29.49587],[116.51391,29.49614],[116.51456,29.4963],[116.51484,29.49647],[116.51568,29.49655],[116.51619,29.4968],[116.51639,29.49717],[116.51662,29.49732],[116.51648,29.49742],[116.51546,29.49853],[116.51495,29.49915],[116.51529,29.49951],[116.51555,29.49951],[116.51576,29.49966],[116.51616,29.49963],[116.51645,29.49967],[116.51711,29.49984],[116.51732,29.50007],[116.51737,29.50038],[116.51733,29.50075],[116.51741,29.50117],[116.51773,29.50161],[116.51782,29.50198],[116.51811,29.5022],[116.51864,29.50231],[116.51906,29.50245],[116.51975,29.50277],[116.51987,29.50269],[116.52022,29.50234],[116.52038,29.50239],[116.52067,29.50284],[116.52076,29.50287],[116.52108,29.50276],[116.52125,29.50277],[116.52109,29.503],[116.52037,29.50338],[116.51982,29.50358],[116.51957,29.50373],[116.51941,29.50398],[116.51965,29.50396],[116.5205,29.50368],[116.52099,29.50359],[116.52144,29.50329],[116.52169,29.50327],[116.52187,29.50328],[116.5222,29.50344],[116.52223,29.5037],[116.52235,29.5037],[116.52276,29.50343],[116.52299,29.50343],[116.52345,29.50397],[116.52372,29.50445],[116.52382,29.50471],[116.52348,29.5052],[116.52309,29.50559],[116.52278,29.50573],[116.52255,29.5057],[116.52239,29.50546],[116.52228,29.50545],[116.52207,29.50558],[116.52163,29.50573],[116.52133,29.50568],[116.52114,29.50572],[116.52118,29.50589],[116.52105,29.50613],[116.52081,29.50623],[116.52069,29.50633],[116.52076,29.50648],[116.52093,29.50654],[116.52123,29.50654],[116.52163,29.50637],[116.52242,29.50601],[116.52302,29.50612],[116.52324,29.50623],[116.52333,29.50617],[116.52352,29.50573],[116.52401,29.50519],[116.52424,29.50504],[116.52515,29.50489],[116.52557,29.50494],[116.52608,29.50525],[116.52634,29.50584],[116.52648,29.50645],[116.52634,29.50706],[116.52589,29.50755],[116.52591,29.50766],[116.52606,29.5077],[116.52629,29.50747],[116.52662,29.50719],[116.5272,29.50687],[116.52737,29.50688],[116.52763,29.50692],[116.52781,29.50701],[116.52782,29.50707],[116.52758,29.50802],[116.52731,29.50877],[116.52724,29.50906],[116.52728,29.5099],[116.52739,29.51011],[116.52756,29.51017],[116.52772,29.51017],[116.52781,29.5101],[116.52789,29.50985],[116.528,29.50982],[116.52836,29.50988],[116.52845,29.50999],[116.52852,29.51013],[116.52854,29.51043],[116.52839,29.51102],[116.52807,29.51182],[116.52768,29.51247],[116.52723,29.51286],[116.52712,29.51299],[116.52706,29.51334],[116.52721,29.51369],[116.52781,29.51431],[116.52861,29.51284],[116.52961,29.51333],[116.52972,29.51341],[116.52964,29.51353],[116.52869,29.51419],[116.52812,29.51486],[116.52792,29.51527],[116.52762,29.51577],[116.52725,29.51608],[116.5265,29.51633],[116.52579,29.51644],[116.52438,29.51673],[116.52378,29.51695],[116.52367,29.5171],[116.52376,29.51733],[116.52411,29.51779],[116.52414,29.51836],[116.52396,29.51937],[116.52398,29.51986],[116.52428,29.5204],[116.52434,29.52072],[116.52429,29.52098],[116.5238,29.52183],[116.5238,29.52201],[116.52402,29.52266],[116.5241,29.52275],[116.5243,29.52271],[116.52444,29.52274],[116.52454,29.52289],[116.5248,29.52335],[116.52488,29.52362],[116.52494,29.52366],[116.52509,29.52367],[116.52551,29.52333],[116.52565,29.52333],[116.52571,29.52328],[116.52576,29.52309],[116.52598,29.52285],[116.52586,29.52223],[116.52591,29.52201],[116.52609,29.52189],[116.52611,29.52204],[116.52659,29.52316],[116.52667,29.52361],[116.5268,29.52381],[116.52823,29.52495],[116.52901,29.52522],[116.52976,29.52593],[116.53018,29.52623],[116.53067,29.52676],[116.53087,29.5272],[116.53083,29.52746],[116.53063,29.52793],[116.531,29.52817],[116.53127,29.52843],[116.53139,29.52879],[116.53138,29.52886],[116.5311,29.52892],[116.53076,29.52896],[116.53058,29.52904],[116.53008,29.52948],[116.53,29.52973],[116.53016,29.53011],[116.52967,29.53002],[116.52942,29.52995],[116.52928,29.52957],[116.52925,29.52919],[116.529,29.52851],[116.52869,29.52796],[116.52851,29.52766],[116.52817,29.5274],[116.52777,29.5273],[116.52737,29.52713],[116.52689,29.52711],[116.52644,29.52716],[116.52608,29.52724],[116.52595,29.52733],[116.5261,29.52739],[116.52675,29.52766],[116.52715,29.52804],[116.52746,29.52846],[116.52795,29.52916],[116.52797,29.52949],[116.52838,29.53014],[116.52838,29.5302],[116.52836,29.53031],[116.52806,29.5308],[116.52748,29.53144],[116.52744,29.53153],[116.5277,29.53181],[116.52795,29.53213],[116.52817,29.53221],[116.52837,29.5322],[116.52857,29.53208],[116.52863,29.53207],[116.52866,29.53227],[116.52866,29.53269],[116.52856,29.5328],[116.52803,29.53351],[116.52798,29.53364],[116.52803,29.5337],[116.52817,29.53357],[116.5286,29.53318],[116.52866,29.53328],[116.52862,29.53343],[116.52861,29.53375],[116.52847,29.53432],[116.52849,29.53499],[116.5282,29.53522],[116.5282,29.53543],[116.52844,29.53553],[116.52881,29.53537],[116.52894,29.53539],[116.52884,29.5358],[116.52884,29.53617],[116.52927,29.53645],[116.52949,29.53686],[116.52963,29.53729],[116.52983,29.5378],[116.52984,29.53795],[116.52976,29.53815],[116.52943,29.5387],[116.52941,29.53898],[116.52943,29.53911],[116.5295,29.53922],[116.52989,29.53945],[116.53011,29.53958],[116.53025,29.53994],[116.5302,29.5401],[116.52991,29.54043],[116.5299,29.54055],[116.52998,29.54091],[116.52998,29.54144],[116.52983,29.54175],[116.52988,29.54195],[116.52994,29.54226],[116.52989,29.54252],[116.52961,29.54295],[116.52806,29.5445],[116.52727,29.54477],[116.52694,29.54501],[116.52677,29.54558],[116.52618,29.54651],[116.52604,29.54682],[116.52611,29.54724],[116.52726,29.5486],[116.5275,29.54906],[116.52773,29.5495],[116.5278,29.54981],[116.52771,29.55],[116.52711,29.55047],[116.52686,29.55091],[116.52686,29.55158],[116.5273,29.55302],[116.52774,29.55433],[116.52822,29.5551],[116.5285,29.55537],[116.52888,29.55584],[116.52957,29.55705],[116.52987,29.55738],[116.53012,29.55789],[116.53029,29.55879],[116.53024,29.55891],[116.52993,29.55897],[116.52907,29.55902],[116.52631,29.55941],[116.52466,29.55953],[116.52445,29.55946],[116.524,29.55903],[116.52325,29.5585],[116.52303,29.55827],[116.52236,29.55749],[116.52178,29.55722],[116.52101,29.55697],[116.52052,29.55697],[116.52026,29.55693],[116.51992,29.55685],[116.51965,29.55691],[116.51937,29.55713],[116.51915,29.55717],[116.51882,29.55695],[116.51835,29.55682],[116.51727,29.55686],[116.51714,29.55728],[116.5168,29.55788],[116.51632,29.55929],[116.51633,29.55959],[116.51663,29.56002],[116.51668,29.56036],[116.51658,29.56067],[116.51632,29.56087],[116.51596,29.56092],[116.51583,29.56092],[116.51568,29.56084],[116.51557,29.56076],[116.51546,29.56074],[116.51536,29.56073],[116.51519,29.56087],[116.51502,29.5613],[116.51475,29.5615],[116.51434,29.5616],[116.51415,29.56181],[116.51407,29.56205],[116.51418,29.56249],[116.51416,29.56266],[116.51395,29.5628],[116.51371,29.56333],[116.51376,29.56432],[116.51349,29.56451],[116.51344,29.56479],[116.51373,29.56526],[116.51366,29.56529],[116.51327,29.56513],[116.51264,29.56474],[116.51248,29.56462],[116.51248,29.56446],[116.51262,29.56412],[116.51224,29.56367],[116.51151,29.56303],[116.51125,29.5626],[116.51065,29.56219],[116.51041,29.56208],[116.51014,29.56205],[116.50909,29.56211],[116.50859,29.56165],[116.50813,29.56146],[116.50794,29.56123],[116.50733,29.56078],[116.50709,29.56045],[116.50696,29.56004],[116.50625,29.55936],[116.50567,29.5588],[116.50519,29.55834],[116.50457,29.5576],[116.50418,29.55848],[116.50394,29.55881],[116.50357,29.55915],[116.50273,29.55984],[116.50237,29.56001],[116.50177,29.56057],[116.50125,29.56125],[116.50096,29.56183],[116.50052,29.56238],[116.50015,29.56313],[116.49969,29.56358],[116.49924,29.56444],[116.49904,29.56505],[116.49855,29.56568],[116.49817,29.5665],[116.49747,29.56792],[116.4973,29.56849],[116.49674,29.56904],[116.49605,29.56994],[116.49564,29.57018],[116.49497,29.5704],[116.49342,29.57063],[116.49319,29.57084],[116.49332,29.57106],[116.49334,29.57121],[116.49322,29.57153],[116.49321,29.57169],[116.49311,29.57182],[116.49258,29.57186],[116.4922,29.57193],[116.49165,29.57189],[116.49118,29.57189],[116.48997,29.57166],[116.48948,29.57167],[116.48907,29.57185],[116.48877,29.57215],[116.48858,29.5727],[116.48815,29.57309],[116.48792,29.5735],[116.48791,29.57384],[116.48781,29.57406],[116.48722,29.57422],[116.48692,29.57446],[116.4869,29.57461],[116.48693,29.5749],[116.48747,29.57618],[116.4884,29.5778],[116.48876,29.57814],[116.48939,29.57901],[116.48992,29.57958],[116.49022,29.5798],[116.49054,29.57994],[116.49119,29.58005],[116.49195,29.5804],[116.4922,29.58052],[116.49333,29.58173],[116.495,29.58262],[116.49651,29.58325],[116.49693,29.58326],[116.49715,29.58334],[116.4977,29.58398],[116.49813,29.58455],[116.49882,29.58511],[116.49984,29.5859],[116.50062,29.58661],[116.50094,29.58685],[116.50116,29.58717],[116.50117,29.58739],[116.50122,29.58765],[116.50173,29.5886],[116.50206,29.58885],[116.50219,29.58897],[116.5025,29.58983],[116.50269,29.5904],[116.50301,29.59078],[116.50312,29.59101],[116.50315,29.5913],[116.50319,29.59154],[116.50341,29.59225],[116.50334,29.59345],[116.5035,29.59395],[116.50361,29.5941],[116.50381,29.59432],[116.50399,29.59464],[116.50408,29.59508],[116.5042,29.5954],[116.50445,29.59559],[116.50469,29.59568],[116.5051,29.59586],[116.50515,29.59601],[116.50513,29.59609],[116.50471,29.59672],[116.50469,29.59692],[116.50479,29.59717],[116.50501,29.59747],[116.50523,29.59759],[116.50545,29.59776],[116.50566,29.59818],[116.50617,29.59895],[116.50664,29.59975],[116.50687,29.59989],[116.50699,29.60003],[116.50699,29.60015],[116.50687,29.60022],[116.50637,29.60052],[116.50595,29.60098],[116.50586,29.60123],[116.5064,29.60195],[116.50644,29.60221],[116.50644,29.60281],[116.50678,29.6035],[116.5068,29.60371],[116.5068,29.60401],[116.50663,29.60429],[116.50661,29.60449],[116.50735,29.60518],[116.50801,29.60559],[116.50842,29.60597],[116.50859,29.60729],[116.50943,29.608],[116.50986,29.60935],[116.51028,29.61008],[116.51193,29.61101],[116.51212,29.61123],[116.51271,29.61409],[116.51257,29.61434],[116.51247,29.61473],[116.51244,29.61489],[116.51229,29.61552],[116.5122,29.61604],[116.51215,29.61663],[116.51214,29.6173],[116.51222,29.61756],[116.51244,29.61776],[116.51248,29.61784],[116.51247,29.61795],[116.51232,29.61836],[116.51223,29.61867],[116.51221,29.61873],[116.512,29.61936],[116.51194,29.61963],[116.51179,29.62003],[116.51154,29.6204],[116.51139,29.62072],[116.51129,29.62101],[116.51115,29.62127],[116.51109,29.62148],[116.5111,29.62166],[116.51119,29.6219],[116.51139,29.62233],[116.51161,29.62289],[116.5118,29.62335],[116.51182,29.6237],[116.51165,29.624],[116.5115,29.62424],[116.51133,29.62447],[116.51104,29.62471],[116.511,29.62482],[116.51092,29.62504],[116.51066,29.6255],[116.51043,29.62586],[116.51017,29.62619],[116.5099,29.62645],[116.50975,29.62667],[116.50963,29.62694],[116.50943,29.62719],[116.50921,29.62734],[116.50896,29.62748],[116.50856,29.62765],[116.50839,29.6278],[116.50827,29.62815],[116.50822,29.62838],[116.50821,29.62896],[116.50815,29.62913],[116.50805,29.62934],[116.50791,29.62974],[116.50781,29.63006],[116.50779,29.6302],[116.50774,29.63053],[116.50775,29.63078],[116.50781,29.63088],[116.50793,29.63093],[116.50826,29.63103],[116.50845,29.63116],[116.50858,29.63129],[116.50866,29.63146],[116.5087,29.63166],[116.50868,29.63187],[116.50863,29.63202],[116.50851,29.63218],[116.50829,29.63239],[116.50819,29.63256],[116.50818,29.6327],[116.50824,29.63285],[116.50852,29.63316],[116.50863,29.6333],[116.50872,29.63347],[116.50871,29.63361],[116.50862,29.63377],[116.50845,29.63389],[116.50812,29.634],[116.50783,29.63406],[116.50754,29.63412],[116.50708,29.6343],[116.5067,29.63447],[116.50645,29.63464],[116.50624,29.63485],[116.50617,29.63489],[116.50608,29.63502],[116.50599,29.63503],[116.50586,29.63503],[116.50569,29.63499],[116.50524,29.63487],[116.50506,29.63482],[116.50495,29.63476],[116.50489,29.63475],[116.50484,29.63473],[116.50469,29.63471],[116.50421,29.6345],[116.50393,29.63441],[116.5038,29.63439],[116.50353,29.6344],[116.50337,29.63441],[116.50309,29.63445],[116.50282,29.63448],[116.50268,29.63452],[116.50245,29.63463],[116.5023,29.63466],[116.50213,29.63465],[116.5017,29.63457],[116.50117,29.63446],[116.50079,29.63433],[116.5006,29.63419],[116.5004,29.63403],[116.50011,29.63368],[116.4998,29.63323],[116.49967,29.63294],[116.49963,29.6328],[116.49961,29.63275],[116.49957,29.63275],[116.49952,29.6328],[116.49946,29.63287],[116.49937,29.63303],[116.4993,29.63329],[116.4993,29.63356],[116.49933,29.63385],[116.49931,29.63391],[116.49929,29.63397],[116.49932,29.63401],[116.4994,29.63401],[116.49954,29.63394],[116.49966,29.63387],[116.49977,29.63386],[116.49979,29.6339],[116.4998,29.63397],[116.49972,29.63421],[116.49975,29.63431],[116.4998,29.63437],[116.49992,29.63444],[116.50009,29.63451],[116.50015,29.6346],[116.50012,29.63466],[116.5,29.63476],[116.49995,29.63483],[116.49989,29.63499],[116.49983,29.63506],[116.49972,29.63516],[116.49958,29.63526],[116.49942,29.63538],[116.49936,29.63549],[116.49938,29.63558],[116.49946,29.63571],[116.49967,29.63596],[116.49986,29.63613],[116.49996,29.63631],[116.49998,29.63636],[116.49997,29.63642],[116.49994,29.63649],[116.49976,29.63669],[116.49965,29.63679],[116.49941,29.63713],[116.49933,29.63726],[116.49913,29.6375],[116.49889,29.63772],[116.49867,29.6379],[116.49854,29.638],[116.49836,29.63808],[116.49825,29.63809],[116.49799,29.63806],[116.49776,29.63799],[116.49713,29.63767],[116.49707,29.63764],[116.49699,29.63763],[116.49682,29.63756],[116.49641,29.6374],[116.49625,29.63731],[116.49609,29.63728],[116.49555,29.63729],[116.49423,29.63746],[116.49398,29.63745],[116.49371,29.63743],[116.4933,29.63735],[116.49294,29.63722],[116.49242,29.63703],[116.49165,29.6368],[116.49154,29.63676],[116.49139,29.63674],[116.49106,29.6367],[116.49091,29.63663],[116.49061,29.63631],[116.49044,29.63621],[116.48933,29.63591],[116.48912,29.63578],[116.48825,29.63482],[116.48783,29.6344],[116.48733,29.63406],[116.48703,29.63395],[116.48652,29.63379],[116.48637,29.63378],[116.48627,29.63368],[116.48493,29.63188],[116.48467,29.63171],[116.48431,29.63155],[116.48397,29.63129],[116.48338,29.63113],[116.4825,29.63109],[116.48194,29.63084],[116.4815,29.63069],[116.48117,29.63036],[116.48058,29.63019],[116.47996,29.63022],[116.47896,29.63041],[116.47855,29.63045],[116.47829,29.62992],[116.47822,29.62956],[116.47777,29.62902],[116.47736,29.62798],[116.47732,29.62729],[116.47728,29.62698],[116.47625,29.626],[116.47573,29.62553],[116.47528,29.62538],[116.47514,29.62523],[116.47517,29.62488],[116.47521,29.62467],[116.47507,29.6245],[116.47477,29.62421],[116.47456,29.62386],[116.47455,29.62339],[116.47448,29.62309],[116.47438,29.62254],[116.47426,29.62168],[116.47404,29.62113],[116.47374,29.621],[116.47293,29.62086],[116.47259,29.62074],[116.47225,29.62057],[116.47153,29.6201],[116.47089,29.61969],[116.47057,29.61957],[116.4698,29.61957],[116.46941,29.61968],[116.46873,29.61992],[116.46812,29.61994],[116.46719,29.61996],[116.46634,29.62009],[116.46613,29.62011],[116.46596,29.62006],[116.46574,29.61994],[116.46526,29.61979],[116.46504,29.61973],[116.46431,29.61964],[116.46375,29.61951],[116.46298,29.61952],[116.46276,29.6195],[116.46247,29.61942],[116.46226,29.61923],[116.46212,29.61899],[116.46202,29.61873],[116.46198,29.61854],[116.46188,29.61846],[116.46171,29.61838],[116.46158,29.61824],[116.46132,29.6181],[116.46044,29.61784],[116.46017,29.61779],[116.45962,29.61774],[116.45928,29.61763],[116.45891,29.61745],[116.45824,29.6171],[116.4578,29.61688],[116.45753,29.61666],[116.45723,29.61653],[116.45681,29.61637],[116.4564,29.6163],[116.45575,29.61611],[116.45536,29.61598],[116.45508,29.61581],[116.45496,29.61577],[116.45487,29.61568],[116.45476,29.61568],[116.45465,29.61574],[116.45456,29.6159],[116.45446,29.61603],[116.45431,29.61613],[116.45412,29.61614],[116.4539,29.61611],[116.45371,29.61602],[116.45345,29.61577],[116.45319,29.61553],[116.45291,29.61532],[116.45244,29.61502],[116.45236,29.61493],[116.452,29.61478],[116.45154,29.61466],[116.45101,29.6146],[116.45061,29.61453],[116.45028,29.61442],[116.44943,29.61436],[116.44884,29.6144],[116.44792,29.61453],[116.4475,29.61463],[116.4468,29.61475],[116.44481,29.61446],[116.44431,29.61434],[116.44394,29.61419],[116.4437,29.61401],[116.44357,29.61387],[116.4435,29.61376],[116.4435,29.61363],[116.44351,29.61346],[116.44351,29.61335],[116.44348,29.61331],[116.44327,29.61328],[116.44314,29.61324],[116.44285,29.61318],[116.44199,29.61306],[116.44157,29.61298],[116.44129,29.61289],[116.44075,29.61265],[116.44058,29.61258],[116.43986,29.61235],[116.43955,29.61217],[116.43945,29.61214],[116.43933,29.61213],[116.43911,29.61215],[116.43828,29.61236],[116.43806,29.61239],[116.43777,29.61235],[116.43763,29.61228],[116.4374,29.61214],[116.43707,29.61199],[116.43698,29.61191],[116.43691,29.61184],[116.43689,29.6118],[116.43679,29.61178],[116.43647,29.61177],[116.43624,29.61174],[116.43584,29.61162],[116.43557,29.61161],[116.43529,29.61163],[116.43496,29.61171],[116.43471,29.61182],[116.43459,29.61178],[116.43447,29.61171],[116.4342,29.61139],[116.43409,29.61131],[116.4339,29.61126],[116.4334,29.61125],[116.43329,29.61124],[116.43321,29.61118],[116.43309,29.61095],[116.43305,29.61082],[116.43297,29.61057],[116.43293,29.61051],[116.43289,29.61048],[116.43279,29.61046],[116.43261,29.61046],[116.43225,29.61051],[116.43199,29.6105],[116.4314,29.61043],[116.43103,29.61033],[116.43081,29.61028],[116.43034,29.61003],[116.43007,29.60991],[116.42971,29.60979],[116.42919,29.60955],[116.42912,29.60952],[116.4346,29.60378],[116.43621,29.60126],[116.43584,29.59919],[116.44126,29.59619],[116.44195,29.59263],[116.44363,29.59216],[116.44937,29.58497],[116.45526,29.58255],[116.45506,29.57718],[116.45628,29.57509],[116.45347,29.57472],[116.45073,29.57553],[116.44238,29.57402],[116.44203,29.57474],[116.43773,29.57603],[116.42233,29.56804]]]},"properties":{"name_zh":"大港镇","name_en":"Dagang","osm_relation":5836982,"admin_level":8,"seat_osm_node":3488358514,"seat_lon_wgs84":116.4799419,"seat_lat_wgs84":29.5447024}},{"type":"Feature","id":"osm-relation-5836983","geometry":{"type":"Polygon","coordinates":[[[116.33205,29.49083],[116.33756,29.47576],[116.34077,29.47432],[116.34609,29.46511],[116.35686,29.4584],[116.36218,29.45107],[116.3631,29.43765],[116.36865,29.43876],[116.37501,29.44533],[116.3854,29.44682],[116.39658,29.44816],[116.39826,29.44731],[116.40133,29.44684],[116.40384,29.44756],[116.40562,29.44861],[116.41682,29.46304],[116.41868,29.46496],[116.4195,29.4668],[116.42052,29.47044],[116.42497,29.47473],[116.42515,29.47511],[116.42577,29.47631],[116.42484,29.47742],[116.42424,29.47885],[116.42381,29.48126],[116.42895,29.48448],[116.43096,29.48618],[116.43488,29.49508],[116.43548,29.49762],[116.43843,29.4974],[116.44005,29.49839],[116.43941,29.4989],[116.4381,29.50592],[116.44253,29.51457],[116.4366,29.51724],[116.43816,29.52054],[116.43079,29.52447],[116.43036,29.53238],[116.42862,29.53632],[116.42874,29.53751],[116.43051,29.54169],[116.43473,29.54749],[116.43149,29.55295],[116.42516,29.55673],[116.42516,29.56128],[116.42233,29.56804],[116.43773,29.57603],[116.44203,29.57474],[116.44238,29.57402],[116.45073,29.57553],[116.45347,29.57472],[116.45628,29.57509],[116.45506,29.57718],[116.45526,29.58255],[116.44937,29.58497],[116.44363,29.59216],[116.44195,29.59263],[116.44126,29.59619],[116.43584,29.59919],[116.43621,29.60126],[116.4346,29.60378],[116.42912,29.60952],[116.429,29.60943],[116.42887,29.60929],[116.42874,29.60916],[116.42862,29.60911],[116.42849,29.60911],[116.42834,29.60914],[116.428,29.60932],[116.4278,29.60938],[116.42707,29.60955],[116.42662,29.60957],[116.42602,29.60956],[116.42565,29.60951],[116.42544,29.60941],[116.425,29.60911],[116.42452,29.60888],[116.42423,29.60878],[116.42387,29.60872],[116.42353,29.60873],[116.42296,29.60865],[116.4228,29.6086],[116.4226,29.60849],[116.42216,29.60827],[116.422,29.60818],[116.42198,29.60811],[116.42202,29.60775],[116.422,29.60767],[116.42194,29.60758],[116.42178,29.60745],[116.42132,29.60725],[116.42036,29.60705],[116.42009,29.60698],[116.41989,29.60685],[116.41958,29.60676],[116.41945,29.60673],[116.4194,29.6067],[116.41916,29.60655],[116.41904,29.60654],[116.41898,29.60655],[116.41893,29.60667],[116.41882,29.60678],[116.41862,29.60686],[116.41851,29.6069],[116.41807,29.60701],[116.41756,29.60704],[116.41719,29.60702],[116.41705,29.60696],[116.41689,29.60682],[116.41662,29.60654],[116.41624,29.60633],[116.41603,29.60625],[116.41558,29.60608],[116.41546,29.606],[116.41529,29.60581],[116.41521,29.60562],[116.41509,29.6055],[116.41485,29.60535],[116.41466,29.60528],[116.41415,29.60517],[116.4136,29.60507],[116.41344,29.60503],[116.41324,29.60497],[116.41311,29.60491],[116.41303,29.6048],[116.41302,29.60475],[116.41216,29.60326],[116.41214,29.60297],[116.41216,29.60285],[116.41216,29.60272],[116.41213,29.60263],[116.41203,29.60248],[116.41199,29.6024],[116.41187,29.60222],[116.41178,29.60209],[116.41149,29.60176],[116.41117,29.6014],[116.4109,29.60114],[116.41013,29.60058],[116.40981,29.60034],[116.40961,29.60014],[116.40949,29.59999],[116.40939,29.59977],[116.40934,29.59957],[116.40919,29.59927],[116.40876,29.59868],[116.40853,29.59839],[116.40825,29.59812],[116.40799,29.5979],[116.40784,29.5978],[116.40743,29.59734],[116.4074,29.59724],[116.40741,29.59695],[116.40763,29.59639],[116.40774,29.59606],[116.40779,29.59577],[116.4081,29.59522],[116.40818,29.59499],[116.40812,29.59485],[116.40769,29.5944],[116.40677,29.59379],[116.40611,29.59354],[116.40545,29.59316],[116.40522,29.59296],[116.40509,29.59252],[116.4041,29.59173],[116.40357,29.59071],[116.4034,29.58951],[116.40363,29.58891],[116.40326,29.58795],[116.40268,29.58731],[116.40219,29.58647],[116.40215,29.58544],[116.40195,29.58476],[116.40196,29.58407],[116.40159,29.58346],[116.40148,29.58251],[116.40039,29.58183],[116.40007,29.58144],[116.40026,29.5807],[116.40008,29.58035],[116.39942,29.58007],[116.3984,29.57925],[116.39803,29.57869],[116.39734,29.57797],[116.3975,29.57733],[116.39749,29.5757],[116.39656,29.57299],[116.39437,29.57337],[116.39289,29.57314],[116.39231,29.57289],[116.39183,29.57268],[116.38991,29.57129],[116.38962,29.57062],[116.38773,29.56933],[116.38742,29.56875],[116.38727,29.56775],[116.38668,29.56751],[116.38565,29.56618],[116.38537,29.56547],[116.38491,29.56533],[116.3849,29.56472],[116.3846,29.56424],[116.38366,29.56336],[116.38244,29.56293],[116.38095,29.56261],[116.3791,29.56041],[116.37891,29.55979],[116.37875,29.55893],[116.37851,29.55874],[116.37784,29.55847],[116.37757,29.55777],[116.37731,29.5567],[116.37695,29.55609],[116.37682,29.5551],[116.37622,29.55444],[116.37488,29.55356],[116.37449,29.55323],[116.37448,29.55267],[116.37416,29.55243],[116.37339,29.55235],[116.37224,29.55263],[116.37137,29.55316],[116.37091,29.55408],[116.37074,29.5541],[116.37041,29.55381],[116.36959,29.55353],[116.36861,29.55273],[116.36744,29.55227],[116.36626,29.55141],[116.36587,29.5508],[116.36526,29.55012],[116.36504,29.54896],[116.36461,29.54812],[116.36311,29.54749],[116.36138,29.54682],[116.36066,29.54781],[116.35934,29.54809],[116.35906,29.54746],[116.35903,29.54638],[116.35847,29.54562],[116.35706,29.54458],[116.35602,29.5441],[116.35539,29.54379],[116.3544,29.54395],[116.35386,29.54491],[116.35371,29.5461],[116.35262,29.5463],[116.35225,29.54614],[116.3509,29.54595],[116.35004,29.54652],[116.34953,29.54624],[116.3489,29.54597],[116.34834,29.54564],[116.34829,29.54564],[116.34711,29.54618],[116.34648,29.54604],[116.34595,29.5457],[116.34584,29.54552],[116.34591,29.54451],[116.34579,29.54437],[116.34453,29.54424],[116.34406,29.54422],[116.34314,29.54496],[116.34249,29.54533],[116.3424,29.54672],[116.3422,29.54718],[116.34083,29.54769],[116.3378,29.54351],[116.33762,29.5423],[116.33905,29.54062],[116.34012,29.54041],[116.3401,29.53301],[116.34009,29.53158],[116.34172,29.52964],[116.34285,29.52929],[116.34058,29.52543],[116.34239,29.52123],[116.34257,29.50382],[116.33841,29.49911],[116.33716,29.49996],[116.33205,29.49083]],[[116.39402,29.48495],[116.39536,29.4856],[116.39602,29.48655],[116.39666,29.48779],[116.39679,29.48928],[116.39852,29.48946],[116.39856,29.49237],[116.40089,29.49307],[116.40111,29.49287],[116.40139,29.49293],[116.4014,29.49357],[116.4131,29.49747],[116.41281,29.50015],[116.41636,29.501],[116.41717,29.49849],[116.41406,29.49769],[116.41265,29.49077],[116.41115,29.49101],[116.40959,29.48637],[116.40888,29.48509],[116.40592,29.48332],[116.40581,29.48311],[116.40519,29.48162],[116.4048,29.48161],[116.40441,29.48134],[116.40319,29.48083],[116.40164,29.48074],[116.40145,29.48032],[116.40163,29.4799],[116.40039,29.47941],[116.39988,29.47921],[116.39962,29.47889],[116.3991,29.47873],[116.39834,29.47995],[116.39821,29.48022],[116.39789,29.48087],[116.39743,29.48113],[116.39692,29.48111],[116.39671,29.48147],[116.39741,29.48193],[116.39711,29.48269],[116.39587,29.4827],[116.39575,29.48306],[116.39544,29.48296],[116.39467,29.48451],[116.3943,29.4845],[116.39402,29.48495]]]},"properties":{"name_zh":"蔡岭镇","name_en":"Cailing","osm_relation":5836983,"admin_level":8,"seat_osm_node":3933375567,"seat_lon_wgs84":116.4021849,"seat_lat_wgs84":29.4783107}},{"type":"Feature","id":"osm-relation-5836985","geometry":{"type":"Polygon","coordinates":[[[116.25262,29.43207],[116.25961,29.42191],[116.27168,29.4204],[116.27289,29.41159],[116.27683,29.40846],[116.2892,29.41117],[116.29169,29.40872],[116.29891,29.40821],[116.30591,29.4055],[116.3079,29.40763],[116.31402,29.4056],[116.32091,29.39514],[116.32336,29.39373],[116.32712,29.39511],[116.32981,29.39181],[116.33435,29.39123],[116.33919,29.39348],[116.34208,29.39997],[116.34208,29.40296],[116.34482,29.40612],[116.34909,29.40685],[116.34892,29.41292],[116.35131,29.41626],[116.36029,29.41923],[116.36605,29.41925],[116.36574,29.42405],[116.36492,29.42574],[116.35912,29.42428],[116.36073,29.42926],[116.36195,29.43076],[116.36385,29.43163],[116.36178,29.43526],[116.3631,29.43765],[116.36218,29.45107],[116.35686,29.4584],[116.34609,29.46511],[116.34077,29.47432],[116.33756,29.47576],[116.33205,29.49083],[116.33716,29.49996],[116.33841,29.49911],[116.34257,29.50382],[116.34239,29.52123],[116.34058,29.52543],[116.34285,29.52929],[116.34172,29.52964],[116.34009,29.53158],[116.3401,29.53301],[116.33502,29.53305],[116.3305,29.52288],[116.32653,29.52251],[116.32487,29.52235],[116.32394,29.52666],[116.31872,29.52351],[116.31949,29.52114],[116.31471,29.51943],[116.30337,29.50783],[116.30584,29.50485],[116.30309,29.50027],[116.30619,29.4967],[116.30728,29.49545],[116.31257,29.49244],[116.31826,29.49577],[116.32105,29.48688],[116.31885,29.48309],[116.31992,29.48006],[116.3156,29.47535],[116.30552,29.47916],[116.30037,29.47837],[116.29331,29.48304],[116.2854,29.48827],[116.27827,29.49053],[116.27597,29.49346],[116.27039,29.49355],[116.27256,29.48876],[116.27052,29.48325],[116.26168,29.48218],[116.26113,29.48378],[116.2581,29.48248],[116.25865,29.47353],[116.25473,29.47177],[116.26048,29.46525],[116.25941,29.45635],[116.26174,29.45249],[116.26186,29.45036],[116.26868,29.44434],[116.26256,29.43885],[116.2551,29.43512],[116.25353,29.43538],[116.25262,29.43207]]]},"properties":{"name_zh":"徐埠镇","name_en":"Xubu","osm_relation":5836985,"admin_level":8,"seat_osm_node":3933375561,"seat_lon_wgs84":116.3147782,"seat_lat_wgs84":29.464485}},{"type":"Feature","id":"osm-relation-5836992","geometry":{"type":"Polygon","coordinates":[[[116.14703,29.4397],[116.14709,29.43569],[116.15606,29.43244],[116.15884,29.42721],[116.15774,29.41782],[116.1589,29.4177],[116.15595,29.39411],[116.15358,29.38995],[116.15153,29.37103],[116.16886,29.35397],[116.19598,29.36866],[116.21823,29.38072],[116.21877,29.39555],[116.21989,29.39625],[116.22136,29.41245],[116.24196,29.4314],[116.24697,29.43381],[116.24483,29.43373],[116.24585,29.43797],[116.24009,29.43591],[116.23853,29.43817],[116.23267,29.44377],[116.23017,29.4447],[116.22351,29.45459],[116.21762,29.45369],[116.22105,29.45711],[116.21208,29.46052],[116.2038,29.47108],[116.20001,29.46844],[116.18302,29.46745],[116.17954,29.46332],[116.17859,29.46398],[116.16614,29.46492],[116.16488,29.46398],[116.15593,29.4708],[116.15174,29.45841],[116.15246,29.45566],[116.14892,29.44152],[116.14703,29.4397]]]},"properties":{"name_zh":"左里镇","name_en":"Zuoli","osm_relation":5836992,"admin_level":8,"seat_osm_node":3933375560,"seat_lon_wgs84":116.1980708,"seat_lat_wgs84":29.424453}},{"type":"Feature","id":"osm-relation-5837014","geometry":{"type":"Polygon","coordinates":[[[116.24769,29.25386],[116.25535,29.22881],[116.26998,29.21194],[116.2855,29.19508],[116.28662,29.18915],[116.28549,29.18523],[116.28526,29.18212],[116.28621,29.18099],[116.28692,29.17862],[116.2938,29.16601],[116.30862,29.15296],[116.31025,29.13307],[116.33703,29.18063],[116.33234,29.20811],[116.32292,29.24325],[116.32469,29.2475],[116.32493,29.25822],[116.32112,29.26725],[116.31449,29.26451],[116.31052,29.25681],[116.30452,29.25626],[116.30067,29.26352],[116.29898,29.26534],[116.29894,29.26927],[116.29043,29.267],[116.28873,29.26431],[116.28413,29.26147],[116.28189,29.2634],[116.26764,29.26028],[116.2659,29.25757],[116.26359,29.25625],[116.26266,29.25671],[116.26199,29.25665],[116.25779,29.25374],[116.25737,29.25295],[116.25559,29.25235],[116.25445,29.25148],[116.25302,29.25175],[116.25123,29.25293],[116.24769,29.25386]]]},"properties":{"name_zh":"和合乡","name_en":"Hehe","osm_relation":5837014,"admin_level":8,"seat_osm_node":3933370556,"seat_lon_wgs84":116.2959451,"seat_lat_wgs84":29.23265}},{"type":"Feature","id":"osm-relation-5837015","geometry":{"type":"Polygon","coordinates":[[[116.30607,29.31639],[116.30885,29.30799],[116.31659,29.30777],[116.32288,29.29947],[116.32135,29.29349],[116.32403,29.29185],[116.3263,29.29067],[116.33468,29.2911],[116.3424,29.28786],[116.34584,29.28227],[116.36441,29.28178],[116.37552,29.27193],[116.37654,29.26059],[116.37932,29.25817],[116.38409,29.25892],[116.38834,29.25443],[116.38953,29.25325],[116.39089,29.2639],[116.38965,29.2753],[116.39058,29.27701],[116.39345,29.27793],[116.39424,29.28003],[116.39743,29.2804],[116.40236,29.31655],[116.40093,29.31644],[116.39594,29.32124],[116.38596,29.32393],[116.38223,29.32828],[116.38188,29.33438],[116.37895,29.3341],[116.37585,29.33605],[116.37588,29.33889],[116.36811,29.34733],[116.36247,29.34894],[116.36146,29.35009],[116.35937,29.34805],[116.3606,29.34605],[116.35803,29.34176],[116.35135,29.34113],[116.34821,29.34342],[116.34657,29.33965],[116.34408,29.33891],[116.34324,29.33508],[116.3414,29.33078],[116.33623,29.33065],[116.33487,29.33365],[116.32885,29.3392],[116.31845,29.33399],[116.3085,29.33035],[116.30967,29.3287],[116.30736,29.32677],[116.30819,29.31956],[116.30607,29.31639]]]},"properties":{"name_zh":"阳峰乡","name_en":"Yangfeng","osm_relation":5837015,"admin_level":8,"seat_osm_node":3933375569,"seat_lon_wgs84":116.3800383,"seat_lat_wgs84":29.2906977}},{"type":"Feature","id":"osm-relation-5837017","geometry":{"type":"Polygon","coordinates":[[[116.50577,29.29832],[116.506,29.29712],[116.51165,29.29521],[116.51539,29.28776],[116.5153,29.28497],[116.51803,29.28286],[116.51733,29.2776],[116.52426,29.27543],[116.52226,29.26178],[116.51461,29.25955],[116.52028,29.24637],[116.52286,29.23699],[116.53148,29.21247],[116.53744,29.18815],[116.54673,29.17052],[116.55871,29.17038],[116.58172,29.1873],[116.58795,29.19198],[116.56748,29.24533],[116.55925,29.26026],[116.55426,29.26457],[116.55106,29.2738],[116.54417,29.27992],[116.54239,29.28151],[116.5417,29.28483],[116.53805,29.28805],[116.533,29.28666],[116.53146,29.28796],[116.53217,29.2918],[116.53051,29.29581],[116.52175,29.30785],[116.51976,29.30831],[116.51636,29.31018],[116.51454,29.31469],[116.51395,29.31706],[116.51196,29.31714],[116.50822,29.30848],[116.50646,29.30147],[116.50667,29.30089],[116.50577,29.29832]]]},"properties":{"name_zh":"芗溪乡","name_en":"Xiangxi","osm_relation":5837017,"admin_level":8,"seat_osm_node":3933375565,"seat_lon_wgs84":116.5501631,"seat_lat_wgs84":29.241112}},{"type":"Feature","id":"osm-relation-5837018","geometry":{"type":"Polygon","coordinates":[[[116.44211,29.36211],[116.44578,29.35446],[116.44561,29.33443],[116.44511,29.33083],[116.44608,29.32553],[116.44864,29.3213],[116.44861,29.3202],[116.45487,29.29638],[116.45797,29.29532],[116.46852,29.29189],[116.47194,29.29278],[116.47417,29.29114],[116.48436,29.29292],[116.48882,29.29562],[116.49263,29.29559],[116.49753,29.29379],[116.49941,29.29437],[116.50577,29.29832],[116.50667,29.30089],[116.50646,29.30147],[116.50822,29.30848],[116.51196,29.31714],[116.51395,29.31706],[116.51515,29.32391],[116.51618,29.32614],[116.51568,29.32735],[116.51314,29.33332],[116.5117,29.33728],[116.51075,29.33919],[116.51165,29.34253],[116.50118,29.35825],[116.50237,29.36146],[116.50473,29.36104],[116.50459,29.36194],[116.50226,29.36557],[116.50126,29.36682],[116.50139,29.36377],[116.49884,29.36487],[116.4959,29.3701],[116.48683,29.37591],[116.47952,29.37664],[116.4742,29.37673],[116.47071,29.37812],[116.46414,29.36961],[116.45928,29.36879],[116.45639,29.36361],[116.45291,29.36525],[116.44232,29.36587],[116.44211,29.36211]]]},"properties":{"name_zh":"狮山乡","name_en":"Shishan","osm_relation":5837018,"admin_level":8,"seat_osm_node":3878548241,"seat_lon_wgs84":116.4907566,"seat_lat_wgs84":29.3311922}},{"type":"Feature","id":"osm-relation-5837019","geometry":{"type":"Polygon","coordinates":[[[116.38429,29.4436],[116.38584,29.44015],[116.39099,29.44011],[116.39155,29.43689],[116.39147,29.4338],[116.39924,29.42768],[116.40361,29.42718],[116.40363,29.42605],[116.40148,29.42525],[116.39972,29.42131],[116.40763,29.41766],[116.41427,29.41597],[116.42126,29.4171],[116.42484,29.41331],[116.43232,29.41648],[116.43866,29.41387],[116.4381,29.41055],[116.43663,29.40893],[116.4414,29.40419],[116.44078,29.40163],[116.44649,29.39705],[116.44813,29.39786],[116.45851,29.39908],[116.46439,29.39734],[116.46494,29.39918],[116.46703,29.40074],[116.47141,29.40156],[116.47305,29.40317],[116.47559,29.40481],[116.47847,29.40416],[116.4821,29.40516],[116.49305,29.41457],[116.49643,29.41601],[116.49794,29.41772],[116.50047,29.41745],[116.503,29.41833],[116.50508,29.41888],[116.5068,29.42063],[116.51007,29.42146],[116.51166,29.42274],[116.51327,29.42296],[116.5164,29.42559],[116.51582,29.42646],[116.51541,29.42686],[116.51526,29.42734],[116.51481,29.42822],[116.51479,29.42937],[116.51453,29.43023],[116.51447,29.43076],[116.51412,29.43155],[116.51404,29.43204],[116.51342,29.43277],[116.51307,29.43321],[116.5128,29.43362],[116.51252,29.43429],[116.51243,29.43468],[116.51214,29.43536],[116.51206,29.43573],[116.5122,29.4361],[116.51344,29.43751],[116.51374,29.43797],[116.51427,29.43855],[116.51483,29.43897],[116.51534,29.43915],[116.51534,29.43923],[116.51523,29.43934],[116.51514,29.43945],[116.51555,29.44039],[116.516,29.44074],[116.51627,29.44104],[116.51656,29.44107],[116.51675,29.44115],[116.5172,29.44139],[116.51753,29.44175],[116.51762,29.44214],[116.51759,29.44263],[116.51769,29.44317],[116.51789,29.44375],[116.5178,29.444],[116.51732,29.44457],[116.51698,29.44483],[116.51646,29.44484],[116.51607,29.44513],[116.51599,29.44533],[116.51611,29.4457],[116.51616,29.44628],[116.51659,29.44659],[116.5168,29.44724],[116.51679,29.44742],[116.51662,29.44765],[116.51641,29.44861],[116.51628,29.44912],[116.51628,29.44962],[116.51583,29.45028],[116.5158,29.45054],[116.51612,29.45105],[116.51668,29.45162],[116.51711,29.45182],[116.51758,29.45189],[116.51774,29.45192],[116.51801,29.45212],[116.51802,29.4524],[116.5184,29.45301],[116.51848,29.45313],[116.51861,29.45357],[116.51863,29.45415],[116.51877,29.45455],[116.5196,29.45527],[116.51981,29.45574],[116.51976,29.45605],[116.51949,29.4564],[116.51928,29.45677],[116.51946,29.45712],[116.51946,29.45758],[116.51921,29.45805],[116.51923,29.45829],[116.51931,29.45841],[116.51945,29.45887],[116.51976,29.45941],[116.52031,29.45998],[116.52039,29.46013],[116.52037,29.46029],[116.51997,29.46117],[116.51986,29.4616],[116.51997,29.46243],[116.52015,29.46367],[116.52029,29.46385],[116.51888,29.4652],[116.51877,29.46619],[116.51576,29.46961],[116.5157,29.4703],[116.51448,29.47201],[116.50805,29.47317],[116.50131,29.47844],[116.50312,29.47279],[116.49655,29.46692],[116.4917,29.46195],[116.48747,29.46519],[116.47596,29.45946],[116.47146,29.46247],[116.46783,29.46157],[116.46108,29.46255],[116.46489,29.45893],[116.46117,29.45901],[116.45303,29.44816],[116.43651,29.45215],[116.43806,29.46383],[116.43836,29.46488],[116.43789,29.46605],[116.43897,29.46831],[116.43786,29.46899],[116.43436,29.47194],[116.43142,29.47157],[116.43079,29.47125],[116.42859,29.47213],[116.42956,29.47305],[116.42919,29.47415],[116.42515,29.47511],[116.42497,29.47473],[116.42052,29.47044],[116.4195,29.4668],[116.41868,29.46496],[116.41682,29.46304],[116.40562,29.44861],[116.40384,29.44756],[116.40133,29.44684],[116.39826,29.44731],[116.39658,29.44816],[116.3854,29.44682],[116.38429,29.4436]]]},"properties":{"name_zh":"鸣山乡","name_en":"Mingshan","osm_relation":5837019,"admin_level":8,"seat_osm_node":3878548240,"seat_lon_wgs84":116.4681722,"seat_lat_wgs84":29.4198421}},{"type":"Feature","id":"osm-relation-5837020","geometry":{"type":"Polygon","coordinates":[[[116.2382,29.50668],[116.23965,29.50425],[116.2418,29.50172],[116.24321,29.50066],[116.24309,29.49989],[116.24459,29.49799],[116.24565,29.49768],[116.24842,29.4929],[116.25246,29.49184],[116.25142,29.4893],[116.25689,29.48197],[116.2581,29.48248],[116.26113,29.48378],[116.26168,29.48218],[116.27052,29.48325],[116.27256,29.48876],[116.27039,29.49355],[116.27597,29.49346],[116.27827,29.49053],[116.2854,29.48827],[116.29331,29.48304],[116.29813,29.48878],[116.3011,29.48741],[116.30444,29.4921],[116.30619,29.4967],[116.30309,29.50027],[116.30584,29.50485],[116.30337,29.50783],[116.31471,29.51943],[116.31949,29.52114],[116.31872,29.52351],[116.32394,29.52666],[116.32487,29.52235],[116.32653,29.52251],[116.3305,29.52288],[116.33502,29.53305],[116.3401,29.53301],[116.34012,29.54041],[116.33905,29.54062],[116.33762,29.5423],[116.3378,29.54351],[116.34083,29.54769],[116.3422,29.54718],[116.34263,29.54795],[116.34354,29.54895],[116.3436,29.54945],[116.34341,29.54969],[116.34307,29.5498],[116.34316,29.54994],[116.34344,29.55023],[116.3434,29.55148],[116.34306,29.55216],[116.34226,29.55271],[116.34149,29.55278],[116.34117,29.55321],[116.34135,29.55379],[116.34227,29.55482],[116.34212,29.5551],[116.341,29.55541],[116.34028,29.55589],[116.33988,29.55682],[116.33933,29.55757],[116.33991,29.55795],[116.33995,29.55869],[116.3403,29.55986],[116.34004,29.55993],[116.33951,29.55987],[116.33931,29.56002],[116.33922,29.56098],[116.33906,29.56096],[116.33861,29.56064],[116.33815,29.56063],[116.33779,29.56067],[116.33664,29.55941],[116.33608,29.55938],[116.33562,29.55902],[116.33533,29.55823],[116.33505,29.5583],[116.33489,29.55902],[116.33472,29.55937],[116.33396,29.55878],[116.33315,29.55852],[116.33294,29.55862],[116.3329,29.55914],[116.33237,29.55976],[116.33167,29.55943],[116.3317,29.55892],[116.33067,29.55922],[116.3302,29.55904],[116.32956,29.55918],[116.32884,29.55932],[116.32849,29.55969],[116.32851,29.55988],[116.32941,29.56023],[116.32919,29.56077],[116.32889,29.56087],[116.32864,29.56107],[116.32891,29.56195],[116.32888,29.56237],[116.32931,29.5633],[116.32907,29.56419],[116.32916,29.56478],[116.32896,29.56495],[116.32835,29.56482],[116.32778,29.56498],[116.32743,29.56489],[116.3271,29.56447],[116.32673,29.56408],[116.32638,29.56412],[116.32618,29.56445],[116.3266,29.56499],[116.32664,29.56532],[116.32584,29.566],[116.32433,29.56587],[116.32413,29.56677],[116.32457,29.56806],[116.32483,29.56824],[116.32501,29.5688],[116.32491,29.56916],[116.32531,29.56959],[116.32548,29.57013],[116.32514,29.57052],[116.32562,29.57137],[116.32544,29.57165],[116.32487,29.57174],[116.32405,29.57134],[116.3236,29.5716],[116.32316,29.57153],[116.32297,29.57094],[116.32207,29.57088],[116.321,29.57046],[116.32044,29.56994],[116.31993,29.56974],[116.31923,29.56796],[116.3184,29.56768],[116.3179,29.56783],[116.31762,29.56729],[116.3172,29.567],[116.31689,29.56717],[116.31665,29.56738],[116.31645,29.56715],[116.31518,29.5679],[116.31393,29.56739],[116.31312,29.56731],[116.31274,29.56565],[116.31182,29.56463],[116.31108,29.56449],[116.31051,29.56372],[116.30998,29.56356],[116.30971,29.56055],[116.30949,29.55865],[116.30917,29.55833],[116.30849,29.5571],[116.3085,29.55649],[116.30738,29.5552],[116.30577,29.55428],[116.30576,29.55366],[116.30542,29.55282],[116.30509,29.55267],[116.30431,29.55246],[116.3029,29.55238],[116.3011,29.55266],[116.30063,29.55285],[116.2992,29.55404],[116.29863,29.5546],[116.29843,29.5556],[116.29875,29.55677],[116.29838,29.55734],[116.29801,29.55781],[116.2982,29.55827],[116.29792,29.55869],[116.29801,29.55899],[116.29996,29.55867],[116.30031,29.5588],[116.30063,29.55912],[116.3008,29.55984],[116.30099,29.56012],[116.30095,29.56048],[116.3012,29.56118],[116.30094,29.5616],[116.30079,29.56207],[116.30113,29.56276],[116.30099,29.5632],[116.30114,29.5636],[116.30158,29.56395],[116.30214,29.56407],[116.30222,29.56487],[116.30245,29.5653],[116.30224,29.56642],[116.30245,29.56685],[116.30204,29.56819],[116.30229,29.56935],[116.30319,29.56989],[116.30391,29.57063],[116.30403,29.57116],[116.30444,29.57131],[116.30471,29.57142],[116.30464,29.57173],[116.30502,29.57191],[116.30529,29.57264],[116.30595,29.573],[116.30603,29.57339],[116.30652,29.57461],[116.30654,29.57501],[116.30611,29.57561],[116.30582,29.5758],[116.30565,29.5761],[116.30555,29.57669],[116.30529,29.57735],[116.30533,29.57805],[116.30508,29.57854],[116.30516,29.57914],[116.30444,29.58015],[116.30437,29.58061],[116.30478,29.58084],[116.30438,29.58186],[116.30345,29.58303],[116.30282,29.58387],[116.30257,29.58479],[116.30269,29.58563],[116.30286,29.58571],[116.30363,29.58567],[116.30383,29.58575],[116.30349,29.58638],[116.30305,29.58681],[116.30289,29.58699],[116.30232,29.58713],[116.30191,29.58705],[116.30098,29.58657],[116.30007,29.58656],[116.29964,29.58626],[116.29927,29.5864],[116.29866,29.58636],[116.29813,29.58589],[116.29737,29.58566],[116.29658,29.58548],[116.29572,29.58443],[116.29545,29.58373],[116.29498,29.58396],[116.2946,29.58399],[116.29467,29.58435],[116.29455,29.58455],[116.29357,29.58447],[116.2931,29.58404],[116.29222,29.58453],[116.29153,29.5847],[116.29117,29.58477],[116.28948,29.5847],[116.28888,29.58486],[116.28842,29.58468],[116.28829,29.58334],[116.28812,29.58269],[116.28801,29.58247],[116.28727,29.58237],[116.28686,29.58222],[116.28661,29.58202],[116.28654,29.58251],[116.28603,29.58307],[116.28568,29.58319],[116.28536,29.58325],[116.28509,29.58337],[116.28427,29.58249],[116.28444,29.58201],[116.28443,29.58114],[116.28399,29.58034],[116.28258,29.58002],[116.28234,29.57983],[116.28028,29.57944],[116.27973,29.57946],[116.27883,29.57941],[116.27797,29.57952],[116.2772,29.57974],[116.27661,29.57978],[116.27608,29.57954],[116.2756,29.57931],[116.27569,29.57899],[116.27594,29.57893],[116.27631,29.57915],[116.27666,29.57913],[116.27695,29.57859],[116.27693,29.57813],[116.27706,29.57775],[116.27681,29.57741],[116.27639,29.57684],[116.2762,29.57686],[116.27598,29.57703],[116.27551,29.5769],[116.27522,29.57646],[116.27515,29.57595],[116.27496,29.57582],[116.27488,29.57513],[116.27483,29.57466],[116.27521,29.5739],[116.27523,29.5734],[116.27536,29.57277],[116.27532,29.57224],[116.27541,29.57158],[116.27519,29.57087],[116.27501,29.57029],[116.27517,29.57003],[116.27665,29.56965],[116.27691,29.56933],[116.27702,29.56911],[116.27621,29.56857],[116.27618,29.56788],[116.27653,29.56775],[116.27657,29.56738],[116.27632,29.56662],[116.2765,29.56595],[116.27616,29.5654],[116.27573,29.56541],[116.27488,29.56575],[116.27454,29.56574],[116.27393,29.56545],[116.27373,29.56581],[116.27323,29.56589],[116.27283,29.56578],[116.27238,29.56563],[116.27218,29.56542],[116.27224,29.56493],[116.27194,29.56467],[116.27175,29.56435],[116.27181,29.56394],[116.27198,29.5636],[116.27173,29.56358],[116.27146,29.5637],[116.27125,29.56366],[116.27136,29.56325],[116.27106,29.56298],[116.27104,29.56273],[116.27119,29.56184],[116.27087,29.5617],[116.27066,29.56124],[116.2704,29.56113],[116.2703,29.56115],[116.27008,29.56171],[116.26979,29.56198],[116.26941,29.56169],[116.26956,29.56115],[116.2694,29.55988],[116.27055,29.55826],[116.27058,29.55811],[116.27067,29.55776],[116.27049,29.55729],[116.27064,29.55735],[116.27101,29.55765],[116.27138,29.55828],[116.27172,29.55842],[116.27206,29.55834],[116.2724,29.55794],[116.27259,29.55674],[116.27277,29.55614],[116.27297,29.5556],[116.27311,29.55558],[116.27327,29.55573],[116.27327,29.55605],[116.27334,29.55645],[116.27354,29.55668],[116.27378,29.55651],[116.27373,29.5559],[116.27397,29.55542],[116.27439,29.55501],[116.27584,29.55499],[116.2764,29.55541],[116.27672,29.55551],[116.27753,29.55483],[116.27848,29.55352],[116.27971,29.55262],[116.279,29.55134],[116.27839,29.55095],[116.27709,29.55102],[116.27652,29.55059],[116.27575,29.54904],[116.27591,29.54862],[116.27536,29.54791],[116.27501,29.5473],[116.2751,29.54528],[116.27551,29.54505],[116.27562,29.54407],[116.27474,29.54173],[116.2743,29.54102],[116.27201,29.54031],[116.27115,29.53946],[116.27059,29.53886],[116.27088,29.53866],[116.27109,29.53867],[116.27123,29.5385],[116.27143,29.53774],[116.27224,29.53751],[116.27244,29.53724],[116.2722,29.53652],[116.2724,29.53573],[116.27268,29.53411],[116.27369,29.53414],[116.27473,29.53436],[116.27569,29.53427],[116.27588,29.53411],[116.27632,29.53336],[116.27659,29.53311],[116.27691,29.53261],[116.277,29.5323],[116.27688,29.53205],[116.27627,29.5316],[116.27611,29.53144],[116.27606,29.53111],[116.27556,29.53097],[116.27582,29.53035],[116.27552,29.52959],[116.27563,29.52913],[116.27582,29.52888],[116.27625,29.52859],[116.27632,29.52824],[116.27651,29.52803],[116.27695,29.52799],[116.2769,29.52774],[116.27695,29.5276],[116.27746,29.52739],[116.27784,29.52709],[116.27804,29.52705],[116.27815,29.52718],[116.27829,29.5276],[116.27842,29.52782],[116.27866,29.52801],[116.2789,29.52794],[116.27917,29.52751],[116.27965,29.52728],[116.28026,29.52703],[116.28054,29.52707],[116.2806,29.52718],[116.28034,29.52759],[116.28034,29.52775],[116.28055,29.52791],[116.28119,29.52787],[116.28166,29.52828],[116.28208,29.52853],[116.28303,29.52932],[116.28315,29.52992],[116.28338,29.53012],[116.28369,29.53008],[116.28414,29.5302],[116.28548,29.53026],[116.28628,29.53016],[116.28657,29.53025],[116.28672,29.5304],[116.28671,29.53116],[116.28738,29.53219],[116.28769,29.53235],[116.28791,29.53254],[116.28814,29.5326],[116.28857,29.53263],[116.28912,29.53288],[116.28921,29.53314],[116.28922,29.53342],[116.28923,29.53393],[116.28946,29.53448],[116.28986,29.53491],[116.29016,29.53497],[116.29058,29.53504],[116.2908,29.5349],[116.29121,29.53504],[116.29194,29.53469],[116.29227,29.5348],[116.29246,29.53468],[116.29265,29.53427],[116.29292,29.53415],[116.29287,29.534],[116.29254,29.53384],[116.29248,29.53359],[116.29249,29.53328],[116.29271,29.53303],[116.29271,29.53279],[116.29277,29.53269],[116.29287,29.53258],[116.29314,29.53253],[116.29321,29.5323],[116.29332,29.5322],[116.29355,29.53192],[116.29395,29.53188],[116.2942,29.53202],[116.29429,29.53219],[116.29432,29.53259],[116.29461,29.53243],[116.29485,29.53238],[116.295,29.5322],[116.29526,29.5322],[116.29554,29.53243],[116.29566,29.53255],[116.29584,29.53263],[116.29631,29.53263],[116.29646,29.53271],[116.29658,29.53292],[116.29667,29.53301],[116.297,29.53299],[116.2974,29.53298],[116.29773,29.53246],[116.29754,29.53221],[116.29685,29.53184],[116.29656,29.53152],[116.29645,29.53085],[116.29623,29.53064],[116.2961,29.5299],[116.29582,29.5296],[116.2953,29.52891],[116.29504,29.5285],[116.29504,29.52797],[116.29516,29.52756],[116.29552,29.52717],[116.29588,29.52715],[116.29611,29.52731],[116.29615,29.52756],[116.29626,29.52787],[116.29645,29.52808],[116.29669,29.52808],[116.29693,29.52782],[116.29798,29.5275],[116.29805,29.52731],[116.29783,29.52687],[116.29777,29.52661],[116.29761,29.52646],[116.29721,29.5264],[116.29681,29.52639],[116.29646,29.52645],[116.29626,29.52626],[116.29615,29.52627],[116.29601,29.52632],[116.29595,29.52645],[116.29589,29.52654],[116.2958,29.52656],[116.29565,29.5265],[116.2955,29.52635],[116.29551,29.52617],[116.29554,29.52587],[116.2953,29.52548],[116.2953,29.52529],[116.29544,29.5252],[116.29562,29.52526],[116.29582,29.52535],[116.29608,29.52536],[116.29619,29.52523],[116.29606,29.52481],[116.2958,29.524],[116.29548,29.52394],[116.29537,29.52384],[116.29512,29.5235],[116.29476,29.5231],[116.29458,29.52282],[116.29443,29.52281],[116.29435,29.52288],[116.29425,29.5232],[116.29406,29.52328],[116.29387,29.52322],[116.29357,29.52313],[116.29342,29.52316],[116.2931,29.5234],[116.29271,29.52337],[116.29247,29.5232],[116.29241,29.52298],[116.2925,29.52279],[116.29283,29.52236],[116.29285,29.52217],[116.29268,29.52181],[116.29248,29.52163],[116.29233,29.52143],[116.29218,29.52141],[116.29166,29.52155],[116.29146,29.52186],[116.29147,29.52209],[116.29158,29.52238],[116.29163,29.52271],[116.29137,29.52301],[116.29135,29.52317],[116.29161,29.5238],[116.29159,29.52427],[116.29118,29.5247],[116.29094,29.52476],[116.29041,29.52465],[116.29001,29.52466],[116.28945,29.52428],[116.28906,29.52382],[116.28882,29.52373],[116.28867,29.52316],[116.28919,29.52223],[116.28937,29.52198],[116.28937,29.52192],[116.28931,29.52187],[116.28908,29.5219],[116.28849,29.52199],[116.28752,29.52183],[116.28707,29.52134],[116.28704,29.52082],[116.28719,29.52042],[116.28732,29.51986],[116.28788,29.5194],[116.28803,29.51919],[116.28798,29.5183],[116.28779,29.51803],[116.28743,29.51796],[116.28693,29.51797],[116.28663,29.5179],[116.28649,29.51773],[116.2864,29.51739],[116.28639,29.51578],[116.28653,29.51537],[116.28711,29.51455],[116.28726,29.51412],[116.28736,29.51395],[116.28735,29.51389],[116.28716,29.51399],[116.28695,29.51403],[116.2868,29.51391],[116.28677,29.51365],[116.28711,29.51328],[116.2882,29.51275],[116.28847,29.51254],[116.28856,29.51226],[116.28803,29.51099],[116.28782,29.51021],[116.28799,29.50977],[116.28835,29.50948],[116.28909,29.50848],[116.28943,29.50742],[116.28918,29.50659],[116.28943,29.50564],[116.28933,29.50552],[116.28906,29.50547],[116.28801,29.50576],[116.28758,29.5055],[116.28741,29.50518],[116.28738,29.50498],[116.28749,29.50481],[116.28774,29.50476],[116.28808,29.50505],[116.28849,29.50536],[116.28864,29.50538],[116.28874,29.50534],[116.28873,29.50515],[116.28887,29.50483],[116.28918,29.50458],[116.28942,29.50426],[116.28979,29.50391],[116.29052,29.50368],[116.29079,29.50325],[116.29098,29.50264],[116.29089,29.50114],[116.29098,29.50053],[116.29154,29.50006],[116.29107,29.49944],[116.2909,29.49928],[116.29084,29.49892],[116.29098,29.49883],[116.2913,29.49887],[116.29183,29.49915],[116.29197,29.49907],[116.29162,29.49847],[116.29147,29.49809],[116.29151,29.4976],[116.29182,29.49734],[116.29219,29.49727],[116.29235,29.49715],[116.29239,29.49693],[116.29221,29.49648],[116.29221,29.49618],[116.29235,29.49602],[116.29241,29.49582],[116.29193,29.49513],[116.29184,29.494],[116.29164,29.49323],[116.29153,29.49311],[116.29124,29.49311],[116.29107,29.49291],[116.29094,29.49295],[116.29082,29.49316],[116.29069,29.49336],[116.29064,29.49403],[116.29078,29.49462],[116.29076,29.49512],[116.29093,29.49555],[116.29095,29.49593],[116.29109,29.49613],[116.29103,29.49628],[116.29068,29.49648],[116.2905,29.49647],[116.29027,29.49632],[116.28993,29.49587],[116.28973,29.49588],[116.28928,29.49611],[116.28887,29.49671],[116.2886,29.49739],[116.28835,29.49786],[116.28806,29.49795],[116.28786,29.49774],[116.28775,29.49743],[116.28696,29.49768],[116.28685,29.49823],[116.28649,29.4997],[116.2862,29.49991],[116.28588,29.50074],[116.286,29.50115],[116.28591,29.50119],[116.28571,29.50122],[116.28531,29.50104],[116.28504,29.501],[116.28463,29.5009],[116.28422,29.50098],[116.28406,29.50131],[116.2838,29.50212],[116.28361,29.50249],[116.28355,29.50296],[116.28359,29.50331],[116.2839,29.50386],[116.28447,29.5044],[116.28467,29.50466],[116.28459,29.50496],[116.28421,29.50519],[116.28349,29.50675],[116.28348,29.5071],[116.28379,29.50766],[116.28337,29.50824],[116.28248,29.50901],[116.28239,29.50937],[116.2824,29.50962],[116.28332,29.5106],[116.28332,29.51154],[116.28352,29.51189],[116.28379,29.51203],[116.28439,29.51193],[116.28485,29.51215],[116.28543,29.51214],[116.28609,29.51242],[116.28611,29.51255],[116.28589,29.51382],[116.28618,29.51531],[116.28599,29.51583],[116.2861,29.51645],[116.28615,29.5173],[116.28631,29.51768],[116.28633,29.51787],[116.28589,29.51824],[116.28551,29.51946],[116.28525,29.52004],[116.28498,29.52063],[116.28476,29.52076],[116.28444,29.52074],[116.28431,29.52077],[116.28424,29.52105],[116.28423,29.52158],[116.28427,29.52179],[116.28421,29.52197],[116.28405,29.52208],[116.28379,29.52206],[116.28359,29.52187],[116.2836,29.52175],[116.28379,29.52106],[116.28354,29.52017],[116.28323,29.51989],[116.28277,29.51977],[116.28255,29.51953],[116.28255,29.51929],[116.28277,29.51875],[116.28269,29.51856],[116.28255,29.51854],[116.28236,29.51865],[116.28192,29.51922],[116.28148,29.51948],[116.2815,29.51972],[116.28196,29.52013],[116.28197,29.52041],[116.28169,29.52065],[116.28177,29.521],[116.28196,29.52144],[116.28204,29.52159],[116.28182,29.52184],[116.28186,29.52228],[116.2818,29.5224],[116.28156,29.52238],[116.28137,29.52214],[116.28116,29.52207],[116.28034,29.52232],[116.27988,29.52225],[116.27933,29.52232],[116.27865,29.5222],[116.27843,29.52178],[116.27834,29.52143],[116.27845,29.52102],[116.27786,29.5207],[116.27796,29.52047],[116.27794,29.52029],[116.2778,29.51999],[116.27778,29.51957],[116.27794,29.51946],[116.27819,29.51957],[116.27869,29.52027],[116.27898,29.52034],[116.27919,29.52061],[116.27938,29.52065],[116.2795,29.52051],[116.2796,29.5199],[116.27959,29.51972],[116.2792,29.51963],[116.279,29.51949],[116.27888,29.51935],[116.27889,29.51922],[116.27894,29.51908],[116.27932,29.51906],[116.27955,29.51896],[116.27968,29.51859],[116.27978,29.5179],[116.2802,29.51722],[116.27965,29.51669],[116.27947,29.51586],[116.27887,29.51549],[116.2775,29.51569],[116.27693,29.51557],[116.27688,29.51544],[116.27708,29.51526],[116.27752,29.51475],[116.27754,29.5143],[116.27736,29.51409],[116.27667,29.51406],[116.27657,29.5137],[116.2763,29.51347],[116.27618,29.51286],[116.27618,29.51231],[116.27572,29.51221],[116.27546,29.51207],[116.27487,29.51202],[116.27398,29.51229],[116.2734,29.51197],[116.27293,29.51194],[116.27293,29.51143],[116.27304,29.51129],[116.2729,29.51096],[116.27306,29.5106],[116.27293,29.51026],[116.2726,29.51017],[116.27231,29.5102],[116.27212,29.50979],[116.27221,29.50942],[116.27276,29.50878],[116.27319,29.50815],[116.27316,29.50798],[116.27249,29.50792],[116.27209,29.50784],[116.27199,29.50758],[116.27201,29.50669],[116.27218,29.50619],[116.2722,29.50562],[116.27183,29.50479],[116.2716,29.50473],[116.27135,29.50495],[116.27104,29.50562],[116.27099,29.50627],[116.27082,29.50633],[116.2706,29.5061],[116.2706,29.50564],[116.27052,29.50525],[116.27007,29.50498],[116.26939,29.5047],[116.26908,29.50464],[116.26882,29.50476],[116.2685,29.50547],[116.26809,29.50565],[116.26788,29.50556],[116.26764,29.50465],[116.26742,29.50406],[116.26713,29.50388],[116.26615,29.50435],[116.26531,29.50502],[116.26469,29.50585],[116.26448,29.50669],[116.26461,29.50679],[116.26515,29.50703],[116.26544,29.50731],[116.26544,29.50751],[116.2652,29.50768],[116.26456,29.50757],[116.26364,29.5075],[116.26298,29.50774],[116.26224,29.50837],[116.26177,29.50889],[116.26019,29.50891],[116.25924,29.50865],[116.25833,29.50839],[116.25762,29.50787],[116.25752,29.50722],[116.25726,29.50719],[116.25689,29.50742],[116.25667,29.50779],[116.25587,29.50746],[116.25553,29.50712],[116.25516,29.50705],[116.2545,29.50659],[116.25421,29.50601],[116.2538,29.506],[116.25317,29.50586],[116.25141,29.50592],[116.25096,29.50611],[116.25102,29.5064],[116.25137,29.50688],[116.25193,29.50738],[116.25313,29.50797],[116.25341,29.50797],[116.25362,29.5082],[116.25371,29.50872],[116.25406,29.51054],[116.25327,29.51101],[116.253,29.51132],[116.25273,29.5113],[116.25237,29.51093],[116.25207,29.51087],[116.25174,29.51105],[116.25174,29.51156],[116.25101,29.51145],[116.25044,29.51156],[116.24888,29.51145],[116.24806,29.51173],[116.24725,29.51154],[116.24624,29.5111],[116.24587,29.51102],[116.24536,29.51099],[116.24522,29.51061],[116.24522,29.50995],[116.24571,29.50954],[116.24667,29.5093],[116.24726,29.50865],[116.24794,29.50859],[116.24833,29.50864],[116.24872,29.50883],[116.2491,29.50858],[116.24976,29.50738],[116.24989,29.50684],[116.24989,29.50611],[116.2498,29.5058],[116.24958,29.50557],[116.24859,29.50526],[116.24818,29.50537],[116.24803,29.50569],[116.24791,29.50588],[116.24751,29.5058],[116.24724,29.50588],[116.2466,29.50588],[116.24602,29.50665],[116.24513,29.50709],[116.24085,29.50867],[116.2382,29.50668]]]},"properties":{"name_zh":"春桥乡","name_en":"Chunqiao","osm_relation":5837020,"admin_level":8,"seat_osm_node":3933389438,"seat_lon_wgs84":116.281642,"seat_lat_wgs84":29.540083}},{"type":"Feature","id":"osm-relation-5837023","geometry":{"type":"Polygon","coordinates":[[[116.11492,29.4807],[116.15593,29.4708],[116.16488,29.46398],[116.16614,29.46492],[116.17859,29.46398],[116.17954,29.46332],[116.18302,29.46745],[116.20001,29.46844],[116.2038,29.47108],[116.21208,29.46052],[116.22105,29.45711],[116.21762,29.45369],[116.22351,29.45459],[116.23017,29.4447],[116.23267,29.44377],[116.23853,29.43817],[116.24009,29.43591],[116.24585,29.43797],[116.24483,29.43373],[116.24697,29.43381],[116.25039,29.43588],[116.25353,29.43538],[116.2551,29.43512],[116.26256,29.43885],[116.26868,29.44434],[116.26186,29.45036],[116.26174,29.45249],[116.25941,29.45635],[116.26048,29.46525],[116.25473,29.47177],[116.25865,29.47353],[116.2581,29.48248],[116.25689,29.48197],[116.25142,29.4893],[116.25246,29.49184],[116.24842,29.4929],[116.24565,29.49768],[116.24459,29.49799],[116.24309,29.49989],[116.24321,29.50066],[116.2418,29.50172],[116.23965,29.50425],[116.2382,29.50668],[116.24085,29.50867],[116.24062,29.50875],[116.23908,29.5092],[116.23908,29.50975],[116.23939,29.51049],[116.24032,29.51138],[116.24054,29.51178],[116.24052,29.51208],[116.24009,29.51233],[116.24003,29.51279],[116.24008,29.51387],[116.24146,29.5153],[116.24157,29.51556],[116.24138,29.5163],[116.241,29.51699],[116.24091,29.51726],[116.24119,29.5174],[116.24206,29.51751],[116.24244,29.51717],[116.24273,29.51712],[116.2429,29.51768],[116.24282,29.51804],[116.24234,29.51947],[116.24255,29.52013],[116.24326,29.52101],[116.24341,29.52167],[116.24326,29.52243],[116.24331,29.52383],[116.24318,29.52426],[116.2432,29.52458],[116.24301,29.52479],[116.24238,29.52476],[116.24152,29.52507],[116.24032,29.52507],[116.23979,29.52526],[116.23941,29.52578],[116.23924,29.52685],[116.23903,29.52731],[116.23795,29.52771],[116.23724,29.52822],[116.23631,29.5282],[116.23585,29.5283],[116.23521,29.52855],[116.23474,29.52954],[116.2348,29.5297],[116.23531,29.53024],[116.23548,29.53062],[116.23558,29.53113],[116.2357,29.53123],[116.23584,29.53123],[116.23596,29.53043],[116.23617,29.5303],[116.23636,29.5305],[116.23637,29.53124],[116.23649,29.53144],[116.23683,29.53176],[116.23676,29.53199],[116.23501,29.53264],[116.23389,29.533],[116.23344,29.53318],[116.23294,29.53326],[116.23271,29.53352],[116.23213,29.53359],[116.23156,29.53376],[116.23106,29.53371],[116.23033,29.53368],[116.22997,29.53317],[116.22953,29.53301],[116.22901,29.53311],[116.22863,29.53333],[116.22837,29.53371],[116.22777,29.53383],[116.2271,29.53346],[116.22705,29.5333],[116.22728,29.53295],[116.22715,29.53279],[116.22526,29.53285],[116.22458,29.53317],[116.22408,29.53319],[116.22393,29.53302],[116.22394,29.53257],[116.22363,29.53211],[116.22341,29.53204],[116.22322,29.53212],[116.22302,29.53241],[116.22307,29.53265],[116.22287,29.53342],[116.22201,29.53378],[116.22194,29.534],[116.222,29.53424],[116.22188,29.53431],[116.22101,29.53449],[116.22084,29.53479],[116.2209,29.53614],[116.22075,29.53625],[116.22046,29.53624],[116.21913,29.53555],[116.21892,29.53561],[116.21868,29.53584],[116.21855,29.53663],[116.2189,29.53783],[116.21894,29.53855],[116.21921,29.5389],[116.21913,29.53931],[116.21937,29.53963],[116.21939,29.53985],[116.21928,29.53987],[116.21853,29.53993],[116.21784,29.53841],[116.21776,29.53795],[116.21787,29.53675],[116.21788,29.53581],[116.21761,29.53501],[116.21705,29.53492],[116.21678,29.535],[116.21681,29.53538],[116.21721,29.53637],[116.21699,29.53666],[116.21653,29.5369],[116.21612,29.53646],[116.21574,29.53583],[116.21511,29.53579],[116.21492,29.53569],[116.21467,29.53514],[116.21477,29.53466],[116.21503,29.53412],[116.21509,29.53311],[116.21518,29.53247],[116.21516,29.53209],[116.21478,29.53143],[116.2145,29.53131],[116.2138,29.53136],[116.2134,29.53146],[116.21317,29.53168],[116.21293,29.53175],[116.21252,29.53144],[116.2124,29.53159],[116.21205,29.53244],[116.21154,29.53318],[116.21137,29.53321],[116.2112,29.5329],[116.2113,29.53257],[116.21122,29.53245],[116.21084,29.53246],[116.21026,29.53274],[116.21001,29.53287],[116.20964,29.53281],[116.20931,29.53289],[116.20918,29.53268],[116.2095,29.53241],[116.21009,29.53213],[116.21018,29.53181],[116.20923,29.5307],[116.2092,29.53047],[116.20959,29.53014],[116.20961,29.52984],[116.20847,29.52945],[116.20788,29.52916],[116.20795,29.52854],[116.20869,29.52849],[116.20883,29.52829],[116.20878,29.52811],[116.20817,29.52778],[116.20744,29.52766],[116.20634,29.5274],[116.20654,29.5269],[116.20656,29.52674],[116.20633,29.52636],[116.20607,29.52624],[116.20614,29.52543],[116.20652,29.52509],[116.20652,29.52485],[116.20634,29.52424],[116.20632,29.52397],[116.20635,29.52364],[116.20648,29.52344],[116.20668,29.523],[116.20659,29.52269],[116.20611,29.52244],[116.20593,29.52244],[116.20585,29.52261],[116.20587,29.52277],[116.20578,29.52286],[116.20502,29.52276],[116.20518,29.52219],[116.20526,29.52171],[116.20524,29.52136],[116.20494,29.52126],[116.20437,29.52153],[116.2039,29.5216],[116.20306,29.52108],[116.20282,29.52073],[116.20264,29.51946],[116.20252,29.51934],[116.20171,29.5195],[116.20103,29.51925],[116.20004,29.51974],[116.1993,29.51976],[116.19828,29.52011],[116.19767,29.52015],[116.19714,29.52032],[116.19669,29.52076],[116.19649,29.52104],[116.19631,29.52105],[116.19592,29.52077],[116.1956,29.52078],[116.19525,29.5208],[116.19444,29.52205],[116.1941,29.52225],[116.19349,29.52216],[116.19227,29.5216],[116.19156,29.52104],[116.19086,29.52088],[116.19037,29.52002],[116.18942,29.51917],[116.18875,29.51849],[116.18802,29.51842],[116.1876,29.51824],[116.1871,29.51749],[116.18682,29.51712],[116.18582,29.51709],[116.18513,29.5173],[116.18411,29.51746],[116.18332,29.51723],[116.18272,29.51671],[116.18239,29.51612],[116.18099,29.51529],[116.18005,29.51621],[116.17979,29.51619],[116.17883,29.51515],[116.17883,29.51462],[116.17835,29.51369],[116.17793,29.51359],[116.17731,29.51251],[116.17744,29.51148],[116.17729,29.51118],[116.17722,29.51095],[116.17709,29.5108],[116.17647,29.51069],[116.17633,29.51023],[116.17588,29.50945],[116.17526,29.50889],[116.17264,29.50889],[116.17209,29.50922],[116.17198,29.50976],[116.17096,29.51118],[116.17027,29.51144],[116.17019,29.51173],[116.17027,29.51195],[116.17025,29.5126],[116.17057,29.51307],[116.17075,29.51378],[116.1706,29.51424],[116.17111,29.51468],[116.17184,29.51519],[116.17201,29.51552],[116.17233,29.51589],[116.17267,29.51595],[116.17314,29.51595],[116.17336,29.51578],[116.17331,29.51492],[116.17378,29.51411],[116.17407,29.51388],[116.17429,29.51393],[116.17451,29.51414],[116.17495,29.5147],[116.17527,29.5147],[116.17559,29.5147],[116.17593,29.51496],[116.1759,29.51519],[116.17572,29.51535],[116.17535,29.51542],[116.17495,29.51532],[116.17476,29.51545],[116.17506,29.51588],[116.17513,29.51634],[116.17557,29.5164],[116.17583,29.516],[116.17675,29.51582],[116.17689,29.51595],[116.17697,29.51639],[116.17737,29.51711],[116.17744,29.51747],[116.17739,29.51775],[116.17711,29.5182],[116.17682,29.5182],[116.17612,29.51793],[116.17575,29.51807],[116.1754,29.51827],[116.17524,29.51847],[116.17392,29.51756],[116.17361,29.51756],[116.17312,29.51765],[116.17265,29.51706],[116.17219,29.51695],[116.17169,29.51697],[116.17099,29.51714],[116.17047,29.51712],[116.17028,29.51718],[116.16934,29.51846],[116.16897,29.51861],[116.16765,29.51921],[116.16765,29.51945],[116.16722,29.51984],[116.16706,29.52069],[116.1666,29.52079],[116.16525,29.52145],[116.16503,29.52132],[116.16505,29.52108],[116.1649,29.52104],[116.16466,29.5214],[116.16434,29.52169],[116.16409,29.52158],[116.16389,29.52126],[116.16358,29.52097],[116.16358,29.52023],[116.16348,29.5196],[116.16331,29.51941],[116.16295,29.51936],[116.16219,29.51955],[116.16189,29.51924],[116.15951,29.52082],[116.15895,29.52134],[116.15882,29.52195],[116.15877,29.52229],[116.15868,29.52256],[116.15862,29.5229],[116.15876,29.52309],[116.15901,29.52323],[116.15911,29.52367],[116.15886,29.52496],[116.15829,29.52588],[116.15829,29.5261],[116.15853,29.5264],[116.15863,29.52675],[116.15863,29.52712],[116.15831,29.52752],[116.15781,29.52846],[116.15724,29.52896],[116.15661,29.52927],[116.15644,29.52924],[116.15633,29.52902],[116.15601,29.52879],[116.15598,29.52856],[116.15592,29.52835],[116.15566,29.52832],[116.1555,29.52848],[116.15533,29.52899],[116.15496,29.52895],[116.15484,29.5293],[116.15432,29.52946],[116.15401,29.52921],[116.15401,29.52871],[116.15423,29.52815],[116.15458,29.52729],[116.15468,29.52619],[116.15393,29.52455],[116.15324,29.52303],[116.15177,29.52055],[116.15151,29.52013],[116.15114,29.51971],[116.15093,29.51955],[116.15065,29.51947],[116.14948,29.51971],[116.14919,29.51989],[116.14905,29.52009],[116.14889,29.52072],[116.14868,29.52096],[116.14707,29.52144],[116.14501,29.52191],[116.14466,29.52205],[116.1445,29.52228],[116.1444,29.52342],[116.14436,29.52359],[116.14417,29.52375],[116.144,29.5238],[116.14369,29.52386],[116.14245,29.52386],[116.1422,29.52394],[116.14169,29.52444],[116.14105,29.52494],[116.14075,29.52577],[116.1406,29.52593],[116.14018,29.52614],[116.14005,29.52668],[116.14003,29.52769],[116.13989,29.52803],[116.13963,29.52816],[116.13929,29.52808],[116.13893,29.52797],[116.13871,29.52797],[116.13838,29.52774],[116.13811,29.52742],[116.13811,29.52723],[116.13799,29.52715],[116.13755,29.52708],[116.13577,29.52704],[116.1353,29.52704],[116.13471,29.52714],[116.13445,29.52725],[116.13402,29.52745],[116.13355,29.52775],[116.13324,29.52809],[116.13293,29.52853],[116.13309,29.52815],[116.13324,29.52782],[116.13368,29.527],[116.13406,29.52634],[116.13453,29.52555],[116.1352,29.52453],[116.13597,29.5234],[116.13649,29.52267],[116.13693,29.52196],[116.13716,29.52143],[116.13731,29.52061],[116.13731,29.5198],[116.13718,29.51875],[116.13655,29.51559],[116.13578,29.51321],[116.1352,29.51169],[116.13439,29.50963],[116.13352,29.50724],[116.13285,29.50576],[116.13213,29.50427],[116.13108,29.50216],[116.13032,29.50053],[116.12991,29.49961],[116.12947,29.49826],[116.12895,29.49644],[116.12849,29.49539],[116.12792,29.49423],[116.12721,29.49301],[116.12648,29.49182],[116.12549,29.49056],[116.12491,29.48992],[116.12325,29.48836],[116.12258,29.48754],[116.12192,29.48678],[116.12119,29.48598],[116.12053,29.48531],[116.1198,29.4846],[116.11911,29.48378],[116.11874,29.48338],[116.11821,29.48305],[116.11747,29.48241],[116.11684,29.48201],[116.11616,29.48158],[116.11492,29.4807]],[[116.20103,29.50108],[116.20103,29.50475],[116.2021,29.50835],[116.20525,29.51091],[116.2099,29.5121],[116.21247,29.51265],[116.21587,29.51307],[116.21682,29.51363],[116.21889,29.51274],[116.21736,29.5108],[116.21548,29.50714],[116.21426,29.50679],[116.21234,29.50537],[116.21038,29.50456],[116.20824,29.50471],[116.20736,29.50632],[116.20854,29.50652],[116.21022,29.50719],[116.21157,29.50852],[116.21183,29.50944],[116.20817,29.50977],[116.20356,29.50777],[116.20218,29.50531],[116.20324,29.50177],[116.20533,29.50022],[116.2068,29.49979],[116.20975,29.4965],[116.20904,29.49497],[116.20881,29.49364],[116.20604,29.49384],[116.20309,29.49535],[116.20164,29.49747],[116.20103,29.50108]]]},"properties":{"name_zh":"苏山乡","name_en":"Sushan","osm_relation":5837023,"admin_level":8,"seat_osm_node":3933375566,"seat_lon_wgs84":116.2081587,"seat_lat_wgs84":29.5000604}},{"type":"Feature","id":"osm-relation-5837027","geometry":{"type":"Polygon","coordinates":[[[116.02658,29.41347],[116.0266,29.41231],[116.02667,29.41101],[116.02699,29.40854],[116.02704,29.40778],[116.02708,29.40476],[116.02707,29.40315],[116.02697,29.40154],[116.02698,29.40067],[116.0271,29.39906],[116.02719,29.39784],[116.02736,29.39707],[116.02782,29.39583],[116.02879,29.39392],[116.02992,29.39166],[116.0319,29.38799],[116.03294,29.38655],[116.034,29.38532],[116.03592,29.38374],[116.03794,29.38216],[116.04049,29.38042],[116.04247,29.37931],[116.04476,29.37805],[116.04742,29.37648],[116.05722,29.37976],[116.07817,29.36763],[116.07808,29.36677],[116.0823,29.36425],[116.08674,29.3645],[116.08983,29.36663],[116.09365,29.36572],[116.09414,29.36377],[116.1091,29.36494],[116.11028,29.36241],[116.1153,29.36141],[116.11805,29.36285],[116.12352,29.3611],[116.12738,29.36237],[116.13004,29.36496],[116.14237,29.36915],[116.15115,29.36798],[116.15153,29.37103],[116.15358,29.38995],[116.15595,29.39411],[116.1589,29.4177],[116.15774,29.41782],[116.15884,29.42721],[116.15606,29.43244],[116.14709,29.43569],[116.14703,29.4397],[116.14892,29.44152],[116.15246,29.45566],[116.15174,29.45841],[116.15593,29.4708],[116.11492,29.4807],[116.11388,29.48001],[116.11232,29.47895],[116.11123,29.47824],[116.11034,29.47772],[116.10997,29.47752],[116.10836,29.47663],[116.10776,29.47632],[116.10712,29.47601],[116.10576,29.47544],[116.10504,29.47512],[116.10425,29.47465],[116.1033,29.47404],[116.10272,29.47374],[116.1016,29.47326],[116.10019,29.47275],[116.09902,29.47199],[116.09728,29.47091],[116.09654,29.47034],[116.09573,29.46959],[116.09544,29.46935],[116.09466,29.46892],[116.09342,29.46773],[116.0929,29.46726],[116.09204,29.46621],[116.09125,29.46522],[116.09075,29.46446],[116.08969,29.46328],[116.08886,29.46206],[116.08744,29.46019],[116.08601,29.45846],[116.08439,29.45653],[116.08371,29.45586],[116.08276,29.45495],[116.08202,29.45442],[116.08083,29.45381],[116.07932,29.45316],[116.07327,29.45071],[116.06135,29.44724],[116.05869,29.44633],[116.05339,29.4445],[116.04561,29.44032],[116.04213,29.43747],[116.03984,29.43489],[116.03642,29.43031],[116.03435,29.42829],[116.0335,29.42733],[116.0323,29.42582],[116.03061,29.42396],[116.02954,29.42249],[116.02935,29.42223],[116.028,29.42011],[116.02759,29.41924],[116.02726,29.41829],[116.02708,29.41712],[116.02676,29.41493],[116.02658,29.41347]]]},"properties":{"name_zh":"多宝乡","name_en":"Duobao","osm_relation":5837027,"admin_level":8,"seat_osm_node":3933375557,"seat_lon_wgs84":116.1271012,"seat_lat_wgs84":29.403765}},{"type":"Feature","id":"osm-relation-5837030","geometry":{"type":"Polygon","coordinates":[[[116.19598,29.36866],[116.20354,29.35069],[116.20303,29.34094],[116.20613,29.3319],[116.20327,29.32987],[116.20234,29.3271],[116.20492,29.3239],[116.20378,29.31991],[116.20934,29.31095],[116.22103,29.30834],[116.2206,29.30441],[116.22282,29.29809],[116.22306,29.29742],[116.24252,29.2962],[116.24199,29.30029],[116.25227,29.30338],[116.25816,29.30896],[116.26531,29.30769],[116.27251,29.30932],[116.27427,29.31098],[116.27611,29.30869],[116.27734,29.31147],[116.2867,29.3129],[116.28826,29.31811],[116.28516,29.32352],[116.29284,29.32469],[116.29848,29.32259],[116.3043,29.32589],[116.30736,29.32677],[116.30967,29.3287],[116.3085,29.33035],[116.31845,29.33399],[116.32885,29.3392],[116.32987,29.34277],[116.32831,29.34882],[116.32797,29.35227],[116.33036,29.36268],[116.32661,29.37148],[116.32575,29.37197],[116.32778,29.38007],[116.33159,29.38303],[116.33318,29.38684],[116.33435,29.39123],[116.32981,29.39181],[116.32712,29.39511],[116.32336,29.39373],[116.32091,29.39514],[116.31402,29.4056],[116.3079,29.40763],[116.30591,29.4055],[116.29891,29.40821],[116.29169,29.40872],[116.2892,29.41117],[116.27683,29.40846],[116.27289,29.41159],[116.27168,29.4204],[116.25961,29.42191],[116.25262,29.43207],[116.25353,29.43538],[116.25039,29.43588],[116.24697,29.43381],[116.24196,29.4314],[116.22136,29.41245],[116.21989,29.39625],[116.21877,29.39555],[116.21823,29.38072],[116.19598,29.36866]]]},"properties":{"name_zh":"汪墩乡","name_en":"Wangdun","osm_relation":5837030,"admin_level":8,"seat_osm_node":5428706697,"seat_lon_wgs84":116.2623346,"seat_lat_wgs84":29.3334939}},{"type":"Feature","id":"osm-relation-5837016","geometry":{"type":"Polygon","coordinates":[[[116.40804,29.2102],[116.40822,29.20427],[116.41034,29.1908],[116.41224,29.18759],[116.41212,29.18669],[116.44925,29.13079],[116.46804,29.15847],[116.54285,29.15876],[116.54493,29.16025],[116.55871,29.17038],[116.54673,29.17052],[116.48644,29.16941],[116.46749,29.25377],[116.46156,29.25376],[116.45654,29.25408],[116.45238,29.25485],[116.44883,29.25613],[116.43814,29.25894],[116.42407,29.25805],[116.41441,29.24986],[116.41695,29.24287],[116.41775,29.24057],[116.41756,29.23971],[116.41876,29.23695],[116.41959,29.23636],[116.4205,29.23208],[116.42047,29.23146],[116.42038,29.22999],[116.42028,29.22823],[116.4209,29.22731],[116.42147,29.21653],[116.42105,29.21364],[116.41306,29.21611],[116.41204,29.21266],[116.40804,29.2102]]]},"properties":{"name_zh":"西源乡","name_en":"Xiyuan","osm_relation":5837016,"admin_level":8,"seat_osm_node":3933375568,"seat_lon_wgs84":116.423725,"seat_lat_wgs84":29.2158119}},{"type":"Feature","id":"osm-relation-5837041","geometry":{"type":"Polygon","coordinates":[[[116.04093,29.3066],[116.04719,29.30632],[116.13008,29.30199],[116.13797,29.29721],[116.141,29.29361],[116.1438,29.29361],[116.14566,29.27579],[116.14676,29.27477],[116.15441,29.27487],[116.15547,29.27409],[116.15606,29.27207],[116.15779,29.27126],[116.16178,29.27067],[116.1659,29.26945],[116.17455,29.26826],[116.17685,29.26799],[116.18041,29.26829],[116.18223,29.2696],[116.1827,29.27298],[116.1849,29.27945],[116.18486,29.28273],[116.18865,29.28268],[116.18868,29.28249],[116.19088,29.28238],[116.20459,29.2823],[116.20742,29.28309],[116.20728,29.28353],[116.20641,29.2833],[116.20639,29.28413],[116.20541,29.28416],[116.20504,29.28581],[116.20444,29.2866],[116.20429,29.28714],[116.19906,29.28689],[116.19958,29.28835],[116.20017,29.28875],[116.20075,29.28912],[116.20292,29.28929],[116.20303,29.28978],[116.20281,29.29094],[116.20236,29.29093],[116.20178,29.29124],[116.20082,29.29126],[116.20055,29.29272],[116.20347,29.29299],[116.20325,29.29373],[116.20471,29.294],[116.20463,29.29444],[116.20483,29.29494],[116.20542,29.29576],[116.20556,29.29628],[116.20422,29.29675],[116.20294,29.29946],[116.20238,29.30057],[116.20264,29.30147],[116.20249,29.30349],[116.2048,29.30379],[116.20474,29.30498],[116.20594,29.30509],[116.20833,29.30429],[116.20835,29.30265],[116.20996,29.30261],[116.20995,29.30158],[116.20916,29.30064],[116.20838,29.30064],[116.20837,29.29674],[116.20903,29.29482],[116.20904,29.29396],[116.20947,29.29396],[116.2096,29.2925],[116.21143,29.29192],[116.21336,29.2938],[116.21807,29.29379],[116.21624,29.29185],[116.21649,29.29171],[116.22282,29.29809],[116.2206,29.30441],[116.22103,29.30834],[116.20934,29.31095],[116.20378,29.31991],[116.20492,29.3239],[116.20234,29.3271],[116.20327,29.32987],[116.20613,29.3319],[116.20303,29.34094],[116.20354,29.35069],[116.19598,29.36866],[116.16886,29.35397],[116.15153,29.37103],[116.15115,29.36798],[116.14237,29.36915],[116.13004,29.36496],[116.12738,29.36237],[116.12352,29.3611],[116.11805,29.36285],[116.1153,29.36141],[116.11028,29.36241],[116.1091,29.36494],[116.09414,29.36377],[116.09365,29.36572],[116.08983,29.36663],[116.08674,29.3645],[116.0823,29.36425],[116.07808,29.36677],[116.07817,29.36763],[116.05722,29.37976],[116.04742,29.37648],[116.04802,29.37612],[116.04937,29.37535],[116.05117,29.37404],[116.05454,29.37138],[116.05499,29.37102],[116.05758,29.36896],[116.06069,29.36629],[116.06161,29.36548],[116.06224,29.36473],[116.06333,29.36272],[116.06442,29.36136],[116.06487,29.36044],[116.06546,29.35828],[116.06581,29.35705],[116.06597,29.35532],[116.06641,29.35165],[116.06654,29.35002],[116.06651,29.34858],[116.06588,29.34556],[116.06481,29.34087],[116.06441,29.33941],[116.06378,29.33775],[116.06224,29.33437],[116.06161,29.33343],[116.06018,29.32992],[116.05795,29.32498],[116.05654,29.32226],[116.05601,29.32126],[116.055,29.31973],[116.05232,29.31661],[116.04972,29.31371],[116.04905,29.31281],[116.04798,29.31158],[116.04709,29.31074],[116.0465,29.3102],[116.04576,29.30959],[116.04407,29.30852],[116.04232,29.30736],[116.04093,29.3066]]]},"properties":{"name_zh":"北山乡","name_en":"Beishan","osm_relation":5837041,"admin_level":8,"seat_osm_node":3933370552,"seat_lon_wgs84":116.1905569,"seat_lat_wgs84":29.291455}},{"type":"Feature","id":"osm-relation-5837044","geometry":{"type":"Polygon","coordinates":[[[116.21488,29.29018],[116.21803,29.28651],[116.21572,29.28304],[116.21735,29.277],[116.21908,29.27617],[116.22234,29.25913],[116.21952,29.25595],[116.22545,29.25031],[116.25535,29.22881],[116.24769,29.25386],[116.25123,29.25293],[116.25302,29.25175],[116.25445,29.25148],[116.25559,29.25235],[116.25737,29.25295],[116.25779,29.25374],[116.26199,29.25665],[116.26266,29.25671],[116.26359,29.25625],[116.2659,29.25757],[116.26764,29.26028],[116.28189,29.2634],[116.28413,29.26147],[116.28873,29.26431],[116.29043,29.267],[116.29894,29.26927],[116.29753,29.27129],[116.30361,29.28078],[116.31817,29.28474],[116.32403,29.29185],[116.32135,29.29349],[116.32288,29.29947],[116.31659,29.30777],[116.30885,29.30799],[116.30607,29.31639],[116.30819,29.31956],[116.30736,29.32677],[116.3043,29.32589],[116.29848,29.32259],[116.29284,29.32469],[116.28516,29.32352],[116.28826,29.31811],[116.2867,29.3129],[116.27734,29.31147],[116.27611,29.30869],[116.27427,29.31098],[116.27251,29.30932],[116.26531,29.30769],[116.25816,29.30896],[116.25227,29.30338],[116.24199,29.30029],[116.24252,29.2962],[116.22306,29.29742],[116.22282,29.29809],[116.21649,29.29171],[116.21488,29.29018]]]},"properties":{"name_zh":"大树乡","name_en":"Dashu","osm_relation":5837044,"admin_level":8,"seat_osm_node":3933375558,"seat_lon_wgs84":116.263705,"seat_lat_wgs84":29.279065}}]}