{
  "feature_cols": [
    "年龄数值",
    "性别编码",
    "月份",
    "季节",
    "年龄段",
    "星期",
    "小时",
    "tmean",
    "tmin",
    "tmax",
    "feels_like",
    "humidity",
    "wind_speed",
    "precipitation",
    "sunshine_hours"
  ],
  "classes": [
    "上呼吸道疾病",
    "下肢皮肤感染",
    "急性支气管炎",
    "慢性胃炎",
    "慢性胃窦炎",
    "支气管炎",
    "泌尿系结石",
    "泌尿系统疾患",
    "痛风石",
    "肺气肿",
    "胃肠炎",
    "阻塞性肺气肿",
    "高血压"
  ],
  "model_name": "RandomForest",
  "accuracy": 0.6526806526806527,
  "f1_score": 0.6417731832945053,
  "model_type": "multiclass",
  "description": "多分类疾病预测模型，包含天气因素",
  "weather_features": [
    "tmean",
    "tmin",
    "tmax",
    "feels_like",
    "humidity",
    "wind_speed",
    "precipitation",
    "sunshine_hours"
  ],
  "feature_importance": {
    "年龄数值": 0.15522227371715672,
    "tmin": 0.08315299513903796,
    "月份": 0.08034023806590024,
    "tmean": 0.07904364397816106,
    "feels_like": 0.07165194483387437,
    "humidity": 0.06978899911734655,
    "tmax": 0.06757717785654475,
    "小时": 0.06590050432830957,
    "sunshine_hours": 0.057136339036186125,
    "年龄段": 0.05195884727038575,
    "性别编码": 0.050529391539950834,
    "wind_speed": 0.04995779238913831,
    "季节": 0.04810235190193353,
    "precipitation": 0.036270273052783,
    "星期": 0.03336722777329134
  }
}